Date,LIBOR,Ln Changes
12/30/99,6.5,
1/4/00,6.6,0.015267472
1/5/00,6.57,-0.004555817
1/6/00,6.58,0.001520913
1/7/00,6.58,0
1/10/00,6.57,-0.001520913
1/11/00,6.59,0.003039516
1/12/00,6.62,0.004542021
1/13/00,6.65,0.004521485
1/14/00,6.65,0
1/17/00,6.64,-0.001504891
1/18/00,6.64,0
1/19/00,6.65,0.001504891
1/20/00,6.65,0
1/21/00,6.65,0
1/24/00,6.65,0
1/25/00,6.63,-0.00301205
1/26/00,6.63,0
1/27/00,6.64,0.001507159
1/28/00,6.65,0.001504891
1/31/00,6.75,0.01492565
2/1/00,6.78,0.004434597
2/2/00,6.79,0.00147384
2/3/00,6.81,0.002941179
2/4/00,6.78,-0.004415018
2/7/00,6.82,0.00588237
2/8/00,6.82,0
2/9/00,6.8,-0.00293686
2/10/00,6.8,0
2/11/00,6.8,0
2/14/00,6.79,-0.001471671
2/15/00,6.78,-0.00147384
2/16/00,6.8,0.00294551
2/17/00,6.8,0
2/18/00,6.86,0.00878483
2/21/00,6.85,-0.001458789
2/22/00,6.85,0
2/23/00,6.84,-0.001460921
2/24/00,6.84,0
2/25/00,6.8,-0.005865119
2/28/00,6.75,-0.007380107
2/29/00,6.76,0.001480385
3/1/00,6.76,0
3/2/00,6.77,0.001478197
3/3/00,6.76,-0.001478197
3/6/00,6.76,0
3/7/00,6.77,0.001478197
3/8/00,6.76,-0.001478197
3/9/00,6.77,0.001478197
3/10/00,6.77,0
3/13/00,6.78,0.001476015
3/14/00,6.79,0.00147384
3/15/00,6.8,0.001471671
3/16/00,6.82,0.00293686
3/17/00,6.83,0.001465202
3/20/00,6.83,0
3/21/00,6.85,0.002923979
3/22/00,6.85,0
3/23/00,6.84,-0.001460921
3/24/00,6.87,0.004376375
3/27/00,6.94,0.010137668
3/28/00,6.96,0.0028777
3/29/00,6.96,0
3/30/00,6.97,0.00143575
3/31/00,6.94,-0.00431345
4/3/00,6.95,0.001439885
4/4/00,6.94,-0.001439885
4/5/00,6.86,-0.011594333
4/6/00,6.87,0.001456664
4/7/00,6.88,0.001454546
4/10/00,6.87,-0.001454546
4/11/00,6.84,-0.004376375
4/12/00,6.86,0.00291971
4/13/00,6.86,0
4/14/00,6.86,0
4/17/00,6.82,-0.00584797
4/18/00,6.83,0.001465202
4/19/00,6.84,0.001463058
4/20/00,6.84,0
4/25/00,6.86,0.00291971
4/26/00,6.95,0.013034218
4/27/00,6.96,0.001437815
4/28/00,7.1,0.01991531
5/2/00,7.16,0.008415197
5/3/00,7.2,0.005571045
5/4/00,7.26,0.008298803
5/5/00,7.27,0.001376463
5/8/00,7.33,0.008219224
5/9/00,7.35,0.002724797
5/10/00,7.34,-0.001361471
5/11/00,7.33,-0.001363327
5/12/00,7.35,0.002724797
5/15/00,7.41,0.008130126
5/16/00,7.41,0
5/17/00,7.46,0.006724975
5/18/00,7.49,0.004013383
5/19/00,7.49,0
5/22/00,7.45,-0.005354765
5/23/00,7.45,0
5/24/00,7.43,-0.002688174
5/25/00,7.47,0.00536914
5/26/00,7.45,-0.002680967
5/30/00,7.45,0
5/31/00,7.5,0.006688988
6/1/00,7.48,-0.002670229
6/2/00,7.42,-0.008053735
6/5/00,7.27,-0.020422766
6/6/00,7.25,-0.002754823
6/7/00,7.26,0.00137836
6/8/00,7.26,0
6/9/00,7.29,0.004123717
6/12/00,7.29,0
6/13/00,7.27,-0.002747254
6/14/00,7.23,-0.005517255
6/15/00,7.19,-0.005547864
6/16/00,7.19,0
6/19/00,7.14,-0.006978395
6/20/00,7.15,0.00139958
6/21/00,7.19,0.005578815
6/22/00,7.22,0.004163781
6/23/00,7.22,0
6/26/00,7.23,0.001384083
6/27/00,7.23,0
6/28/00,7.23,0
6/29/00,7.21,-0.002770085
6/30/00,7.18,-0.004169568
7/3/00,7.19,0.001391789
7/4/00,7.13,-0.008379937
7/5/00,7.11,-0.002808991
7/6/00,7.08,-0.004228336
7/7/00,7.1,0.002820876
7/10/00,7.04,-0.008486614
7/11/00,7.06,0.002836881
7/12/00,7.07,0.001415428
7/13/00,7.08,0.001413428
7/14/00,7.06,-0.002828856
7/17/00,7.12,0.008462674
7/18/00,7.14,0.002805051
7/19/00,7.15,0.00139958
7/20/00,7.15,0
7/21/00,7.06,-0.012667305
7/24/00,7.05,-0.001417435
7/25/00,7.06,0.001417435
7/26/00,7.06,0
7/27/00,7.05,-0.001417435
7/28/00,7.04,-0.001419447
7/31/00,7.08,0.005665738
8/1/00,7.09,0.001411433
8/2/00,7.07,-0.002824861
8/3/00,7.04,-0.00425231
8/4/00,7.03,-0.001421464
8/7/00,6.97,-0.008571481
8/8/00,6.97,0
8/9/00,6.95,-0.002873565
8/10/00,6.94,-0.001439885
8/11/00,6.93,-0.001441961
8/14/00,6.97,0.005755412
8/15/00,6.97,0
8/16/00,6.97,0
8/17/00,6.99,0.002865331
8/18/00,6.99,0
8/21/00,6.97,-0.002865331
8/22/00,6.97,0
8/23/00,6.98,0.001433692
8/24/00,6.95,-0.004307257
8/25/00,6.95,0
8/29/00,6.96,0.001437815
8/30/00,6.98,0.002869442
8/31/00,6.97,-0.001433692
9/1/00,6.92,-0.007199455
9/4/00,6.85,-0.010167117
9/5/00,6.86,0.001458789
9/6/00,6.86,0
9/7/00,6.89,0.004363643
9/8/00,6.88,-0.001452433
9/11/00,6.88,0
9/12/00,6.88,0
9/13/00,6.87,-0.001454546
9/14/00,6.85,-0.002915454
9/15/00,6.84,-0.001460921
9/18/00,6.82,-0.00292826
9/19/00,6.78,-0.00588237
9/20/00,6.81,0.004415018
9/21/00,6.82,0.001467352
9/22/00,6.77,-0.007358385
9/25/00,6.8,0.004421525
9/26/00,6.8,0
9/27/00,6.81,0.001469508
9/28/00,6.81,0
9/29/00,6.8,-0.001469508
10/2/00,6.77,-0.004421525
10/3/00,6.77,0
10/4/00,6.79,0.002949855
10/5/00,6.8,0.001471671
10/6/00,6.8,0
10/9/00,6.8,0
10/10/00,6.8,0
10/11/00,6.79,-0.001471671
10/12/00,6.79,0
10/13/00,6.7,-0.013343415
10/16/00,6.72,0.002980628
10/17/00,6.72,0
10/18/00,6.69,-0.00447428
10/19/00,6.69,0
10/20/00,6.7,0.001493652
10/23/00,6.69,-0.001493652
10/24/00,6.68,-0.001495887
10/25/00,6.68,0
10/26/00,6.7,0.002989539
10/27/00,6.7,0
10/30/00,6.73,0.004467617
10/31/00,6.73,0
11/1/00,6.71,-0.002976193
11/2/00,6.69,-0.002985077
11/3/00,6.69,0
11/6/00,6.72,0.00447428
11/7/00,6.73,0.001486989
11/8/00,6.75,0.002967361
11/9/00,6.73,-0.002967361
11/10/00,6.71,-0.002976193
11/13/00,6.68,-0.004480963
11/14/00,6.68,0
11/15/00,6.69,0.001495887
11/16/00,6.68,-0.001495887
11/17/00,6.67,-0.001498128
11/20/00,6.67,0
11/21/00,6.67,0
11/22/00,6.67,0
11/23/00,6.66,-0.001500375
11/24/00,6.67,0.001500375
11/27/00,6.68,0.001498128
11/28/00,6.67,-0.001498128
11/29/00,6.62,-0.00752449
11/30/00,6.56,-0.009104767
12/1/00,6.52,-0.006116227
12/4/00,6.52,0
12/5/00,6.49,-0.004611845
12/6/00,6.37,-0.018663061
12/7/00,6.32,-0.007880261
12/8/00,6.31,-0.001583532
12/11/00,6.35,0.006319136
12/12/00,6.35,0
12/13/00,6.35,0
12/14/00,6.26,-0.014274628
12/15/00,6.25,-0.001598721
12/18/00,6.18,-0.011263192
12/19/00,6.15,-0.00486619
12/20/00,6.12,-0.004889985
12/21/00,6.03,-0.014815086
12/22/00,6,-0.004987542
12/27/00,5.95,-0.00836825
12/28/00,6,0.00836825
12/29/00,6,0
1/2/01,5.94,-0.010050336
1/3/01,5.79,-0.025576842
1/4/01,5.56,-0.040534183
1/5/01,5.37,-0.0347702
1/8/01,5.3,-0.013121088
1/9/01,5.32,0.003766483
1/10/01,5.36,0.007490672
1/11/01,5.4,0.007434978
1/12/01,5.4,0
1/15/01,5.51,0.02016567
1/16/01,5.49,-0.003636368
1/17/01,5.5,0.001819837
1/18/01,5.37,-0.023920184
1/19/01,5.33,-0.00747667
1/22/01,5.32,-0.001877935
1/23/01,5.31,-0.001881468
1/24/01,5.36,0.00937214
1/25/01,5.37,0.001863933
1/26/01,5.33,-0.00747667
1/29/01,5.31,-0.003759403
1/30/01,5.29,-0.003773589
1/31/01,5.17,-0.022945557
2/1/01,5.11,-0.011673284
2/2/01,5.13,0.003906255
2/5/01,5.2,0.013552966
2/6/01,5.2,0
2/7/01,5.19,-0.001924928
2/8/01,5.2,0.001924928
2/9/01,5.2,0
2/12/01,5.15,-0.009661911
2/13/01,5.16,0.001939865
2/14/01,5.22,0.011560822
2/15/01,5.3,0.015209419
2/16/01,5.3,0
2/19/01,5.2,-0.019048195
2/20/01,5.2,0
2/21/01,5.19,-0.001924928
2/22/01,5.15,-0.007736983
2/23/01,5.12,-0.005842276
2/26/01,5,-0.023716527
2/27/01,4.92,-0.016129382
2/28/01,4.88,-0.008163311
3/1/01,4.91,0.006128722
3/2/01,4.93,0.004065046
3/5/01,4.93,0
3/6/01,4.96,0.006066753
3/7/01,4.9,-0.012170536
3/8/01,4.88,-0.004089985
3/9/01,4.86,-0.004106782
3/12/01,4.91,0.010235504
3/13/01,4.86,-0.010235504
3/14/01,4.86,0
3/15/01,4.75,-0.02289382
3/16/01,4.67,-0.016985546
3/19/01,4.67,0
3/20/01,4.7,0.006403437
3/21/01,4.61,-0.019334652
3/22/01,4.56,-0.010905233
3/23/01,4.6,0.00873368
3/26/01,4.64,0.008658063
3/27/01,4.6,-0.008658063
3/28/01,4.72,0.025752496
3/29/01,4.67,-0.010649728
3/30/01,4.67,0
4/2/01,4.58,-0.019460074
4/3/01,4.62,0.008695707
4/4/01,4.54,-0.017467693
4/5/01,4.54,0
4/6/01,4.56,0.004395611
4/9/01,4.46,-0.022173857
4/10/01,4.48,0.00447428
4/11/01,4.57,0.019890158
4/12/01,4.65,0.017354015
4/17/01,4.71,0.012820688
4/18/01,4.8,0.01892801
4/19/01,4.38,-0.091567194
4/20/01,4.43,0.01135086
4/23/01,4.36,-0.015927527
4/24/01,4.33,-0.006904515
4/25/01,4.31,-0.004629638
4/26/01,4.37,0.013825105
4/27/01,4.33,-0.009195467
4/30/01,4.44,0.025086834
5/1/01,4.44,0
5/2/01,4.39,-0.011325149
5/3/01,4.4,0.002275314
5/4/01,4.36,-0.009132484
5/8/01,4.2,-0.037387532
5/9/01,4.17,-0.007168489
5/10/01,4.16,-0.002400962
5/11/01,4.23,0.016686919
5/14/01,4.34,0.025672355
5/15/01,4.29,-0.011587615
5/16/01,4.2,-0.021202208
5/17/01,4.23,0.007117468
5/18/01,4.28,0.011751017
5/21/01,4.35,0.016222836
5/22/01,4.35,0
5/23/01,4.31,-0.009237941
5/24/01,4.28,-0.006984895
5/25/01,4.25,-0.007034027
5/29/01,4.25,0
5/30/01,4.26,0.002350177
5/31/01,4.24,-0.004705891
6/1/01,4.17,-0.016647233
6/4/01,4.17,0
6/5/01,4.18,0.002395211
6/6/01,4.16,-0.004796172
6/7/01,4.14,-0.004819286
6/8/01,4.15,0.002412546
6/11/01,4.14,-0.002412546
6/12/01,4.1,-0.009708814
6/13/01,4.1,0
6/14/01,4.07,-0.007343974
6/15/01,4.04,-0.007398307
6/18/01,3.96,-0.020000667
6/19/01,3.94,-0.005063302
6/20/01,3.94,0
6/21/01,3.94,0
6/22/01,3.94,0
6/25/01,3.89,-0.012771566
6/26/01,3.89,0
6/27/01,3.94,0.012771566
6/28/01,4.05,0.027536158
6/29/01,4.18,0.031594365
7/2/01,4.19,0.002389487
7/3/01,4.15,-0.0095924
7/4/01,4.17,0.004807702
7/5/01,4.16,-0.002400962
7/6/01,4.14,-0.004819286
7/9/01,4.07,-0.017052788
7/10/01,4.07,0
7/11/01,4,-0.017348638
7/12/01,4.05,0.01242252
7/13/01,4.02,-0.007434978
7/16/01,4.03,0.002484473
7/17/01,4.03,0
7/18/01,4.03,0
7/19/01,3.91,-0.030229002
7/20/01,3.89,-0.005128216
7/23/01,3.89,0
7/24/01,3.89,0
7/25/01,3.89,0
7/26/01,3.92,0.007682496
7/27/01,3.89,-0.007682496
7/30/01,3.84,-0.012936791
7/31/01,3.82,-0.005221944
8/1/01,3.8,-0.005249356
8/2/01,3.81,0.002628122
8/3/01,3.84,0.007843177
8/6/01,3.82,-0.005221944
8/7/01,3.8,-0.005249356
8/8/01,3.82,0.005249356
8/9/01,3.72,-0.026526754
8/10/01,3.72,0
8/13/01,3.69,-0.00809721
8/14/01,3.68,-0.002713706
8/15/01,3.71,0.008119124
8/16/01,3.75,0.010723963
8/17/01,3.7,-0.01342302
8/20/01,3.66,-0.010869672
8/21/01,3.69,0.008163311
8/22/01,3.66,-0.008163311
8/23/01,3.67,0.002728515
8/24/01,3.68,0.00272109
8/28/01,3.69,0.002713706
8/29/01,3.62,-0.019152432
8/30/01,3.6,-0.00554018
8/31/01,3.56,-0.011173301
9/3/01,3.58,0.005602256
9/4/01,3.59,0.002789402
9/5/01,3.72,0.035571466
9/6/01,3.7,-0.005390849
9/7/01,3.61,-0.024625047
9/10/01,3.43,-0.051147511
9/11/01,3.46,0.008708328
9/12/01,3.16,-0.090696561
9/13/01,3.15,-0.003169575
9/14/01,3.14,-0.003179653
9/17/01,3.05,-0.029081209
9/18/01,2.92,-0.043557974
9/19/01,2.85,-0.024264622
9/20/01,2.74,-0.039361074
9/21/01,2.73,-0.003656311
9/24/01,2.76,0.010929071
9/25/01,2.71,-0.018282045
9/26/01,2.68,-0.01113184
9/27/01,2.65,-0.011257155
9/28/01,2.64,-0.003780723
10/1/01,2.68,0.015037877
10/2/01,2.66,-0.007490672
10/3/01,2.53,-0.05010682
10/4/01,2.56,0.011787956
10/5/01,2.53,-0.011787956
10/8/01,2.45,-0.032131278
10/9/01,2.47,0.008130126
10/10/01,2.5,0.012072581
10/11/01,2.55,0.019802627
10/12/01,2.62,0.027080959
10/15/01,2.57,-0.019268419
10/16/01,2.53,-0.015686596
10/17/01,2.54,0.003944778
10/18/01,2.54,0
10/19/01,2.5,-0.015873349
10/22/01,2.5,0
10/23/01,2.53,0.011928571
10/24/01,2.5,-0.011928571
10/25/01,2.45,-0.020202707
10/26/01,2.4,-0.020619287
10/29/01,2.37,-0.012578782
10/30/01,2.31,-0.025642431
10/31/01,2.27,-0.017467693
11/1/01,2.29,0.008771986
11/2/01,2.3,0.004357305
11/5/01,2.25,-0.021978907
11/6/01,2.22,-0.01342302
11/7/01,2.06,-0.074801213
11/8/01,2.06,0
11/9/01,2.12,0.028710106
11/12/01,2.15,0.014051753
11/13/01,2.15,0
11/14/01,2.21,0.027524673
11/15/01,2.4,0.082476222
11/16/01,2.5,0.040821995
11/19/01,2.54,0.015873349
11/20/01,2.46,-0.032002731
11/21/01,2.53,0.028057953
11/22/01,2.66,0.05010682
11/23/01,2.62,-0.015151805
11/26/01,2.64,0.007604599
11/27/01,2.71,0.026169718
11/28/01,2.52,-0.072689733
11/29/01,2.49,-0.011976191
11/30/01,2.39,-0.040989345
12/3/01,2.34,-0.021142437
12/4/01,2.35,0.004264399
12/5/01,2.36,0.004246291
12/6/01,2.59,0.092996257
12/7/01,2.57,-0.007751977
12/10/01,2.44,-0.05190786
12/11/01,2.36,-0.03333642
12/12/01,2.31,-0.021414095
12/13/01,2.32,0.004319661
12/14/01,2.41,0.038059562
12/17/01,2.46,0.020534602
12/18/01,2.42,-0.01639381
12/19/01,2.39,-0.012474174
12/20/01,2.39,0
12/21/01,2.4,0.004175371
12/24/01,2.42,0.008298803
12/27/01,2.5,0.032523192
12/28/01,2.44,-0.024292693
12/31/01,2.44,0
1/2/02,2.4,-0.016529302
1/3/02,2.46,0.024692613
1/4/02,2.44,-0.008163311
1/7/02,2.43,-0.004106782
1/8/02,2.35,-0.033475929
1/9/02,2.37,0.008474627
1/10/02,2.35,-0.008474627
1/11/02,2.34,-0.004264399
1/14/02,2.13,-0.09402895
1/15/02,2.15,0.009345862
1/16/02,2.13,-0.009345862
1/17/02,2.21,0.036870536
1/18/02,2.29,0.035559302
1/21/02,2.32,0.013015368
1/22/02,2.33,0.004301082
1/23/02,2.34,0.004282662
1/24/02,2.38,0.016949558
1/25/02,2.5,0.049190244
1/28/02,2.5,0
1/29/02,2.5,0
1/30/02,2.42,-0.032523192
1/31/02,2.49,0.02851517
2/1/02,2.57,0.031623188
2/4/02,2.47,-0.039687748
2/5/02,2.42,-0.02045061
2/6/02,2.42,0
2/7/02,2.39,-0.012474174
2/8/02,2.42,0.012474174
2/11/02,2.39,-0.012474174
2/12/02,2.38,-0.004192878
2/13/02,2.45,0.028987537
2/14/02,2.5,0.020202707
2/15/02,2.49,-0.004008021
2/18/02,2.43,-0.024391453
2/19/02,2.43,0
2/20/02,2.44,0.004106782
2/21/02,2.46,0.008163311
2/22/02,2.43,-0.012270093
2/25/02,2.44,0.004106782
2/26/02,2.46,0.008163311
2/27/02,2.49,0.012121361
2/28/02,2.43,-0.024391453
3/1/02,2.48,0.020367303
3/4/02,2.59,0.043399316
3/5/02,2.59,0
3/6/02,2.6,0.003853569
3/7/02,2.63,0.011472401
3/8/02,2.78,0.055467082
3/11/02,2.86,0.028370697
3/12/02,2.85,-0.003502631
3/13/02,2.88,0.0104713
3/14/02,2.81,-0.024605811
3/15/02,2.93,0.04181794
3/18/02,2.92,-0.003418807
3/19/02,2.93,0.003418807
3/20/02,2.89,-0.013745921
3/21/02,3.01,0.040683577
3/22/02,3.03,0.006622541
3/25/02,3.06,0.009852296
3/26/02,3.08,0.006514681
3/27/02,3.02,-0.019672766
3/28/02,3,-0.006644543
4/2/02,3.06,0.019802627
4/3/02,3,-0.019802627
4/4/02,2.95,-0.016807118
4/5/02,2.94,-0.003395589
4/8/02,2.86,-0.027587957
4/9/02,2.88,0.006968669
4/10/02,2.81,-0.024605811
4/11/02,2.85,0.014134511
4/12/02,2.82,-0.010582109
4/15/02,2.77,-0.017889565
4/16/02,2.78,0.003603608
4/17/02,2.8,0.007168489
4/18/02,2.72,-0.028987537
4/19/02,2.71,-0.003683245
4/22/02,2.73,0.007352974
4/23/02,2.71,-0.007352974
4/24/02,2.74,0.011009286
4/25/02,2.63,-0.040974074
4/26/02,2.65,0.007575794
4/29/02,2.61,-0.015209419
4/30/02,2.63,0.007633625
5/1/02,2.64,0.003795071
5/2/02,2.64,0
5/3/02,2.67,0.011299555
5/7/02,2.55,-0.045985113
5/8/02,2.55,0
5/9/02,2.7,0.057158414
5/10/02,2.63,-0.026267927
5/13/02,2.57,-0.023077947
5/14/02,2.63,0.023077947
5/15/02,2.73,0.037317763
5/16/02,2.71,-0.007352974
5/17/02,2.68,-0.01113184
5/20/02,2.72,0.014815086
5/21/02,2.67,-0.018553408
5/22/02,2.61,-0.022728251
5/23/02,2.64,0.011428696
5/24/02,2.67,0.011299555
5/27/02,2.67,0
5/28/02,2.71,0.014870162
5/29/02,2.66,-0.018622512
5/30/02,2.63,-0.011342277
5/31/02,2.59,-0.01532597
6/5/02,2.6,0.003853569
6/6/02,2.59,-0.003853569
6/7/02,2.55,-0.015564517
6/10/02,2.6,0.019418086
6/11/02,2.56,-0.015504187
6/12/02,2.51,-0.019724505
6/13/02,2.52,0.003976148
6/14/02,2.41,-0.044632154
6/17/02,2.39,-0.008333382
6/18/02,2.4,0.004175371
6/19/02,2.34,-0.025317808
6/20/02,2.32,-0.008583744
6/21/02,2.36,0.017094433
6/24/02,2.32,-0.017094433
6/25/02,2.34,0.008583744
6/26/02,2.19,-0.066249386
6/27/02,2.25,0.027028672
6/28/02,2.29,0.017621601
7/1/02,2.27,-0.008771986
7/2/02,2.27,0
7/3/02,2.24,-0.013303966
7/4/02,2.26,0.008888947
7/5/02,2.3,0.01754431
7/8/02,2.29,-0.004357305
7/9/02,2.28,-0.004376375
7/10/02,2.2,-0.035718083
7/11/02,2.15,-0.022989518
7/12/02,2.18,0.013857035
7/15/02,2.11,-0.032636929
7/16/02,2.08,-0.014320054
7/17/02,2.16,0.037740328
7/18/02,2.18,0.009216655
7/19/02,2.11,-0.032636929
7/22/02,2.07,-0.01913934
7/23/02,2.09,0.009615459
7/24/02,1.94,-0.074476093
7/25/02,2.03,0.04534782
7/26/02,1.94,-0.04534782
7/29/02,1.99,0.025446666
7/30/02,2.07,0.039413969
7/31/02,2.09,0.009615459
8/1/02,1.97,-0.059130523
8/2/02,1.92,-0.025708357
8/5/02,1.79,-0.070109566
8/6/02,1.81,0.011111225
8/7/02,1.83,0.010989122
8/8/02,1.78,-0.027702603
8/9/02,1.85,0.038572275
8/12/02,1.82,-0.016349138
8/13/02,1.85,0.016349138
8/14/02,1.74,-0.061300526
8/15/02,1.85,0.061300526
8/16/02,1.9,0.026668247
8/19/02,1.94,0.020834087
8/20/02,1.91,-0.015584731
8/21/02,1.9,-0.005249356
8/22/02,1.93,0.015666117
8/23/02,1.96,0.01542447
8/27/02,1.94,-0.0102565
8/28/02,1.99,0.025446666
8/29/02,1.94,-0.025446666
8/30/02,1.9,-0.020834087
9/2/02,1.92,0.0104713
9/3/02,1.89,-0.015748357
9/4/02,1.81,-0.043249984
9/5/02,1.79,-0.011111225
9/6/02,1.76,-0.016901811
9/9/02,1.9,0.076540077
9/10/02,1.96,0.031090587
9/11/02,1.98,0.010152371
9/12/02,1.98,0
9/13/02,1.92,-0.030771659
9/16/02,1.93,0.005194817
9/17/02,1.99,0.030614636
9/18/02,1.91,-0.041031397
9/19/02,1.91,0
9/20/02,1.87,-0.021164811
9/23/02,1.83,-0.021622464
9/24/02,1.82,-0.005479466
9/25/02,1.82,0
9/26/02,1.83,0.005479466
9/27/02,1.81,-0.010989122
9/30/02,1.73,-0.045205437
10/1/02,1.66,-0.041303806
10/2/02,1.72,0.035506688
10/3/02,1.68,-0.023530497
10/4/02,1.7,0.011834458
10/7/02,1.72,0.01169604
10/8/02,1.76,0.022989518
10/9/02,1.77,0.005665738
10/10/02,1.72,-0.028655256
10/11/02,1.77,0.028655256
10/14/02,1.81,0.022347299
10/15/02,1.88,0.037944932
10/16/02,1.95,0.036557596
10/17/02,2,0.025317808
10/18/02,1.94,-0.030459207
10/21/02,1.94,0
10/22/02,2.01,0.035446749
10/23/02,1.99,-0.010000083
10/24/02,1.95,-0.020305266
10/25/02,1.91,-0.020726131
10/28/02,1.78,-0.070489878
10/29/02,1.71,-0.040119994
10/30/02,1.67,-0.023669744
10/31/02,1.64,-0.018127385
11/1/02,1.62,-0.012270093
11/4/02,1.63,0.006153866
11/5/02,1.62,-0.006153866
11/6/02,1.63,0.006153866
11/7/02,1.56,-0.043894194
11/8/02,1.55,-0.00643089
11/11/02,1.54,-0.006472515
11/12/02,1.53,-0.006514681
11/13/02,1.55,0.012987196
11/14/02,1.55,0
11/15/02,1.65,0.062520357
11/18/02,1.64,-0.006079046
11/19/02,1.62,-0.012270093
11/20/02,1.62,0
11/21/02,1.67,0.030397477
11/22/02,1.7,0.017804625
11/25/02,1.73,0.017493157
11/26/02,1.7,-0.017493157
11/27/02,1.65,-0.029852963
11/28/02,1.73,0.047346121
11/29/02,1.73,0
12/2/02,1.73,0
12/3/02,1.7,-0.017493157
12/4/02,1.68,-0.011834458
12/5/02,1.66,-0.011976191
12/6/02,1.66,0
12/9/02,1.59,-0.043083586
12/10/02,1.59,0
12/11/02,1.61,0.012500163
12/12/02,1.58,-0.018809332
12/13/02,1.56,-0.012739026
12/16/02,1.57,0.006389798
12/17/02,1.6,0.01892801
12/18/02,1.56,-0.025317808
12/19/02,1.53,-0.019418086
12/20/02,1.51,-0.013158085
12/23/02,1.52,0.006600684
12/24/02,1.52,0
12/27/02,1.48,-0.026668247
12/30/02,1.44,-0.027398974
12/31/02,1.45,0.006920443
1/2/03,1.46,0.006872879
1/3/03,1.54,0.053345981
1/6/03,1.55,0.006472515
1/7/03,1.55,0
1/8/03,1.51,-0.02614528
1/9/03,1.51,0
1/10/03,1.55,0.02614528
1/13/03,1.52,-0.019544596
1/14/03,1.51,-0.006600684
1/15/03,1.49,-0.013333531
1/16/03,1.48,-0.006734032
1/17/03,1.47,-0.006779687
1/20/03,1.45,-0.013698844
1/21/03,1.46,0.006872879
1/22/03,1.44,-0.013793322
1/23/03,1.45,0.006920443
1/24/03,1.43,-0.013889112
1/27/03,1.42,-0.007017573
1/28/03,1.45,0.020906685
1/29/03,1.43,-0.013889112
1/30/03,1.48,0.034367644
1/31/03,1.45,-0.020478531
2/3/03,1.46,0.006872879
2/4/03,1.45,-0.006872879
2/5/03,1.44,-0.006920443
2/6/03,1.44,0
2/7/03,1.44,0
2/10/03,1.42,-0.013986242
2/11/03,1.43,0.007017573
2/12/03,1.4,-0.021202208
2/13/03,1.39,-0.007168489
2/14/03,1.39,0
2/17/03,1.42,0.021353124
2/18/03,1.41,-0.007067167
2/19/03,1.42,0.007067167
2/20/03,1.4,-0.014184635
2/21/03,1.4,0
2/24/03,1.4,0
2/25/03,1.38,-0.014388737
2/26/03,1.39,0.007220248
2/27/03,1.37,-0.014493007
2/28/03,1.38,0.007272759
3/3/03,1.38,0
3/4/03,1.36,-0.014598799
3/5/03,1.33,-0.022305758
3/6/03,1.32,-0.007547206
3/7/03,1.32,0
3/10/03,1.21,-0.087011377
3/11/03,1.19,-0.016667052
3/12/03,1.21,0.016667052
3/13/03,1.29,0.064021859
3/14/03,1.36,0.052842481
3/17/03,1.29,-0.052842481
3/18/03,1.36,0.052842481
3/19/03,1.39,0.021819047
3/20/03,1.4,0.007168489
3/21/03,1.4,0
3/24/03,1.4,0
3/25/03,1.38,-0.014388737
3/26/03,1.39,0.007220248
3/27/03,1.36,-0.021819047
3/28/03,1.34,-0.014815086
3/31/03,1.28,-0.045809536
4/1/03,1.27,-0.007843177
4/2/03,1.31,0.031010237
4/3/03,1.34,0.022642477
4/4/03,1.29,-0.038027396
4/7/03,1.38,0.067441281
4/8/03,1.37,-0.007272759
4/9/03,1.32,-0.037179003
4/10/03,1.3,-0.015267472
4/11/03,1.35,0.037740328
4/14/03,1.4,0.036367644
4/15/03,1.44,0.028170877
4/16/03,1.45,0.006920443
4/17/03,1.4,-0.03509132
4/22/03,1.41,0.007117468
4/23/03,1.42,0.007067167
4/24/03,1.4,-0.014184635
4/25/03,1.35,-0.036367644
4/28/03,1.32,-0.022472856
4/29/03,1.36,0.029852963
4/30/03,1.36,0
5/1/03,1.29,-0.052842481
5/2/03,1.28,-0.00778214
5/6/03,1.3,0.015504187
5/7/03,1.24,-0.047252885
5/8/03,1.25,0.008032172
5/9/03,1.29,0.031498667
5/12/03,1.26,-0.023530497
5/13/03,1.27,0.00790518
5/14/03,1.28,0.007843177
5/15/03,1.26,-0.015748357
5/16/03,1.27,0.00790518
5/19/03,1.19,-0.065063593
5/20/03,1.22,0.024897552
5/21/03,1.18,-0.03333642
5/22/03,1.23,0.041499731
5/23/03,1.21,-0.01639381
5/27/03,1.21,0
5/28/03,1.24,0.02449102
5/29/03,1.22,-0.016260521
5/30/03,1.21,-0.008230499
6/2/03,1.25,0.032523192
6/3/03,1.23,-0.016129382
6/4/03,1.16,-0.058594164
6/5/03,1.15,-0.008658063
6/6/03,1.14,-0.00873368
6/9/03,1.13,-0.00881063
6/10/03,1.09,-0.036039936
6/11/03,1.05,-0.037387532
6/12/03,1.05,0
6/13/03,1.02,-0.028987537
6/16/03,0.99,-0.029852963
6/17/03,1.02,0.029852963
6/18/03,1.06,0.038466281
6/19/03,1.01,-0.048318577
6/20/03,1.03,0.019608471
6/23/03,1.03,0
6/24/03,1.02,-0.009756175
6/25/03,1.01,-0.009852296
6/26/03,1.16,0.138469674
6/27/03,1.2,0.033901552
6/30/03,1.19,-0.00836825
7/1/03,1.16,-0.025533302
7/2/03,1.19,0.025533302
7/3/03,1.19,0
7/4/03,1.17,-0.016949558
7/7/03,1.17,0
7/8/03,1.19,0.016949558
7/9/03,1.18,-0.008438869
7/10/03,1.18,0
7/11/03,1.17,-0.00851069
7/14/03,1.16,-0.008583744
7/15/03,1.17,0.008583744
7/16/03,1.22,0.04184711
7/17/03,1.2,-0.016529302
7/18/03,1.2,0
7/21/03,1.21,0.008298803
7/22/03,1.24,0.02449102
7/23/03,1.22,-0.016260521
7/24/03,1.2,-0.016529302
7/25/03,1.21,0.008298803
7/28/03,1.22,0.008230499
7/29/03,1.25,0.024292693
7/30/03,1.28,0.023716527
7/31/03,1.27,-0.007843177
8/1/03,1.44,0.125626213
8/4/03,1.41,-0.021053409
8/5/03,1.4,-0.007117468
8/6/03,1.42,0.014184635
8/7/03,1.4,-0.014184635
8/8/03,1.34,-0.043802623
8/11/03,1.35,0.007434978
8/12/03,1.38,0.021978907
8/13/03,1.36,-0.014598799
8/14/03,1.39,0.021819047
8/15/03,1.39,0
8/18/03,1.4,0.007168489
8/19/03,1.4,0
8/20/03,1.38,-0.014388737
8/21/03,1.39,0.007220248
8/22/03,1.45,0.042259809
8/26/03,1.49,0.027212564
8/27/03,1.45,-0.027212564
8/28/03,1.48,0.020478531
8/29/03,1.43,-0.034367644
9/1/03,1.45,0.013889112
9/2/03,1.49,0.027212564
9/3/03,1.49,0
9/4/03,1.48,-0.006734032
9/5/03,1.43,-0.034367644
9/8/03,1.34,-0.06500483
9/9/03,1.35,0.007434978
9/10/03,1.33,-0.01492565
9/11/03,1.32,-0.007547206
9/12/03,1.34,0.015037877
9/15/03,1.31,-0.022642477
9/16/03,1.31,0
9/17/03,1.3,-0.007662873
9/18/03,1.3,0
9/19/03,1.32,0.015267472
9/22/03,1.34,0.015037877
9/23/03,1.33,-0.007490672
9/24/03,1.32,-0.007547206
9/25/03,1.31,-0.007604599
9/26/03,1.31,0
9/29/03,1.29,-0.015384919
9/30/03,1.3,0.007722046
10/1/03,1.24,-0.047252885
10/2/03,1.24,0
10/3/03,1.26,0.016000341
10/6/03,1.34,0.061557893
10/7/03,1.33,-0.007490672
10/8/03,1.34,0.007490672
10/9/03,1.34,0
10/10/03,1.35,0.007434978
10/13/03,1.35,0
10/14/03,1.37,0.014706147
10/15/03,1.38,0.007272759
10/16/03,1.43,0.035590945
10/17/03,1.5,0.047790664
10/20/03,1.53,0.019802627
10/21/03,1.51,-0.013158085
10/22/03,1.52,0.006600684
10/23/03,1.45,-0.047146778
10/24/03,1.48,0.020478531
10/27/03,1.47,-0.006779687
10/28/03,1.5,0.020202707
10/29/03,1.43,-0.047790664
10/30/03,1.46,0.020761991
10/31/03,1.48,0.013605652
11/3/03,1.48,0
11/4/03,1.51,0.020067563
11/5/03,1.49,-0.013333531
11/6/03,1.51,0.013333531
11/7/03,1.56,0.03257617
11/10/03,1.58,0.012739026
11/11/03,1.57,-0.006349228
11/12/03,1.58,0.006349228
11/13/03,1.57,-0.006349228
11/14/03,1.49,-0.052299499
11/17/03,1.43,-0.041101676
11/18/03,1.46,0.020761991
11/19/03,1.43,-0.020761991
11/20/03,1.46,0.020761991
11/21/03,1.45,-0.006872879
11/24/03,1.47,0.013698844
11/25/03,1.5,0.020202707
11/26/03,1.49,-0.006688988
11/27/03,1.54,0.033006296
11/28/03,1.56,0.012903405
12/1/03,1.6,0.025317808
12/2/03,1.62,0.01242252
12/3/03,1.61,-0.00619197
12/4/03,1.63,0.012345836
12/5/03,1.58,-0.031155168
12/8/03,1.48,-0.065382759
12/9/03,1.5,0.01342302
12/10/03,1.52,0.013245227
12/11/03,1.5,-0.013245227
12/12/03,1.44,-0.040821995
12/15/03,1.46,0.013793322
12/16/03,1.44,-0.013793322
12/17/03,1.43,-0.006968669
12/18/03,1.43,0
12/19/03,1.45,0.013889112
12/22/03,1.44,-0.006920443
12/23/03,1.46,0.013793322
12/24/03,1.48,0.013605652
12/29/03,1.43,-0.034367644
12/30/03,1.46,0.020761991
12/31/03,1.46,0
1/2/04,1.48,0.013605652
1/5/04,1.51,0.020067563
1/6/04,1.51,0
1/7/04,1.47,-0.02684725
1/8/04,1.47,0
1/9/04,1.47,0
1/12/04,1.34,-0.092592787
1/13/04,1.35,0.007434978
1/14/04,1.34,-0.007434978
1/15/04,1.35,0.007434978
1/16/04,1.37,0.014706147
1/19/04,1.37,0
1/20/04,1.38,0.007272759
1/21/04,1.37,-0.007272759
1/22/04,1.37,0
1/23/04,1.35,-0.014706147
1/26/04,1.37,0.014706147
1/27/04,1.39,0.014493007
1/28/04,1.37,-0.014493007
1/29/04,1.46,0.063625696
1/30/04,1.48,0.013605652
2/2/04,1.47,-0.006779687
2/3/04,1.45,-0.013698844
2/4/04,1.43,-0.013889112
2/5/04,1.44,0.006968669
2/6/04,1.48,0.027398974
2/9/04,1.42,-0.041385216
2/10/04,1.42,0
2/11/04,1.45,0.020906685
2/12/04,1.39,-0.042259809
2/13/04,1.37,-0.014493007
2/16/04,1.36,-0.00732604
2/17/04,1.37,0.00732604
2/18/04,1.36,-0.00732604
2/19/04,1.38,0.014598799
2/20/04,1.37,-0.007272759
2/23/04,1.41,0.028778965
2/24/04,1.38,-0.021506205
2/25/04,1.36,-0.014598799
2/26/04,1.36,0
2/27/04,1.37,0.00732604
3/1/04,1.37,0
3/2/04,1.38,0.007272759
3/3/04,1.42,0.028573372
3/4/04,1.42,0
3/5/04,1.42,0
3/8/04,1.3,-0.088292607
3/9/04,1.3,0
3/10/04,1.3,0
3/11/04,1.31,0.007662873
3/12/04,1.29,-0.015384919
3/15/04,1.3,0.007722046
3/16/04,1.31,0.007662873
3/17/04,1.28,-0.023167059
3/18/04,1.29,0.00778214
3/19/04,1.3,0.007722046
3/22/04,1.3,0
3/23/04,1.3,0
3/24/04,1.29,-0.007722046
3/25/04,1.29,0
3/26/04,1.3,0.007722046
3/29/04,1.33,0.022814678
3/30/04,1.34,0.007490672
3/31/04,1.35,0.007434978
4/1/04,1.34,-0.007434978
4/2/04,1.37,0.022141126
4/5/04,1.52,0.103899595
4/6/04,1.51,-0.006600684
4/7/04,1.49,-0.013333531
4/8/04,1.5,0.006688988
4/13/04,1.53,0.019802627
4/14/04,1.57,0.025807884
4/15/04,1.63,0.037504395
4/16/04,1.61,-0.012345836
4/19/04,1.58,-0.018809332
4/20/04,1.62,0.025001302
4/21/04,1.72,0.059898142
4/22/04,1.71,-0.00583092
4/23/04,1.69,-0.011764842
4/26/04,1.77,0.046251018
4/27/04,1.76,-0.005665738
4/28/04,1.75,-0.005698021
4/29/04,1.81,0.033711057
4/30/04,1.83,0.010989122
5/4/04,1.82,-0.005479466
5/5/04,1.81,-0.005509656
5/6/04,1.84,0.016438726
5/7/04,1.88,0.021506205
5/10/04,2.07,0.09627683
5/11/04,2.06,-0.004842624
5/12/04,2.04,-0.009756175
5/13/04,2.07,0.014598799
5/14/04,2.11,0.01913934
5/17/04,2.03,-0.038652154
5/18/04,2.03,0
5/19/04,2.07,0.019512814
5/20/04,2.09,0.009615459
5/21/04,2.07,-0.009615459
5/24/04,2.13,0.028573372
5/25/04,2.1,-0.014184635
5/26/04,2.1,0
5/27/04,2.08,-0.009569451
5/28/04,2.06,-0.009661911
6/1/04,2.11,0.023981965
6/2/04,2.15,0.018779895
6/3/04,2.19,0.018433702
6/4/04,2.2,0.004555817
6/7/04,2.26,0.026907453
6/8/04,2.23,-0.013363228
6/9/04,2.28,0.022173857
6/10/04,2.37,0.038714512
6/11/04,2.43,0.025001302
6/14/04,2.48,0.020367303
6/15/04,2.5,0.008032172
6/16/04,2.37,-0.053400777
6/17/04,2.43,0.025001302
6/18/04,2.38,-0.02079077
6/21/04,2.4,0.00836825
6/22/04,2.38,-0.00836825
6/23/04,2.41,0.01252626
6/24/04,2.41,0
6/25/04,2.38,-0.01252626
6/28/04,2.38,0
6/29/04,2.47,0.037117663
6/30/04,2.46,-0.004056801
7/1/04,2.39,-0.028867984
7/2/04,2.34,-0.021142437
7/5/04,2.25,-0.039220713
7/6/04,2.25,0
7/7/04,2.26,0.004434597
7/8/04,2.26,0
7/9/04,2.25,-0.004434597
7/12/04,2.25,0
7/13/04,2.27,0.008849615
7/14/04,2.28,0.004395611
7/15/04,2.31,0.013072082
7/16/04,2.33,0.008620743
7/19/04,2.26,-0.030503454
7/20/04,2.27,0.004415018
7/21/04,2.37,0.043110124
7/22/04,2.39,0.008403411
7/23/04,2.39,0
7/26/04,2.39,0
7/27/04,2.43,0.016597891
7/28/04,2.47,0.016326893
7/29/04,2.46,-0.004056801
7/30/04,2.43,-0.012270093
8/2/04,2.35,-0.033475929
8/3/04,2.37,0.008474627
8/4/04,2.35,-0.008474627
8/5/04,2.36,0.004246291
8/6/04,2.34,-0.00851069
8/9/04,2.19,-0.066249386
8/10/04,2.21,0.009090972
8/11/04,2.28,0.031182927
8/12/04,2.27,-0.004395611
8/13/04,2.26,-0.004415018
8/16/04,2.24,-0.008888947
8/17/04,2.27,0.013303966
8/18/04,2.23,-0.017778246
8/19/04,2.25,0.008928631
8/20/04,2.23,-0.008928631
8/23/04,2.27,0.017778246
8/24/04,2.31,0.017467693
8/25/04,2.3,-0.004338402
8/26/04,2.32,0.008658063
8/27/04,2.3,-0.008658063
8/31/04,2.3,0
9/1/04,2.26,-0.01754431
9/2/04,2.26,0
9/3/04,2.3,0.01754431
9/6/04,2.43,0.054982134
9/7/04,2.42,-0.004123717
9/8/04,2.43,0.004123717
9/9/04,2.36,-0.029229638
9/10/04,2.36,0
9/13/04,2.36,0
9/14/04,2.33,-0.012793351
9/15/04,2.32,-0.004301082
9/16/04,2.34,0.008583744
9/17/04,2.28,-0.025975486
9/20/04,2.34,0.025975486
9/21/04,2.32,-0.008583744
9/22/04,2.36,0.017094433
9/23/04,2.36,0
9/24/04,2.41,0.020965128
9/27/04,2.45,0.016461277
9/28/04,2.44,-0.004089985
9/29/04,2.44,0
9/30/04,2.48,0.016260521
10/1/04,2.49,0.00402415
10/4/04,2.5,0.004008021
10/5/04,2.51,0.003992021
10/6/04,2.51,0
10/7/04,2.54,0.011881328
10/8/04,2.54,0
10/11/04,2.45,-0.036076056
10/12/04,2.44,-0.004089985
10/13/04,2.45,0.004089985
10/14/04,2.42,-0.012320484
10/15/04,2.41,-0.004140793
10/18/04,2.42,0.004140793
10/19/04,2.44,0.008230499
10/20/04,2.44,0
10/21/04,2.42,-0.008230499
10/22/04,2.47,0.02045061
10/25/04,2.42,-0.02045061
10/26/04,2.44,0.008230499
10/27/04,2.46,0.008163311
10/28/04,2.53,0.028057953
10/29/04,2.55,0.007874056
11/1/04,2.54,-0.003929278
11/2/04,2.58,0.015625318
11/3/04,2.61,0.011560822
11/4/04,2.58,-0.011560822
11/5/04,2.61,0.011560822
11/8/04,2.76,0.055880458
11/9/04,2.77,0.00361664
11/10/04,2.78,0.003603608
11/11/04,2.8,0.007168489
11/12/04,2.8,0
11/15/04,2.8,0
11/16/04,2.84,0.014184635
11/17/04,2.88,0.013986242
11/18/04,2.84,-0.013986242
11/19/04,2.86,0.007017573
11/22/04,2.91,0.017331456
11/23/04,2.93,0.006849342
11/24/04,2.93,0
11/25/04,2.95,0.006802747
11/26/04,2.98,0.01011813
11/29/04,2.96,-0.006734032
11/30/04,2.98,0.006734032
12/1/04,2.96,-0.006734032
12/2/04,2.98,0.006734032
12/3/04,3,0.006688988
12/6/04,2.93,-0.023609866
12/7/04,2.93,0
12/8/04,2.95,0.006802747
12/9/04,2.93,-0.006802747
12/10/04,2.94,0.003407158
12/13/04,2.96,0.006779687
12/14/04,3,0.01342302
12/15/04,3,0
12/16/04,3,0
12/17/04,3.04,0.013245227
12/20/04,3.06,0.006557401
12/21/04,3.08,0.006514681
12/22/04,3.09,0.003241494
12/23/04,3.08,-0.003241494
12/24/04,3.08,0
12/29/04,3.1,0.006472515
12/30/04,3.12,0.00643089
12/31/04,3.1,-0.00643089
1/4/05,3.11,0.003220615
1/5/05,3.18,0.022258471
1/6/05,3.19,0.00313972
1/7/05,3.16,-0.009448889
1/10/05,3.19,0.009448889
1/11/05,3.21,0.00625002
1/12/05,3.22,0.003110422
1/13/05,3.22,0
1/14/05,3.22,0
1/17/05,3.24,0.00619197
1/18/05,3.25,0.003081667
1/19/05,3.25,0
1/20/05,3.25,0
1/21/05,3.24,-0.003081667
1/24/05,3.21,-0.009302393
1/25/05,3.22,0.003110422
1/26/05,3.24,0.00619197
1/27/05,3.26,0.006153866
1/28/05,3.27,0.00306279
1/31/05,3.26,-0.00306279
2/1/05,3.27,0.00306279
2/2/05,3.28,0.003053437
2/3/05,3.31,0.009104767
2/4/05,3.33,0.006024115
2/7/05,3.31,-0.006024115
2/8/05,3.32,0.003016594
2/9/05,3.33,0.003007521
2/10/05,3.28,-0.015128882
2/11/05,3.31,0.009104767
2/14/05,3.35,0.012012156
2/15/05,3.36,0.002980628
2/16/05,3.37,0.00297177
2/17/05,3.42,0.014727807
2/18/05,3.41,-0.00292826
2/21/05,3.46,0.014556298
2/22/05,3.46,0
2/23/05,3.47,0.002886005
2/24/05,3.49,0.005747142
2/25/05,3.51,0.005714301
2/28/05,3.53,0.005681833
3/1/05,3.57,0.011267725
3/2/05,3.57,0
3/3/05,3.57,0
3/4/05,3.57,0
3/7/05,3.56,-0.002805051
3/8/05,3.58,0.005602256
3/9/05,3.6,0.005571045
3/10/05,3.64,0.011049836
3/11/05,3.65,0.002743486
3/14/05,3.68,0.008185585
3/15/05,3.69,0.002713706
3/16/05,3.71,0.005405419
3/17/05,3.69,-0.005405419
3/18/05,3.69,0
3/21/05,3.71,0.005405419
3/22/05,3.72,0.002691792
3/23/05,3.81,0.023905521
3/24/05,3.82,0.002621233
3/29/05,3.85,0.007822726
3/30/05,3.84,-0.002600782
3/31/05,3.85,0.002600782
4/1/05,3.81,-0.010443959
4/4/05,3.79,-0.00526317
4/5/05,3.79,0
4/6/05,3.79,0
4/7/05,3.77,-0.005291018
4/8/05,3.79,0.005291018
4/11/05,3.8,0.002635048
4/12/05,3.81,0.002628122
4/13/05,3.78,-0.00790518
4/14/05,3.74,-0.010638398
4/15/05,3.67,-0.018893949
4/18/05,3.6,-0.019257817
4/19/05,3.65,0.013793322
4/20/05,3.61,-0.011019395
4/21/05,3.63,0.005524876
4/22/05,3.69,0.01639381
4/25/05,3.69,0
4/26/05,3.71,0.005405419
4/27/05,3.73,0.005376357
4/28/05,3.71,-0.005376357
4/29/05,3.69,-0.005405419
5/3/05,3.71,0.005405419
5/4/05,3.71,0
5/5/05,3.7,-0.002699057
5/6/05,3.66,-0.010869672
5/9/05,3.8,0.037537919
5/10/05,3.8,0
5/11/05,3.78,-0.005277057
5/12/05,3.78,0
5/13/05,3.77,-0.002649008
5/16/05,3.74,-0.00798939
5/17/05,3.73,-0.002677378
5/18/05,3.74,0.002677378
5/19/05,3.73,-0.002677378
5/20/05,3.77,0.010666768
5/23/05,3.8,0.007926065
5/24/05,3.76,-0.010582109
5/25/05,3.75,-0.002663117
5/26/05,3.76,0.002663117
5/27/05,3.78,0.005305052
5/31/05,3.78,0
6/1/05,3.76,-0.005305052
6/2/05,3.7,-0.016086138
6/3/05,3.71,0.002699057
6/6/05,3.73,0.005376357
6/7/05,3.72,-0.002684565
6/8/05,3.73,0.002684565
6/9/05,3.77,0.010666768
6/10/05,3.82,0.013175421
6/13/05,3.86,0.010416761
6/14/05,3.85,-0.002594035
6/15/05,3.85,0
6/16/05,3.87,0.005181359
6/17/05,3.86,-0.002587324
6/20/05,3.86,0
6/21/05,3.89,0.007741974
6/22/05,3.86,-0.007741974
6/23/05,3.83,-0.00780238
6/24/05,3.83,0
6/27/05,3.81,-0.005235614
6/28/05,3.83,0.005235614
6/29/05,3.86,0.00780238
6/30/05,3.88,0.00516797
7/1/05,3.9,0.0051414
7/4/05,3.99,0.022814678
7/5/05,4,0.00250313
7/6/05,3.99,-0.00250313
7/7/05,3.88,-0.027956077
7/8/05,3.97,0.022930941
7/11/05,4,0.007528266
7/12/05,4.02,0.004987542
7/13/05,4.05,0.007434978
7/14/05,4.05,0
7/15/05,4.05,0
7/18/05,4.07,0.004926118
7/19/05,4.1,0.007343974
7/20/05,4.08,-0.004889985
7/21/05,4.09,0.002447982
7/22/05,4.12,0.007308193
7/25/05,4.11,-0.002430135
7/26/05,4.13,0.004854378
7/27/05,4.14,0.002418381
7/28/05,4.17,0.007220248
7/29/05,4.16,-0.002400962
8/1/05,4.22,0.014320054
8/2/05,4.23,0.002366865
8/3/05,4.23,0
8/4/05,4.22,-0.002366865
8/5/05,4.23,0.002366865
8/8/05,4.29,0.01408474
8/9/05,4.32,0.006968669
8/10/05,4.29,-0.006968669
8/11/05,4.31,0.004651171
8/12/05,4.28,-0.006984895
8/15/05,4.27,-0.002339182
8/16/05,4.29,0.004672906
8/17/05,4.26,-0.007017573
8/18/05,4.28,0.004683849
8/19/05,4.26,-0.004683849
8/22/05,4.28,0.004683849
8/23/05,4.27,-0.002339182
8/24/05,4.26,-0.002344667
8/25/05,4.27,0.002344667
8/26/05,4.27,0
8/30/05,4.31,0.009324077
8/31/05,4.24,-0.016374635
9/1/05,4.13,-0.026285862
9/2/05,3.96,-0.042033382
9/5/05,4.01,0.012547216
9/6/05,4.06,0.012391732
9/7/05,4.08,0.004914015
9/8/05,4.13,0.012180419
9/9/05,4.15,0.004830927
9/12/05,4.15,0
9/13/05,4.19,0.0095924
9/14/05,4.15,-0.0095924
9/15/05,4.16,0.00240674
9/16/05,4.17,0.002400962
9/19/05,4.25,0.019002947
9/20/05,4.22,-0.007083855
9/21/05,4.27,0.011778699
9/22/05,4.23,-0.009411834
9/23/05,4.28,0.011751017
9/26/05,4.35,0.016222836
9/27/05,4.37,0.004587164
9/28/05,4.4,0.006841532
9/29/05,4.41,0.002270149
9/30/05,4.44,0.006779687
10/3/05,4.48,0.00896867
10/4/05,4.53,0.011098893
10/5/05,4.51,-0.004424786
10/6/05,4.5,-0.002219757
10/7/05,4.52,0.004434597
10/10/05,4.52,0
10/11/05,4.52,0
10/12/05,4.55,0.006615239
10/13/05,4.57,0.004385972
10/14/05,4.57,0
10/17/05,4.57,0
10/18/05,4.58,0.002185793
10/19/05,4.55,-0.006571765
10/20/05,4.58,0.006571765
10/21/05,4.58,0
10/24/05,4.57,-0.002185793
10/25/05,4.6,0.006543099
10/26/05,4.67,0.015102768
10/27/05,4.67,0
10/28/05,4.68,0.002139038
10/31/05,4.72,0.00851069
11/1/05,4.72,0
11/2/05,4.76,0.008438869
11/3/05,4.77,0.002098637
11/4/05,4.81,0.008350779
11/7/05,4.81,0
11/8/05,4.8,-0.002081166
11/9/05,4.78,-0.004175371
11/10/05,4.83,0.010405921
11/11/05,4.8,-0.00623055
11/14/05,4.81,0.002081166
11/15/05,4.84,0.006217637
11/16/05,4.84,0
11/17/05,4.8,-0.008298803
11/18/05,4.78,-0.004175371
11/21/05,4.8,0.004175371
11/22/05,4.79,-0.002085506
11/23/05,4.73,-0.012605209
11/24/05,4.74,0.002111933
11/25/05,4.74,0
11/28/05,4.76,0.004210533
11/29/05,4.74,-0.004210533
11/30/05,4.79,0.010493276
12/1/05,4.82,0.006243517
12/2/05,4.85,0.006204777
12/5/05,4.87,0.004115232
12/6/05,4.87,0
12/7/05,4.83,-0.008247469
12/8/05,4.83,0
12/9/05,4.81,-0.004149384
12/12/05,4.84,0.006217637
12/13/05,4.86,0.004123717
12/14/05,4.83,-0.00619197
12/15/05,4.8,-0.00623055
12/16/05,4.81,0.002081166
12/19/05,4.81,0
12/20/05,4.83,0.004149384
12/21/05,4.85,0.004132237
12/22/05,4.88,0.006166515
12/23/05,4.85,-0.006166515
12/28/05,4.82,-0.006204777
12/29/05,4.82,0
12/30/05,4.84,0.004140793
1/3/06,4.85,0.002063984
1/4/06,4.8,-0.010362787
1/5/06,4.79,-0.002085506
1/6/06,4.79,0
1/9/06,4.81,0.004166673
1/10/06,4.81,0
1/11/06,4.85,0.008281621
1/12/06,4.86,0.002059733
1/13/06,4.85,-0.002059733
1/16/06,4.82,-0.006204777
1/17/06,4.82,0
1/18/06,4.8,-0.00415801
1/19/06,4.83,0.00623055
1/20/06,4.84,0.002068253
1/23/06,4.82,-0.004140793
1/24/06,4.84,0.004140793
1/25/06,4.85,0.002063984
1/26/06,4.89,0.008213599
1/27/06,4.92,0.006116227
1/30/06,4.94,0.004056801
1/31/06,4.94,0
2/1/06,4.95,0.002022245
2/2/06,5,0.010050336
2/3/06,5,0
2/6/06,5.02,0.003992021
2/7/06,5.04,0.003976148
2/8/06,5.03,-0.001986098
2/9/06,5.06,0.005946499
2/10/06,5.08,0.003944778
2/13/06,5.1,0.003929278
2/14/06,5.09,-0.001962709
2/15/06,5.1,0.001962709
2/16/06,5.1,0
2/17/06,5.1,0
2/20/06,5.1,0
2/21/06,5.1,0
2/22/06,5.13,0.005865119
2/23/06,5.12,-0.00195122
2/24/06,5.14,0.00389864
2/27/06,5.15,0.001943635
2/28/06,5.15,0
3/1/06,5.12,-0.005842276
3/2/06,5.14,0.00389864
3/3/06,5.16,0.0038835
3/6/06,5.18,0.003868477
3/7/06,5.21,0.005774799
3/8/06,5.19,-0.003846159
3/9/06,5.2,0.001924928
3/10/06,5.2,0
3/13/06,5.23,0.005752652
3/14/06,5.23,0
3/15/06,5.16,-0.013474699
3/16/06,5.17,0.001936109
3/17/06,5.12,-0.009718249
3/20/06,5.13,0.00195122
3/21/06,5.14,0.00194742
3/22/06,5.18,0.007751977
3/23/06,5.19,0.001928641
3/24/06,5.21,0.003846159
3/27/06,5.17,-0.007707167
3/28/06,5.18,0.001932368
3/29/06,5.25,0.01342302
3/30/06,5.25,0
3/31/06,5.29,0.007590169
4/3/06,5.29,0
4/4/06,5.31,0.003773589
4/5/06,5.28,-0.005665738
4/6/06,5.29,0.001892148
4/7/06,5.3,0.001888575
4/10/06,5.35,0.00938974
4/11/06,5.34,-0.001870908
4/12/06,5.33,-0.001874415
4/13/06,5.36,0.005612737
4/18/06,5.34,-0.003738322
4/19/06,5.28,-0.011299555
4/20/06,5.31,0.005665738
4/21/06,5.33,0.003759403
4/24/06,5.35,0.003745323
4/25/06,5.33,-0.003745323
4/26/06,5.38,0.009337136
4/27/06,5.42,0.007407441
4/28/06,5.33,-0.016744577
5/2/06,5.38,0.009337136
5/3/06,5.38,0
5/4/06,5.4,0.003710579
5/5/06,5.42,0.003696862
5/8/06,5.39,-0.005550431
5/9/06,5.41,0.003703708
5/10/06,5.4,-0.001850139
5/11/06,5.42,0.003696862
5/12/06,5.41,-0.001846723
5/15/06,5.39,-0.003703708
5/16/06,5.39,0
5/17/06,5.38,-0.001857011
5/18/06,5.41,0.005560719
5/19/06,5.4,-0.001850139
5/22/06,5.4,0
5/23/06,5.41,0.001850139
5/24/06,5.4,-0.001850139
5/25/06,5.4,0
5/26/06,5.42,0.003696862
5/30/06,5.41,-0.001846723
5/31/06,5.43,0.003690041
6/1/06,5.51,0.014625489
6/2/06,5.48,-0.005459522
6/5/06,5.39,-0.016559716
6/6/06,5.46,0.012903405
6/7/06,5.47,0.001829827
6/8/06,5.47,0
6/9/06,5.49,0.003649639
6/12/06,5.5,0.001819837
6/13/06,5.5,0
6/14/06,5.52,0.003629768
6/15/06,5.62,0.017953804
6/16/06,5.63,0.001777778
6/19/06,5.66,0.00531445
6/20/06,5.66,0
6/21/06,5.68,0.003527341
6/22/06,5.69,0.001759015
6/23/06,5.73,0.007005283
6/26/06,5.75,0.003484324
6/27/06,5.75,0
6/28/06,5.74,-0.001740644
6/29/06,5.77,0.00521287
6/30/06,5.69,-0.013961832
7/3/06,5.68,-0.001759015
7/4/06,5.69,0.001759015
7/5/06,5.69,0
7/6/06,5.75,0.010489607
7/7/06,5.75,0
7/10/06,5.71,-0.006980831
7/11/06,5.71,0
7/12/06,5.7,-0.001752849
7/13/06,5.7,0
7/14/06,5.66,-0.007042283
7/17/06,5.63,-0.00531445
7/18/06,5.66,0.00531445
7/19/06,5.7,0.007042283
7/20/06,5.66,-0.007042283
7/21/06,5.6,-0.010657294
7/24/06,5.62,0.003565066
7/25/06,5.62,0
7/26/06,5.64,0.003552402
7/27/06,5.59,-0.008904778
7/28/06,5.59,0
7/31/06,5.54,-0.008984786
8/1/06,5.54,0
8/2/06,5.53,-0.001806685
8/3/06,5.54,0.001806685
8/4/06,5.57,0.005400553
8/7/06,5.5,-0.012646962
8/8/06,5.51,0.001816531
8/9/06,5.48,-0.005459522
8/10/06,5.48,0
8/11/06,5.5,0.003642991
8/14/06,5.55,0.009049836
8/15/06,5.57,0.003597126
8/16/06,5.52,-0.009017194
8/17/06,5.46,-0.010929071
8/18/06,5.49,0.005479466
8/21/06,5.46,-0.005479466
8/22/06,5.47,0.001829827
8/23/06,5.47,0
8/24/06,5.47,0
8/25/06,5.46,-0.001829827
8/29/06,5.47,0.001829827
8/30/06,5.45,-0.003663008
8/31/06,5.41,-0.007366516
9/1/06,5.39,-0.003703708
9/4/06,5.38,-0.001857011
9/5/06,5.38,0
9/6/06,5.4,0.003710579
9/7/06,5.4,0
9/8/06,5.4,0
9/11/06,5.4,0
9/12/06,5.43,0.00554018
9/13/06,5.41,-0.003690041
9/14/06,5.4,-0.001850139
9/15/06,5.43,0.00554018
9/18/06,5.46,0.005509656
9/19/06,5.46,0
9/20/06,5.4,-0.011049836
9/21/06,5.42,0.003696862
9/22/06,5.31,-0.02050398
9/25/06,5.29,-0.003773589
9/26/06,5.28,-0.001892148
9/27/06,5.31,0.005665738
9/28/06,5.3,-0.001885015
9/29/06,5.3,0
10/2/06,5.32,0.003766483
10/3/06,5.27,-0.009442941
10/4/06,5.29,0.003787883
10/5/06,5.24,-0.009496748
10/6/06,5.26,0.003809528
10/9/06,5.32,0.011342277
10/10/06,5.35,0.005623258
10/11/06,5.36,0.001867414
10/12/06,5.39,0.00558141
10/13/06,5.39,0
10/16/06,5.41,0.003703708
10/17/06,5.39,-0.003703708
10/18/06,5.39,0
10/19/06,5.38,-0.001857011
10/20/06,5.4,0.003710579
10/23/06,5.42,0.003696862
10/24/06,5.44,0.003683245
10/25/06,5.44,0
10/26/06,5.41,-0.005529968
10/27/06,5.37,-0.007421184
10/30/06,5.33,-0.00747667
10/31/06,5.34,0.001874415
11/1/06,5.3,-0.007518832
11/2/06,5.26,-0.007575794
11/3/06,5.27,0.001899336
11/6/06,5.38,0.020658012
11/7/06,5.37,-0.001860466
11/8/06,5.32,-0.009354605
11/9/06,5.33,0.001877935
11/10/06,5.31,-0.003759403
11/13/06,5.3,-0.001885015
11/14/06,5.34,0.007518832
11/15/06,5.3,-0.007518832
11/16/06,5.34,0.007518832
11/17/06,5.35,0.001870908
11/20/06,5.3,-0.00938974
11/21/06,5.3,0
11/22/06,5.3,0
11/23/06,5.3,0
11/24/06,5.29,-0.001888575
11/27/06,5.29,0
11/28/06,5.27,-0.003787883
11/29/06,5.24,-0.005708864
11/30/06,5.24,0
12/1/06,5.21,-0.005741643
12/4/06,5.12,-0.017425417
12/5/06,5.11,-0.001955035
12/6/06,5.12,0.001955035
12/7/06,5.15,0.005842276
12/8/06,5.18,0.005808342
12/11/06,5.25,0.01342302
12/12/06,5.25,0
12/13/06,5.21,-0.007648221
12/14/06,5.28,0.013346242
12/15/06,5.3,0.003780723
12/18/06,5.29,-0.001888575
12/19/06,5.28,-0.001892148
12/20/06,5.29,0.001892148
12/21/06,5.29,0
12/22/06,5.26,-0.005687219
12/27/06,5.29,0.005687219
12/28/06,5.31,0.003773589
12/29/06,5.33,0.003759403
1/2/07,5.34,0.001874415
1/3/07,5.31,-0.005633818
1/4/07,5.29,-0.003773589
1/5/07,5.25,-0.007590169
1/8/07,5.31,0.011363759
1/9/07,5.33,0.003759403
1/10/07,5.32,-0.001877935
1/11/07,5.34,0.00375235
1/12/07,5.37,0.005602256
1/15/07,5.38,0.001860466
1/16/07,5.38,0
1/17/07,5.37,-0.001860466
1/18/07,5.4,0.005571045
1/19/07,5.39,-0.001853569
1/22/07,5.41,0.003703708
1/23/07,5.4,-0.001850139
1/24/07,5.42,0.003696862
1/25/07,5.42,0
1/26/07,5.44,0.003683245
1/29/07,5.43,-0.001839927
1/30/07,5.44,0.001839927
1/31/07,5.43,-0.001839927
2/1/07,5.41,-0.003690041
2/2/07,5.43,0.003690041
2/5/07,5.41,-0.003690041
2/6/07,5.41,0
2/7/07,5.4,-0.001850139
2/8/07,5.4,0
2/9/07,5.4,0
2/12/07,5.42,0.003696862
2/13/07,5.42,0
2/14/07,5.42,0
2/15/07,5.39,-0.005550431
2/16/07,5.36,-0.00558141
2/19/07,5.37,0.001863933
2/20/07,5.37,0
2/21/07,5.35,-0.003731348
2/22/07,5.37,0.003731348
2/23/07,5.39,0.003717476
2/26/07,5.35,-0.007448824
2/27/07,5.33,-0.003745323
2/28/07,5.24,-0.01702974
3/1/07,5.23,-0.00191022
3/2/07,5.21,-0.003831422
3/5/07,5.12,-0.017425417
3/6/07,5.18,0.011650617
3/7/07,5.17,-0.001932368
3/8/07,5.15,-0.003875974
3/9/07,5.17,0.003875974
3/12/07,5.27,0.019157674
3/13/07,5.22,-0.009532961
3/14/07,5.14,-0.015444322
3/15/07,5.19,0.009680618
3/16/07,5.2,0.001924928
3/19/07,5.23,0.005752652
3/20/07,5.24,0.00191022
3/21/07,5.24,0
3/22/07,5.18,-0.011516442
3/23/07,5.21,0.005774799
3/26/07,5.23,0.003831422
3/27/07,5.21,-0.003831422
3/28/07,5.21,0
3/29/07,5.2,-0.00192123
3/30/07,5.22,0.003838776
4/2/07,5.22,0
4/3/07,5.23,0.001913876
4/4/07,5.24,0.00191022
4/5/07,5.23,-0.00191022
4/10/07,5.32,0.017062025
4/11/07,5.31,-0.001881468
4/12/07,5.32,0.001881468
4/13/07,5.33,0.001877935
4/16/07,5.35,0.003745323
4/17/07,5.34,-0.001870908
4/18/07,5.29,-0.009407407
4/19/07,5.25,-0.007590169
4/20/07,5.27,0.003802286
4/23/07,5.28,0.001895735
4/24/07,5.26,-0.003795071
4/25/07,5.24,-0.003809528
4/26/07,5.27,0.005708864
4/27/07,5.3,0.005676458
4/30/07,5.3,0
5/1/07,5.26,-0.007575794
5/2/07,5.29,0.005687219
5/3/07,5.29,0
5/4/07,5.32,0.005655057
5/8/07,5.3,-0.003766483
5/9/07,5.3,0
5/10/07,5.33,0.005644418
5/11/07,5.29,-0.007532992
5/14/07,5.32,0.005655057
5/15/07,5.32,0
5/16/07,5.31,-0.001881468
5/17/07,5.32,0.001881468
5/18/07,5.34,0.00375235
5/21/07,5.37,0.005602256
5/22/07,5.36,-0.001863933
5/23/07,5.38,0.003724399
5/24/07,5.37,-0.001860466
5/25/07,5.37,0
5/29/07,5.39,0.003717476
5/30/07,5.39,0
5/31/07,5.39,0
6/1/07,5.42,0.005550431
6/4/07,5.44,0.003683245
6/5/07,5.45,0.001836548
6/6/07,5.46,0.001833181
6/7/07,5.45,-0.001833181
6/8/07,5.48,0.005489492
6/11/07,5.47,-0.001826485
6/12/07,5.47,0
6/13/07,5.51,0.007286007
6/14/07,5.49,-0.003636368
6/15/07,5.51,0.003636368
6/18/07,5.47,-0.007286007
6/19/07,5.47,0
6/20/07,5.44,-0.005499556
6/21/07,5.45,0.001836548
6/22/07,5.45,0
6/25/07,5.4,-0.009216655
6/26/07,5.39,-0.001853569
6/27/07,5.38,-0.001857011
6/28/07,5.4,0.003710579
6/29/07,5.43,0.00554018
7/2/07,5.39,-0.007393749
7/3/07,5.39,0
7/4/07,5.41,0.003703708
7/5/07,5.42,0.001846723
7/6/07,5.45,0.005519793
7/9/07,5.46,0.001833181
7/10/07,5.45,-0.001833181
7/11/07,5.4,-0.009216655
7/12/07,5.42,0.003696862
7/13/07,5.43,0.001843318
7/16/07,5.42,-0.001843318
7/17/07,5.41,-0.001846723
7/18/07,5.41,0
7/19/07,5.41,0
7/20/07,5.4,-0.001850139
7/23/07,5.37,-0.005571045
7/24/07,5.38,0.001860466
7/25/07,5.36,-0.003724399
7/26/07,5.35,-0.001867414
7/27/07,5.26,-0.016965534
7/30/07,5.22,-0.007633625
7/31/07,5.25,0.005730675
8/1/07,5.19,-0.011494379
8/2/07,5.23,0.007677581
8/3/07,5.22,-0.001913876
8/6/07,5.12,-0.019342963
8/7/07,5.16,0.00778214
8/8/07,5.24,0.015384919
8/9/07,5.26,0.003809528
8/10/07,5.23,-0.005719749
8/13/07,5.24,0.00191022
8/14/07,5.24,0
8/15/07,5.21,-0.005741643
8/16/07,5.16,-0.009643276
8/17/07,5.07,-0.017595762
8/20/07,5.08,0.001970444
8/21/07,5.05,-0.005923018
8/22/07,5.1,0.009852296
8/23/07,5.22,0.023256862
8/24/07,5.2,-0.003838776
8/28/07,5.21,0.00192123
8/29/07,5.18,-0.005774799
8/30/07,5.21,0.005774799
8/31/07,5.28,0.013346242
9/3/07,5.26,-0.003795071
9/4/07,5.25,-0.00190295
9/5/07,5.28,0.005698021
9/6/07,5.23,-0.00951482
9/7/07,5.23,0
9/10/07,5.07,-0.03107046
9/11/07,5.08,0.001970444
9/12/07,5.12,0.007843177
9/13/07,5.13,0.00195122
9/14/07,5.12,-0.00195122
9/17/07,5.11,-0.001955035
9/18/07,5.11,0
9/19/07,4.88,-0.046054184
9/20/07,4.85,-0.006166515
9/21/07,4.9,0.0102565
9/24/07,4.91,0.002038737
9/25/07,4.93,0.004065046
9/26/07,4.93,0
9/27/07,4.94,0.002026343
9/28/07,4.9,-0.008130126
10/1/07,4.94,0.008130126
10/2/07,4.98,0.00806456
10/3/07,4.95,-0.006042314
10/4/07,5,0.010050336
10/5/07,4.99,-0.002002003
10/8/07,5.07,0.015904908
10/9/07,5.06,-0.001974334
10/10/07,5.09,0.005911347
10/11/07,5.07,-0.003937013
10/12/07,5,-0.013902905
10/15/07,5.04,0.00796817
10/16/07,5.02,-0.003976148
10/17/07,4.96,-0.012024193
10/18/07,4.9,-0.012170536
10/19/07,4.82,-0.016461277
10/22/07,4.71,-0.02308602
10/23/07,4.76,0.01055976
10/24/07,4.69,-0.014815086
10/25/07,4.62,-0.015037877
10/26/07,4.63,0.002162163
10/29/07,4.63,0
10/30/07,4.64,0.002157498
10/31/07,4.64,0
11/1/07,4.75,0.023430252
11/2/07,4.62,-0.027749913
11/5/07,4.6,-0.004338402
11/6/07,4.66,0.012959145
11/7/07,4.64,-0.004301082
11/8/07,4.58,-0.013015368
11/9/07,4.51,-0.015401845
11/12/07,4.47,-0.008908745
11/13/07,4.46,-0.002239643
11/14/07,4.53,0.015573173
11/15/07,4.51,-0.004424786
11/16/07,4.47,-0.008908745
11/19/07,4.5,0.006688988
11/20/07,4.51,0.002219757
11/21/07,4.47,-0.008908745
11/22/07,4.45,-0.004484312
11/23/07,4.44,-0.00224972
11/26/07,4.48,0.00896867
11/27/07,4.4,-0.018018506
11/28/07,4.49,0.020248161
11/29/07,4.49,0
11/30/07,4.46,-0.006703936
12/3/07,4.43,-0.006749182
12/4/07,4.42,-0.002259888
12/5/07,4.43,0.002259888
12/6/07,4.44,0.002254792
12/7/07,4.49,0.011198325
12/10/07,4.55,0.013274531
12/11/07,4.55,0
12/12/07,4.5,-0.011049836
12/13/07,4.44,-0.01342302
12/14/07,4.49,0.011198325
12/17/07,4.52,0.006659292
12/18/07,4.47,-0.011123585
12/19/07,4.42,-0.011248713
12/20/07,4.35,-0.015963851
12/21/07,4.32,-0.006920443
12/24/07,4.34,0.004618946
12/27/07,4.34,0
12/28/07,4.3,-0.009259325
12/31/07,4.22,-0.018779895
1/2/08,4.19,-0.007134394
1/3/08,4.04,-0.036456042
1/4/08,4.05,0.002472189
1/7/08,3.94,-0.027536158
1/8/08,3.93,-0.002541297
1/9/08,3.86,-0.017972242
1/10/08,3.81,-0.013037994
1/11/08,3.72,-0.023905521
1/14/08,3.5,-0.0609607
1/15/08,3.47,-0.008608375
1/16/08,3.42,-0.014514043
1/17/08,3.48,0.017391743
1/18/08,3.4,-0.023256862
1/21/08,3.27,-0.038985447
1/22/08,3.08,-0.059860388
1/23/08,2.81,-0.091745114
1/24/08,2.86,0.017637141
1/25/08,3.13,0.09021138
1/28/08,2.96,-0.055843736
1/29/08,2.97,0.003372684
1/30/08,2.98,0.003361348
1/31/08,2.85,-0.044604306
2/1/08,2.82,-0.010582109
2/4/08,2.9,0.027973852
2/5/08,2.89,-0.003454235
2/6/08,2.73,-0.056954893
2/7/08,2.73,0
2/8/08,2.78,0.018149319
2/11/08,2.73,-0.018149319
2/12/08,2.73,0
2/13/08,2.73,0
2/14/08,2.75,0.007299302
2/15/08,2.74,-0.003642991
2/18/08,2.77,0.0108894
2/19/08,2.78,0.003603608
2/20/08,2.88,0.035339366
2/21/08,2.96,0.027398974
2/22/08,2.82,-0.048452383
2/25/08,2.91,0.031416196
2/26/08,2.93,0.006849342
2/27/08,2.83,-0.034725711
2/28/08,2.78,-0.017825784
2/29/08,2.71,-0.025502293
3/3/08,2.63,-0.029964789
3/4/08,2.66,0.011342277
3/5/08,2.67,0.00375235
3/6/08,2.69,0.007462721
3/7/08,2.58,-0.041751795
3/10/08,2.59,0.003868477
3/11/08,2.57,-0.007751977
3/12/08,2.65,0.030653741
3/13/08,2.52,-0.050300738
3/14/08,2.51,-0.003976148
3/17/08,2.18,-0.140957876
3/18/08,2.21,0.013667639
3/19/08,2.34,0.057158414
3/20/08,2.39,0.021142437
3/25/08,2.55,0.064799993
3/26/08,2.53,-0.007874056
3/27/08,2.51,-0.00793655
3/28/08,2.52,0.003976148
3/31/08,2.49,-0.011976191
4/1/08,2.47,-0.00806456
4/2/08,2.56,0.035789108
4/3/08,2.65,0.034552382
4/4/08,2.66,0.003766483
4/7/08,2.59,-0.026668247
4/8/08,2.6,0.003853569
4/9/08,2.62,0.007662873
4/10/08,2.57,-0.019268419
4/11/08,2.64,0.026873018
4/14/08,2.57,-0.026873018
4/15/08,2.63,0.023077947
4/16/08,2.74,0.040974074
4/17/08,2.91,0.060195161
4/18/08,3.07,0.05352448
4/21/08,3.06,-0.003262646
4/22/08,3.09,0.009756175
4/23/08,3.11,0.006451635
4/24/08,3.08,-0.009693129
4/25/08,3.24,0.050643733
4/28/08,3.18,-0.018692133
4/29/08,3.11,-0.022258471
4/30/08,3.08,-0.009693129
5/1/08,2.98,-0.033006296
5/2/08,2.99,0.003350087
5/6/08,3.02,0.009983444
5/7/08,3,-0.006644543
5/8/08,2.94,-0.020202707
5/9/08,2.87,-0.024097552
5/12/08,2.92,0.017271587
5/13/08,2.96,0.013605652
5/14/08,3.17,0.06854232
5/15/08,3.18,0.003149609
5/16/08,3.08,-0.0319516
5/19/08,3.03,-0.016366977
5/20/08,2.98,-0.016639319
5/21/08,2.95,-0.01011813
5/22/08,3,0.016807118
5/23/08,3.07,0.023065273
5/27/08,3.07,0
5/28/08,3.09,0.006493529
5/29/08,3.21,0.038099846
5/30/08,3.16,-0.01569891
6/2/08,3.14,-0.006349228
6/3/08,3.1,-0.012820688
6/4/08,3.1,0
6/5/08,3.13,0.009630893
6/6/08,3.21,0.025237933
6/9/08,3.19,-0.00625002
6/10/08,3.54,0.10410581
6/11/08,3.52,-0.005665738
6/12/08,3.5,-0.005698021
6/13/08,3.68,0.050149784
6/16/08,3.66,-0.005449605
6/17/08,3.59,-0.019310945
6/18/08,3.58,-0.002789402
6/19/08,3.55,-0.008415197
6/20/08,3.55,0
6/23/08,3.54,-0.002820876
6/24/08,3.56,0.005633818
6/25/08,3.51,-0.014144507
6/26/08,3.44,-0.020144566
6/27/08,3.38,-0.017595762
6/30/08,3.31,-0.02092752
7/1/08,3.32,0.003016594
7/2/08,3.35,0.008995563
7/3/08,3.33,-0.005988042
7/4/08,3.29,-0.012084739
7/7/08,3.3,0.003034904
7/8/08,3.22,-0.024541109
7/9/08,3.25,0.009273637
7/10/08,3.21,-0.012384059
7/11/08,3.26,0.015456258
7/14/08,3.28,0.006116227
7/15/08,3.2,-0.024692613
7/16/08,3.15,-0.015748357
7/17/08,3.21,0.018868484
7/18/08,3.26,0.015456258
7/21/08,3.36,0.030213779
7/22/08,3.34,-0.005970167
7/23/08,3.41,0.020741484
7/24/08,3.38,-0.008836582
7/25/08,3.27,-0.033085725
7/28/08,3.31,0.012158204
7/29/08,3.28,-0.009104767
7/30/08,3.29,0.003044142
7/31/08,3.25,-0.012232568
8/1/08,3.22,-0.009273637
8/4/08,3.24,0.00619197
8/5/08,3.28,0.012270093
8/6/08,3.27,-0.003053437
8/7/08,3.28,0.003053437
8/8/08,3.23,-0.015361285
8/11/08,3.24,0.003091193
8/12/08,3.27,0.009216655
8/13/08,3.22,-0.015408625
8/14/08,3.23,0.003100778
8/15/08,3.26,0.009245058
8/18/08,3.26,0
8/19/08,3.24,-0.006153866
8/20/08,3.23,-0.003091193
8/21/08,3.17,-0.018750549
8/22/08,3.21,0.012539349
8/26/08,3.22,0.003110422
8/27/08,3.23,0.003100778
8/28/08,3.21,-0.0062112
8/29/08,3.21,0
9/1/08,3.2,-0.003120127
9/2/08,3.21,0.003120127
9/3/08,3.18,-0.00938974
9/4/08,3.18,0
9/5/08,3.13,-0.015848192
9/8/08,3.24,0.034540325
9/9/08,3.17,-0.021841742
9/10/08,3.14,-0.009508788
9/11/08,3.13,-0.003189795
9/12/08,3.13,0
9/15/08,2.99,-0.045759617
9/16/08,2.95,-0.013468217
9/17/08,3.23,0.090676967
9/18/08,3.35,0.036478209
9/19/08,3.46,0.032308243
9/22/08,3.51,0.014347448
9/23/08,3.54,0.00851069
9/24/08,3.76,0.06029223
9/25/08,3.98,0.056862862
9/26/08,3.89,-0.022872662
9/29/08,3.84,-0.012936791
9/30/08,3.96,0.030771659
10/1/08,4.04,0.020000667
10/2/08,4.02,-0.004962789
10/3/08,4.06,0.009901071
10/6/08,3.95,-0.027467395
10/7/08,3.9,-0.012739026
10/8/08,3.99,0.022814678
10/9/08,4.23,0.058410762
10/10/08,4.17,-0.014285957
10/13/08,4.13,-0.009638629
10/14/08,4.06,-0.017094433
10/15/08,4.03,-0.007416598
10/16/08,3.98,-0.012484557
10/17/08,3.97,-0.002515725
10/20/08,3.71,-0.067734218
10/21/08,3.6,-0.030098031
10/22/08,3.42,-0.051293294
10/23/08,3.5,0.023122417
10/24/08,3.51,0.002853069
10/27/08,3.5,-0.002853069
10/28/08,3.49,-0.002861232
10/29/08,3.42,-0.020261185
10/30/08,3.28,-0.041797129
10/31/08,3.17,-0.034111835
11/3/08,3.21,0.012539349
11/4/08,3.11,-0.031648211
11/5/08,2.97,-0.046060773
11/6/08,2.84,-0.044757901
11/7/08,2.8,-0.014184635
11/10/08,2.79,-0.003577821
11/11/08,2.71,-0.029092961
11/12/08,2.68,-0.01113184
11/13/08,2.75,0.025784117
11/14/08,2.91,0.05655217
11/17/08,2.88,-0.010362787
11/18/08,2.8,-0.028170877
11/19/08,2.76,-0.014388737
11/20/08,2.71,-0.018282045
11/21/08,2.74,0.011009286
11/24/08,2.76,0.007272759
11/25/08,2.84,0.028573372
11/26/08,2.72,-0.043172172
11/27/08,2.75,0.010969031
11/28/08,2.77,0.007246409
12/1/08,2.77,0
12/2/08,2.71,-0.021898685
12/3/08,2.7,-0.003696862
12/4/08,2.65,-0.018692133
12/5/08,2.69,0.014981554
12/8/08,2.8,0.040078224
12/9/08,2.71,-0.032670782
12/10/08,2.62,-0.033774317
12/11/08,2.53,-0.034955015
12/12/08,2.42,-0.044451763
12/15/08,2.43,0.004123717
12/16/08,2.37,-0.025001302
12/17/08,2.1,-0.12095261
12/18/08,2.1,0
12/19/08,2.09,-0.004773279
12/22/08,2.08,-0.004796172
12/23/08,2.11,0.014320054
12/24/08,2.09,-0.009523882
12/29/08,2.08,-0.004796172
12/30/08,2.03,-0.024332101
12/31/08,2,-0.014888612
1/2/09,2.02,0.009950331
1/5/09,2.09,0.034066555
1/6/09,2.05,-0.019324273
1/7/09,2,-0.024692613
1/8/09,1.93,-0.035627178
1/9/09,1.86,-0.036943515
1/12/09,1.77,-0.049596941
1/13/09,1.74,-0.017094433
1/14/09,1.75,0.005730675
1/15/09,1.77,0.011363759
1/16/09,1.89,0.065597282
1/19/09,1.85,-0.02139119
1/20/09,1.83,-0.010869672
1/21/09,1.84,0.005449605
1/22/09,1.92,0.042559614
1/23/09,1.92,0
1/26/09,1.97,0.025708357
1/27/09,1.97,0
1/28/09,1.91,-0.030930301
1/29/09,1.92,0.005221944
1/30/09,1.98,0.030771659
2/2/09,2.07,0.044451763
2/3/09,2.08,0.004819286
2/4/09,2.09,0.004796172
2/5/09,2.09,0
2/6/09,2.04,-0.024214258
2/9/09,2,-0.019802627
2/10/09,1.99,-0.005012542
2/11/09,2.02,0.014962873
2/12/09,2.02,0
2/13/09,2.03,0.004938282
2/16/09,2.09,0.029128273
2/17/09,2.09,0
2/18/09,2.1,0.004773279
2/19/09,2.1,0
2/20/09,2.08,-0.009569451
2/23/09,2.06,-0.009661911
2/24/09,2.04,-0.009756175
2/25/09,2.07,0.014598799
2/26/09,2.12,0.023867481
2/27/09,2.12,0
3/2/09,2.11,-0.004728141
3/3/09,2.11,0
3/4/09,2.12,0.004728141
3/5/09,2.14,0.00938974
3/6/09,2.15,0.004662013
3/9/09,2.24,0.041008024
3/10/09,2.3,0.026433257
3/11/09,2.26,-0.01754431
3/12/09,2.23,-0.013363228
3/13/09,2.23,0
3/16/09,2.21,-0.00900907
3/17/09,2.2,-0.004535155
3/18/09,2.18,-0.009132484
3/19/09,2.01,-0.081190155
3/20/09,2.01,0
3/23/09,2.02,0.004962789
3/24/09,2.03,0.004938282
3/25/09,2.03,0
3/26/09,2.05,0.009804
3/27/09,2.01,-0.019705071
3/30/09,1.98,-0.015037877
3/31/09,1.97,-0.005063302
4/1/09,1.95,-0.01020417
4/2/09,1.96,0.005115101
4/3/09,1.96,0
4/6/09,1.99,0.015190165
4/7/09,1.98,-0.005037794
4/8/09,1.96,-0.010152371
4/9/09,1.95,-0.005115101
4/14/09,1.93,-0.01030937
4/15/09,1.91,-0.010416761
4/16/09,1.91,0
4/17/09,1.92,0.005221944
4/20/09,1.95,0.015504187
4/21/09,1.95,0
4/22/09,1.97,0.01020417
4/23/09,1.95,-0.01020417
4/24/09,1.93,-0.01030937
4/27/09,1.9,-0.015666117
4/28/09,1.88,-0.010582109
4/29/09,1.89,0.005305052
4/30/09,1.88,-0.005305052
5/1/09,1.86,-0.010695289
5/5/09,1.86,0
5/6/09,1.82,-0.021739987
5/7/09,1.81,-0.005509656
5/8/09,1.78,-0.016713481
5/11/09,1.76,-0.011299555
5/12/09,1.75,-0.005698021
5/13/09,1.73,-0.011494379
5/14/09,1.69,-0.02339288
5/15/09,1.66,-0.017910927
5/18/09,1.61,-0.030583423
5/19/09,1.58,-0.018809332
5/20/09,1.55,-0.019169916
5/21/09,1.49,-0.039478811
5/22/09,1.53,0.026491615
5/26/09,1.55,0.012987196
5/27/09,1.63,0.050325084
5/28/09,1.62,-0.006153866
5/29/09,1.6,-0.01242252
6/1/09,1.59,-0.006269613
6/2/09,1.61,0.012500163
6/3/09,1.58,-0.018809332
6/4/09,1.55,-0.019169916
6/5/09,1.6,0.031748698
6/8/09,1.85,0.14518201
6/9/09,1.84,-0.005420067
6/10/09,1.79,-0.027549952
6/11/09,1.79,0
6/12/09,1.73,-0.034094211
6/15/09,1.7,-0.017493157
6/16/09,1.7,0
6/17/09,1.69,-0.005899722
6/18/09,1.69,0
6/19/09,1.74,0.029156584
6/22/09,1.7,-0.023256862
6/23/09,1.68,-0.011834458
6/24/09,1.64,-0.024097552
6/25/09,1.65,0.006079046
6/26/09,1.59,-0.037041272
6/29/09,1.6,0.006269613
6/30/09,1.61,0.00623055
7/1/09,1.59,-0.012500163
7/2/09,1.58,-0.006309169
7/3/09,1.53,-0.032157112
7/6/09,1.51,-0.013158085
7/7/09,1.51,0
7/8/09,1.49,-0.013333531
7/9/09,1.48,-0.006734032
7/10/09,1.46,-0.013605652
7/13/09,1.46,0
7/14/09,1.49,0.020339684
7/15/09,1.51,0.013333531
7/16/09,1.51,0
7/17/09,1.49,-0.013333531
7/20/09,1.5,0.006688988
7/21/09,1.49,-0.006688988
7/22/09,1.48,-0.006734032
7/23/09,1.47,-0.006779687
7/24/09,1.49,0.013513719
7/27/09,1.49,0
7/28/09,1.48,-0.006734032
7/29/09,1.49,0.006734032
7/30/09,1.5,0.006688988
7/31/09,1.5,0
8/3/09,1.48,-0.01342302
8/4/09,1.49,0.006734032
8/5/09,1.5,0.006688988
8/6/09,1.51,0.006644543
8/7/09,1.51,0
8/10/09,1.55,0.02614528
8/11/09,1.51,-0.02614528
8/12/09,1.46,-0.033673215
8/13/09,1.42,-0.027779564
8/14/09,1.39,-0.021353124
8/17/09,1.39,0
8/18/09,1.39,0
8/19/09,1.37,-0.014493007
8/20/09,1.38,0.007272759
8/21/09,1.35,-0.021978907
8/24/09,1.38,0.021978907
8/25/09,1.36,-0.014598799
8/26/09,1.36,0
8/27/09,1.35,-0.007380107
8/28/09,1.33,-0.01492565
9/1/09,1.3,-0.022814678
9/2/09,1.3,0
9/3/09,1.29,-0.007722046
9/4/09,1.29,0
9/7/09,1.29,0
9/8/09,1.28,-0.00778214
9/9/09,1.27,-0.007843177
9/10/09,1.26,-0.00790518
9/11/09,1.25,-0.00796817
9/14/09,1.25,0
9/15/09,1.26,0.00796817
9/16/09,1.27,0.00790518
9/17/09,1.29,0.015625318
9/18/09,1.27,-0.015625318
9/21/09,1.28,0.007843177
9/22/09,1.27,-0.007843177
9/23/09,1.26,-0.00790518
9/24/09,1.23,-0.024097552
9/25/09,1.24,0.00809721
9/28/09,1.26,0.016000341
9/29/09,1.25,-0.00796817
9/30/09,1.26,0.00796817
10/1/09,1.24,-0.016000341
10/2/09,1.21,-0.02449102
10/5/09,1.21,0
10/6/09,1.21,0
10/7/09,1.22,0.008230499
10/8/09,1.21,-0.008230499
10/9/09,1.22,0.008230499
10/12/09,1.25,0.024292693
10/13/09,1.24,-0.008032172
10/14/09,1.23,-0.00809721
10/15/09,1.24,0.00809721
10/16/09,1.25,0.008032172
10/19/09,1.25,0
10/20/09,1.24,-0.008032172
10/21/09,1.23,-0.00809721
10/22/09,1.23,0
10/23/09,1.24,0.00809721
10/26/09,1.24,0
10/27/09,1.24,0
10/28/09,1.21,-0.02449102
10/29/09,1.2,-0.008298803
10/30/09,1.2,0
11/2/09,1.2,0
11/3/09,1.18,-0.016807118
11/4/09,1.19,0.008438869
11/5/09,1.17,-0.016949558
11/6/09,1.16,-0.008583744
11/9/09,1.13,-0.026202372
11/10/09,1.12,-0.008888947
11/11/09,1.11,-0.00896867
11/12/09,1.1,-0.009049836
11/13/09,1.09,-0.009132484
11/16/09,1.09,0
11/17/09,1.06,-0.027908788
11/18/09,1.06,0
11/19/09,1.03,-0.028710106
11/20/09,1.02,-0.009756175
11/23/09,1.02,0
11/24/09,1.01,-0.009852296
11/25/09,1.01,0
11/26/09,1,-0.009950331
11/27/09,1.01,0.009950331
11/30/09,1.02,0.009852296
12/1/09,1.01,-0.009852296
12/2/09,1,-0.009950331
12/3/09,1.03,0.029558802
12/4/09,1.03,0
12/7/09,1.05,0.019231362
12/8/09,1.02,-0.028987537
12/9/09,1.01,-0.009852296
12/10/09,1.01,0
12/11/09,1,-0.009950331
12/14/09,1,0
12/15/09,1.01,0.009950331
12/16/09,1,-0.009950331
12/17/09,0.99,-0.010050336
12/18/09,0.97,-0.020408872
12/21/09,0.96,-0.010362787
12/22/09,0.98,0.020619287
12/23/09,0.97,-0.0102565
12/24/09,0.98,0.0102565
12/29/09,1,0.020202707
12/30/09,0.99,-0.010050336
12/31/09,0.98,-0.010152371
1/4/10,0.99,0.010152371
1/5/10,0.97,-0.020408872
1/6/10,0.96,-0.010362787
1/7/10,0.95,-0.0104713
1/8/10,0.96,0.0104713
1/11/10,0.92,-0.042559614
1/12/10,0.91,-0.010929071
1/13/10,0.9,-0.011049836
1/14/10,0.91,0.011049836
1/15/10,0.9,-0.011049836
1/18/10,0.88,-0.022472856
1/19/10,0.88,0
1/20/10,0.88,0
1/21/10,0.88,0
1/22/10,0.86,-0.022989518
1/25/10,0.86,0
1/26/10,0.84,-0.023530497
1/27/10,0.84,0
1/28/10,0.85,0.011834458
1/29/10,0.85,0
2/1/10,0.84,-0.011834458
2/2/10,0.84,0
2/3/10,0.85,0.011834458
2/4/10,0.85,0
2/5/10,0.84,-0.011834458
2/8/10,0.84,0
2/9/10,0.85,0.011834458
2/10/10,0.85,0
2/11/10,0.86,0.01169604
2/12/10,0.85,-0.01169604
2/15/10,0.85,0
2/16/10,0.86,0.01169604
2/17/10,0.85,-0.01169604
2/18/10,0.85,0
2/19/10,0.88,0.034685558
2/22/10,0.87,-0.011428696
2/23/10,0.87,0
2/24/10,0.85,-0.023256862
2/25/10,0.84,-0.011834458
2/26/10,0.84,0
3/1/10,0.84,0
3/2/10,0.84,0
3/3/10,0.83,-0.011976191
3/4/10,0.83,0
3/5/10,0.85,0.023810649
3/8/10,0.87,0.023256862
3/9/10,0.86,-0.011560822
3/10/10,0.86,0
3/11/10,0.86,0
3/12/10,0.87,0.011560822
3/15/10,0.87,0
3/16/10,0.87,0
3/17/10,0.86,-0.011560822
3/18/10,0.86,0
3/19/10,0.88,0.022989518
3/22/10,0.89,0.011299555
3/23/10,0.89,0
3/24/10,0.89,0
3/25/10,0.91,0.022223137
3/26/10,0.91,0
3/29/10,0.91,0
3/30/10,0.91,0
3/31/10,0.92,0.010929071
4/1/10,0.92,0
4/6/10,0.95,0.032088315
4/7/10,0.94,-0.010582109
4/8/10,0.93,-0.010695289
4/9/10,0.94,0.010695289
4/12/10,0.94,0
4/13/10,0.94,0
4/14/10,0.95,0.010582109
4/15/10,0.95,0
4/16/10,0.94,-0.010582109
4/19/10,0.93,-0.010695289
4/20/10,0.94,0.010695289
4/21/10,0.95,0.010582109
4/22/10,0.96,0.0104713
4/23/10,0.98,0.020619287
4/26/10,0.99,0.010152371
4/27/10,1,0.010050336
4/28/10,1.02,0.019802627
4/29/10,1.01,-0.009852296
4/30/10,1.02,0.009852296
5/4/10,1.04,0.019418086
5/5/10,1.05,0.009569451
5/6/10,1.07,0.018868484
5/7/10,1.13,0.054558984
5/10/10,1.1,-0.026907453
5/11/10,1.1,0
5/12/10,1.1,0
5/13/10,1.09,-0.009132484
5/14/10,1.11,0.018182319
5/17/10,1.12,0.00896867
5/18/10,1.12,0
5/19/10,1.13,0.008888947
5/20/10,1.14,0.00881063
5/21/10,1.15,0.00873368
5/24/10,1.18,0.025752496
5/25/10,1.22,0.03333642
5/26/10,1.22,0
5/27/10,1.21,-0.008230499
5/28/10,1.2,-0.008298803
6/1/10,1.21,0.008298803
6/2/10,1.21,0
6/3/10,1.21,0
6/4/10,1.2,-0.008298803
6/7/10,1.21,0.008298803
6/8/10,1.2,-0.008298803
6/9/10,1.19,-0.00836825
6/10/10,1.18,-0.008438869
6/11/10,1.18,0
6/14/10,1.19,0.008438869
6/15/10,1.19,0
6/16/10,1.19,0
6/17/10,1.19,0
6/18/10,1.18,-0.008438869
6/21/10,1.18,0
6/22/10,1.18,0
6/23/10,1.18,0
6/24/10,1.18,0
6/25/10,1.18,0
6/28/10,1.18,0
6/29/10,1.17,-0.00851069
6/30/10,1.17,0
7/1/10,1.17,0
7/2/10,1.17,0
7/5/10,1.16,-0.008583744
7/6/10,1.16,0
7/7/10,1.16,0
7/8/10,1.15,-0.008658063
7/9/10,1.15,0
7/12/10,1.14,-0.00873368
7/13/10,1.15,0.00873368
7/14/10,1.14,-0.00873368
7/15/10,1.13,-0.00881063
7/16/10,1.13,0
7/19/10,1.12,-0.008888947
7/20/10,1.1,-0.018018506
7/21/10,1.09,-0.009132484
7/22/10,1.08,-0.009216655
7/23/10,1.07,-0.009302393
7/26/10,1.08,0.009302393
7/27/10,1.07,-0.009302393
7/28/10,1.06,-0.00938974
7/29/10,1.05,-0.009478744
7/30/10,1.04,-0.009569451
8/2/10,1.03,-0.009661911
8/3/10,1.02,-0.009756175
8/4/10,1,-0.019802627
8/5/10,1.01,0.009950331
8/6/10,1,-0.009950331
8/9/10,1,0
8/10/10,0.99,-0.010050336
8/11/10,0.97,-0.020408872
8/12/10,0.96,-0.010362787
8/13/10,0.97,0.010362787
8/16/10,0.96,-0.010362787
8/17/10,0.95,-0.0104713
8/18/10,0.93,-0.021277398
8/19/10,0.92,-0.010810916
8/20/10,0.91,-0.010929071
8/23/10,0.89,-0.022223137
8/24/10,0.88,-0.011299555
8/25/10,0.87,-0.011428696
8/26/10,0.87,0
8/27/10,0.86,-0.011560822
8/31/10,0.84,-0.023530497
9/1/10,0.84,0
9/2/10,0.84,0
9/3/10,0.83,-0.011976191
9/6/10,0.83,0
9/7/10,0.83,0
9/8/10,0.82,-0.012121361
9/9/10,0.82,0
9/10/10,0.82,0
9/13/10,0.82,0
9/14/10,0.81,-0.012270093
9/15/10,0.8,-0.01242252
9/16/10,0.79,-0.012578782
9/17/10,0.79,0
9/20/10,0.79,0
9/21/10,0.79,0
9/22/10,0.78,-0.012739026
9/23/10,0.78,0
9/24/10,0.78,0
9/27/10,0.78,0
9/28/10,0.78,0
9/29/10,0.78,0
9/30/10,0.78,0
10/1/10,0.78,0
10/4/10,0.78,0
10/5/10,0.78,0
10/6/10,0.77,-0.012903405
10/7/10,0.77,0
10/8/10,0.77,0
10/11/10,0.77,0
10/12/10,0.77,0
10/13/10,0.77,0
10/14/10,0.77,0
10/15/10,0.77,0
10/18/10,0.77,0
10/19/10,0.77,0
10/20/10,0.77,0
10/21/10,0.77,0
10/22/10,0.77,0
10/25/10,0.77,0
10/26/10,0.77,0
10/27/10,0.77,0
10/28/10,0.76,-0.013072082
10/29/10,0.76,0
11/1/10,0.76,0
11/2/10,0.76,0
11/3/10,0.76,0
11/4/10,0.76,0
11/5/10,0.76,0
11/8/10,0.76,0
11/9/10,0.76,0
11/10/10,0.76,0
11/11/10,0.76,0
11/12/10,0.76,0
11/15/10,0.76,0
11/16/10,0.76,0
11/17/10,0.76,0
11/18/10,0.76,0
11/19/10,0.76,0
11/22/10,0.76,0
11/23/10,0.76,0
11/24/10,0.77,0.013072082
11/25/10,0.78,0.012903405
11/26/10,0.78,0
11/29/10,0.78,0
11/30/10,0.79,0.012739026
12/1/10,0.79,0
12/2/10,0.79,0
12/3/10,0.79,0
12/6/10,0.78,-0.012739026
12/7/10,0.78,0
12/8/10,0.78,0
12/9/10,0.78,0
12/10/10,0.78,0
12/13/10,0.79,0.012739026
12/14/10,0.78,-0.012739026
12/15/10,0.78,0
12/16/10,0.79,0.012739026
12/17/10,0.78,-0.012739026
12/20/10,0.78,0
12/21/10,0.78,0
12/22/10,0.78,0
12/23/10,0.78,0
12/24/10,0.78,0
12/29/10,0.78,0
12/30/10,0.78,0
12/31/10,0.78,0
1/4/11,0.78,0
1/5/11,0.78,0
1/6/11,0.79,0.012739026
1/7/11,0.79,0
1/10/11,0.78,-0.012739026
1/11/11,0.78,0
1/12/11,0.78,0
1/13/11,0.78,0
1/14/11,0.78,0
1/17/11,0.78,0
1/18/11,0.78,0
1/19/11,0.78,0
1/20/11,0.78,0
1/21/11,0.78,0
1/24/11,0.78,0
1/25/11,0.78,0
1/26/11,0.78,0
1/27/11,0.78,0
1/28/11,0.78,0
1/31/11,0.78,0
2/1/11,0.79,0.012739026
2/2/11,0.79,0
2/3/11,0.79,0
2/4/11,0.79,0
2/7/11,0.79,0
2/8/11,0.79,0
2/9/11,0.8,0.012578782
2/10/11,0.8,0
2/11/11,0.8,0
2/14/11,0.8,0
2/15/11,0.8,0
2/16/11,0.8,0
2/17/11,0.8,0
2/18/11,0.8,0
2/21/11,0.79,-0.012578782
2/22/11,0.79,0
2/23/11,0.79,0
2/24/11,0.79,0
2/25/11,0.79,0
2/28/11,0.79,0
3/1/11,0.79,0
3/2/11,0.79,0
3/3/11,0.79,0
3/4/11,0.79,0
3/7/11,0.79,0
3/8/11,0.78,-0.012739026
3/9/11,0.79,0.012739026
3/10/11,0.79,0
3/11/11,0.78,-0.012739026
3/14/11,0.78,0
3/15/11,0.77,-0.012903405
3/16/11,0.77,0
3/17/11,0.77,0
3/18/11,0.77,0
3/21/11,0.77,0
3/22/11,0.77,0
3/23/11,0.77,0
3/24/11,0.78,0.012903405
3/25/11,0.78,0
3/28/11,0.78,0
3/29/11,0.78,0
3/30/11,0.78,0
3/31/11,0.78,0
4/1/11,0.79,0.012739026
4/4/11,0.78,-0.012739026
4/5/11,0.78,0
4/6/11,0.78,0
4/7/11,0.78,0
4/8/11,0.78,0
4/11/11,0.77,-0.012903405
4/12/11,0.77,0
4/13/11,0.77,0
4/14/11,0.77,0
4/15/11,0.77,0
4/18/11,0.76,-0.013072082
4/19/11,0.76,0
4/20/11,0.76,0
4/21/11,0.76,0
4/26/11,0.76,0
4/27/11,0.76,0
4/28/11,0.76,0
5/3/11,0.76,0
5/4/11,0.76,0
5/5/11,0.75,-0.013245227
5/6/11,0.75,0
5/9/11,0.75,0
5/10/11,0.74,-0.01342302
5/11/11,0.74,0
5/12/11,0.74,0
5/13/11,0.74,0
5/16/11,0.74,0
5/17/11,0.74,0
5/18/11,0.73,-0.013605652
5/19/11,0.74,0.013605652
5/20/11,0.73,-0.013605652
5/23/11,0.73,0
5/24/11,0.73,0
5/25/11,0.73,0
5/26/11,0.73,0
5/27/11,0.73,0
5/31/11,0.73,0
6/1/11,0.73,0
6/2/11,0.73,0
6/3/11,0.73,0
6/6/11,0.73,0
6/7/11,0.73,0
6/8/11,0.72,-0.013793322
6/9/11,0.72,0
6/10/11,0.72,0
6/13/11,0.72,0
6/14/11,0.72,0
6/15/11,0.72,0
6/16/11,0.73,0.013793322
6/17/11,0.73,0
6/20/11,0.73,0
6/21/11,0.73,0
6/22/11,0.73,0
6/23/11,0.73,0
6/24/11,0.73,0
6/27/11,0.73,0
6/28/11,0.74,0.013605652
6/29/11,0.74,0
6/30/11,0.73,-0.013605652
7/1/11,0.73,0
7/4/11,0.73,0
7/5/11,0.73,0
7/6/11,0.74,0.013605652
7/7/11,0.74,0
7/8/11,0.74,0
7/11/11,0.73,-0.013605652
7/12/11,0.74,0.013605652
7/13/11,0.74,0
7/14/11,0.74,0
7/15/11,0.74,0
7/18/11,0.75,0.01342302
7/19/11,0.75,0
7/20/11,0.75,0
7/21/11,0.75,0
7/22/11,0.75,0
7/25/11,0.75,0
7/26/11,0.75,0
7/27/11,0.76,0.013245227
7/28/11,0.76,0
7/29/11,0.76,0
8/1/11,0.76,0
8/2/11,0.76,0
8/3/11,0.77,0.013072082
8/4/11,0.77,0
8/5/11,0.76,-0.013072082
8/8/11,0.77,0.013072082
8/9/11,0.77,0
8/10/11,0.77,0
8/11/11,0.77,0
8/12/11,0.77,0
8/15/11,0.77,0
8/16/11,0.78,0.012903405
8/17/11,0.78,0
8/18/11,0.78,0
8/19/11,0.78,0
8/22/11,0.79,0.012739026
8/23/11,0.79,0
8/24/11,0.79,0
8/25/11,0.8,0.012578782
8/26/11,0.8,0
8/30/11,0.8,0
8/31/11,0.8,0
9/1/11,0.8,0
9/2/11,0.8,0
9/5/11,0.81,0.01242252
9/6/11,0.81,0
9/7/11,0.82,0.012270093
9/8/11,0.82,0
9/9/11,0.82,0
9/12/11,0.83,0.012121361
9/13/11,0.83,0
9/14/11,0.83,0
9/15/11,0.84,0.011976191
9/16/11,0.83,-0.011976191
9/19/11,0.84,0.011976191
9/20/11,0.84,0
9/21/11,0.84,0
9/22/11,0.84,0
9/23/11,0.85,0.011834458
9/26/11,0.85,0
9/27/11,0.85,0
9/28/11,0.85,0
9/29/11,0.86,0.01169604
9/30/11,0.86,0
10/3/11,0.87,0.011560822
10/4/11,0.88,0.011428696
10/5/11,0.88,0
10/6/11,0.89,0.011299555
10/7/11,0.89,0
10/10/11,0.9,0.011173301
10/11/11,0.9,0
10/12/11,0.9,0
10/13/11,0.91,0.011049836
10/14/11,0.91,0
10/17/11,0.91,0
10/18/11,0.91,0
10/19/11,0.92,0.010929071
10/20/11,0.92,0
10/21/11,0.92,0
10/24/11,0.92,0
10/25/11,0.93,0.010810916
10/26/11,0.93,0
10/27/11,0.93,0
10/28/11,0.93,0
10/31/11,0.94,0.010695289
11/1/11,0.94,0
11/2/11,0.94,0
11/3/11,0.94,0
11/4/11,0.95,0.010582109
11/7/11,0.95,0
11/8/11,0.96,0.0104713
11/9/11,0.96,0
11/10/11,0.98,0.020619287
11/11/11,0.98,0
11/14/11,0.99,0.010152371
11/15/11,0.99,0
11/16/11,1,0.010050336
11/17/11,1.01,0.009950331
11/18/11,1.02,0.009852296
11/21/11,1.03,0.009756175
11/22/11,1.03,0
11/23/11,1.04,0.009661911
11/24/11,1.05,0.009569451
11/25/11,1.05,0
11/28/11,1.06,0.009478744
11/29/11,1.07,0.00938974
11/30/11,1.07,0
12/1/11,1.06,-0.00938974
12/2/11,1.07,0.00938974
12/5/11,1.07,0
12/6/11,1.08,0.009302393
12/7/11,1.08,0
12/8/11,1.08,0
12/9/11,1.08,0
12/12/11,1.09,0.009216655
12/13/11,1.09,0
12/14/11,1.1,0.009132484
12/15/11,1.11,0.009049836
12/16/11,1.11,0
12/19/11,1.11,0
12/20/11,1.12,0.00896867
12/21/11,1.12,0
12/22/11,1.12,0
12/23/11,1.12,0
12/28/11,1.13,0.008888947
12/29/11,1.13,0
12/30/11,1.13,0
1/3/12,1.13,0
1/4/12,1.13,0
1/5/12,1.13,0
1/6/12,1.13,0
1/9/12,1.13,0
1/10/12,1.13,0
1/11/12,1.12,-0.008888947
1/12/12,1.12,0
1/13/12,1.11,-0.00896867
1/16/12,1.11,0
1/17/12,1.11,0
1/18/12,1.11,0
1/19/12,1.11,0
1/20/12,1.11,0
1/23/12,1.11,0
1/24/12,1.11,0
1/25/12,1.11,0
1/26/12,1.1,-0.009049836
1/27/12,1.1,0
1/30/12,1.1,0
1/31/12,1.1,0
2/1/12,1.09,-0.009132484
2/2/12,1.09,0
2/3/12,1.08,-0.009216655
2/6/12,1.08,0
2/7/12,1.08,0
2/8/12,1.08,0
2/9/12,1.07,-0.009302393
2/10/12,1.07,0
2/13/12,1.07,0
2/14/12,1.07,0
2/15/12,1.07,0
2/16/12,1.07,0
2/17/12,1.07,0
2/20/12,1.07,0
2/21/12,1.07,0
2/22/12,1.07,0
2/23/12,1.07,0
2/24/12,1.07,0
2/27/12,1.07,0
2/28/12,1.06,-0.00938974
2/29/12,1.06,0
3/1/12,1.06,0
3/2/12,1.06,0
3/5/12,1.05,-0.009478744
3/6/12,1.05,0
3/7/12,1.06,0.009478744
3/8/12,1.06,0
3/9/12,1.06,0
3/12/12,1.06,0
3/13/12,1.06,0
3/14/12,1.06,0
3/15/12,1.05,-0.009478744
3/16/12,1.05,0
3/19/12,1.05,0
3/20/12,1.05,0
3/21/12,1.05,0
3/22/12,1.05,0
3/23/12,1.05,0
3/26/12,1.05,0
3/27/12,1.05,0
3/28/12,1.05,0
3/29/12,1.05,0
3/30/12,1.05,0
4/2/12,1.05,0
4/3/12,1.05,0
4/4/12,1.05,0
4/5/12,1.05,0
4/10/12,1.05,0
4/11/12,1.05,0
4/12/12,1.05,0
4/13/12,1.05,0
4/16/12,1.05,0
4/17/12,1.05,0
4/18/12,1.05,0
4/19/12,1.05,0
4/20/12,1.05,0
4/23/12,1.05,0
4/24/12,1.05,0
4/25/12,1.05,0
4/26/12,1.05,0
4/27/12,1.05,0
4/30/12,1.05,0
5/1/12,1.05,0
5/2/12,1.05,0
5/3/12,1.05,0
5/4/12,1.05,0
5/8/12,1.05,0
5/9/12,1.05,0
5/10/12,1.05,0
5/11/12,1.06,0.009478744
5/14/12,1.06,0
5/15/12,1.06,0
5/16/12,1.07,0.00938974
5/17/12,1.07,0
5/18/12,1.07,0
5/21/12,1.07,0
5/22/12,1.07,0
5/23/12,1.07,0
5/24/12,1.07,0
5/25/12,1.07,0
5/28/12,1.07,0
5/29/12,1.07,0
5/30/12,1.07,0
5/31/12,1.07,0
6/1/12,1.07,0
6/6/12,1.07,0
6/7/12,1.07,0
6/8/12,1.07,0
6/11/12,1.07,0
6/12/12,1.07,0
6/13/12,1.07,0
6/14/12,1.07,0
6/15/12,1.07,0
6/18/12,1.07,0
6/19/12,1.07,0
6/20/12,1.07,0
6/21/12,1.07,0
6/22/12,1.07,0
6/25/12,1.07,0
6/26/12,1.07,0
6/27/12,1.07,0
6/28/12,1.07,0
6/29/12,1.07,0
7/2/12,1.07,0
7/3/12,1.07,0
7/4/12,1.07,0
7/5/12,1.07,0
7/6/12,1.07,0
7/9/12,1.07,0
7/10/12,1.07,0
7/11/12,1.07,0
7/12/12,1.07,0
7/13/12,1.07,0
7/16/12,1.07,0
7/17/12,1.07,0
7/18/12,1.07,0
7/19/12,1.06,-0.00938974
7/20/12,1.06,0
7/23/12,1.06,0
7/24/12,1.06,0
7/25/12,1.06,0
7/26/12,1.06,0
7/27/12,1.06,0
7/30/12,1.06,0
7/31/12,1.05,-0.009478744
8/1/12,1.05,0
8/2/12,1.05,0
8/3/12,1.05,0
8/6/12,1.05,0
8/7/12,1.05,0
8/8/12,1.05,0
8/9/12,1.05,0
8/10/12,1.05,0
8/13/12,1.05,0
8/14/12,1.05,0
8/15/12,1.05,0
8/16/12,1.04,-0.009569451
8/17/12,1.04,0
8/20/12,1.04,0
8/21/12,1.04,0
8/22/12,1.04,0
8/23/12,1.04,0
8/24/12,1.04,0
8/28/12,1.04,0
8/29/12,1.03,-0.009661911
8/30/12,1.03,0
8/31/12,1.03,0
9/3/12,1.03,0
9/4/12,1.03,0
9/5/12,1.03,0
9/6/12,1.02,-0.009756175
9/7/12,1.02,0
9/10/12,1.02,0
9/11/12,1.01,-0.009852296
9/12/12,1.01,0
9/13/12,1,-0.009950331
9/14/12,1,0
9/17/12,0.99,-0.010050336
9/18/12,0.99,0
9/19/12,0.99,0
9/20/12,0.99,0
9/21/12,0.98,-0.010152371
9/24/12,0.98,0
9/25/12,0.98,0
9/26/12,0.98,0
9/27/12,0.98,0
9/28/12,0.97,-0.0102565
10/1/12,0.97,0
10/2/12,0.96,-0.010362787
10/3/12,0.96,0
10/4/12,0.96,0
10/5/12,0.95,-0.0104713
10/8/12,0.95,0
10/9/12,0.95,0
10/10/12,0.94,-0.010582109
10/11/12,0.94,0
10/12/12,0.94,0
10/15/12,0.93,-0.010695289
10/16/12,0.92,-0.010810916
10/17/12,0.91,-0.010929071
10/18/12,0.9,-0.011049836
10/19/12,0.9,0
10/22/12,0.89,-0.011173301
10/23/12,0.89,0
10/24/12,0.88,-0.011299555
10/25/12,0.88,0
10/26/12,0.88,0
10/29/12,0.88,0
10/30/12,0.88,0
10/31/12,0.88,0
11/1/12,0.88,0
11/2/12,0.88,0
11/5/12,0.87,-0.011428696
11/6/12,0.87,0
11/7/12,0.87,0
11/8/12,0.86,-0.011560822
11/9/12,0.86,0
11/12/12,0.86,0
11/13/12,0.86,0
11/14/12,0.86,0
11/15/12,0.86,0
11/16/12,0.86,0
11/19/12,0.86,0
11/20/12,0.86,0
11/21/12,0.86,0
11/22/12,0.86,0
11/23/12,0.86,0
11/26/12,0.86,0
11/27/12,0.86,0
11/28/12,0.86,0
11/29/12,0.86,0
11/30/12,0.86,0
12/3/12,0.86,0
12/4/12,0.86,0
12/5/12,0.86,0
12/6/12,0.86,0
12/7/12,0.85,-0.01169604
12/10/12,0.85,0
12/11/12,0.85,0
12/12/12,0.85,0
12/13/12,0.85,0
12/14/12,0.84,-0.011834458
12/17/12,0.84,0
12/18/12,0.84,0
12/19/12,0.84,0
12/20/12,0.84,0
12/21/12,0.84,0
12/24/12,0.84,0
12/27/12,0.84,0
12/28/12,0.84,0
12/31/12,0.84,0
1/2/13,0.84,0
1/3/13,0.84,0
1/4/13,0.84,0
1/7/13,0.83,-0.011976191
1/8/13,0.83,0
1/9/13,0.83,0
1/10/13,0.82,-0.012121361
1/11/13,0.82,0
1/14/13,0.82,0
1/15/13,0.81,-0.012270093
1/16/13,0.81,0
1/17/13,0.81,0
1/18/13,0.81,0
1/21/13,0.81,0
1/22/13,0.81,0
1/23/13,0.81,0
1/24/13,0.8,-0.01242252
1/25/13,0.8,0
1/28/13,0.8,0
1/29/13,0.8,0
1/30/13,0.79,-0.012578782
1/31/13,0.78,-0.012739026
2/1/13,0.78,0
2/4/13,0.77,-0.012903405
2/5/13,0.77,0
2/6/13,0.77,0
2/7/13,0.77,0
2/8/13,0.77,0
2/11/13,0.77,0
2/12/13,0.76,-0.013072082
2/13/13,0.76,0
2/14/13,0.76,0
2/15/13,0.76,0
2/18/13,0.76,0
2/19/13,0.76,0
2/20/13,0.76,0
2/21/13,0.76,0
2/22/13,0.76,0
2/25/13,0.75,-0.013245227
2/26/13,0.75,0
2/27/13,0.75,0
2/28/13,0.75,0
3/1/13,0.75,0
3/4/13,0.75,0
3/5/13,0.74,-0.01342302
3/6/13,0.74,0
3/7/13,0.74,0
3/8/13,0.73,-0.013605652
3/11/13,0.73,0
3/12/13,0.73,0
3/13/13,0.73,0
3/14/13,0.73,0
3/15/13,0.73,0
3/18/13,0.73,0
3/19/13,0.74,0.013605652
3/20/13,0.74,0
3/21/13,0.74,0
3/22/13,0.74,0
3/25/13,0.73,-0.013605652
3/26/13,0.73,0
3/27/13,0.73,0
3/28/13,0.73,0
4/2/13,0.73,0
4/3/13,0.73,0
4/4/13,0.72,-0.013793322
4/5/13,0.72,0
4/8/13,0.72,0
4/9/13,0.72,0
4/10/13,0.72,0
4/11/13,0.72,0
4/12/13,0.72,0
4/15/13,0.72,0
4/16/13,0.72,0
4/17/13,0.72,0
4/18/13,0.72,0
4/19/13,0.72,0
4/22/13,0.72,0
4/23/13,0.71,-0.013986242
4/24/13,0.71,0
4/25/13,0.71,0
4/26/13,0.71,0
4/29/13,0.71,0
4/30/13,0.7,-0.014184635
5/1/13,0.7,0
5/2/13,0.7,0
5/3/13,0.7,0
5/7/13,0.7,0
5/8/13,0.7,0
5/9/13,0.7,0
5/10/13,0.7,0
5/13/13,0.7,0
5/14/13,0.7,0
5/15/13,0.69,-0.014388737
5/16/13,0.69,0
5/17/13,0.69,0
5/20/13,0.69,0
5/21/13,0.69,0
5/22/13,0.69,0
5/23/13,0.69,0
5/24/13,0.69,0
5/28/13,0.68,-0.014598799
5/29/13,0.69,0.014598799
5/30/13,0.69,0
5/31/13,0.69,0
6/3/13,0.69,0
6/4/13,0.69,0
6/5/13,0.69,0
6/6/13,0.69,0
6/7/13,0.69,0
6/10/13,0.68,-0.014598799
6/11/13,0.68,0
6/12/13,0.68,0
6/13/13,0.68,0
6/14/13,0.67,-0.014815086
6/17/13,0.67,0
6/18/13,0.67,0
6/19/13,0.67,0
6/20/13,0.68,0.014815086
6/21/13,0.68,0
6/24/13,0.7,0.028987537
6/25/13,0.7,0
6/26/13,0.7,0
6/27/13,0.69,-0.014388737
6/28/13,0.69,0
7/1/13,0.69,0
7/2/13,0.69,0
7/3/13,0.69,0
7/4/13,0.69,0
7/5/13,0.69,0
7/8/13,0.69,0
7/9/13,0.69,0
7/10/13,0.69,0
7/11/13,0.69,0
7/12/13,0.69,0
7/15/13,0.69,0
7/16/13,0.69,0
7/17/13,0.68,-0.014598799
7/18/13,0.68,0
7/19/13,0.68,0
7/22/13,0.68,0
7/23/13,0.68,0
7/24/13,0.68,0
7/25/13,0.68,0
7/26/13,0.67,-0.014815086
7/29/13,0.67,0
7/30/13,0.67,0
7/31/13,0.67,0
8/1/13,0.67,0
8/2/13,0.67,0
8/5/13,0.67,0
8/6/13,0.67,0
8/7/13,0.67,0
8/8/13,0.66,-0.015037877
8/9/13,0.66,0
8/12/13,0.67,0.015037877
8/13/13,0.66,-0.015037877
8/14/13,0.67,0.015037877
8/15/13,0.67,0
8/16/13,0.67,0
8/19/13,0.67,0
8/20/13,0.67,0
8/21/13,0.67,0
8/22/13,0.67,0
8/23/13,0.68,0.014815086
8/27/13,0.67,-0.014815086
8/28/13,0.67,0
8/29/13,0.67,0
8/30/13,0.67,0
9/2/13,0.67,0
9/3/13,0.67,0
9/4/13,0.67,0
9/5/13,0.68,0.014815086
9/6/13,0.68,0
9/9/13,0.67,-0.014815086
9/10/13,0.67,0
9/11/13,0.67,0
9/12/13,0.66,-0.015037877
9/13/13,0.66,0
9/16/13,0.66,0
9/17/13,0.65,-0.015267472
9/18/13,0.65,0
9/19/13,0.64,-0.015504187
9/20/13,0.64,0
9/23/13,0.64,0
9/24/13,0.64,0
9/25/13,0.63,-0.015748357
9/26/13,0.63,0
9/27/13,0.63,0
9/30/13,0.63,0
10/1/13,0.63,0
10/2/13,0.62,-0.016000341
10/3/13,0.62,0
10/4/13,0.62,0
10/7/13,0.62,0
10/8/13,0.62,0
10/9/13,0.63,0.016000341
10/10/13,0.63,0
10/11/13,0.63,0
10/14/13,0.63,0
10/15/13,0.63,0
10/16/13,0.63,0
10/17/13,0.62,-0.016000341
10/18/13,0.61,-0.016260521
10/21/13,0.61,0
10/22/13,0.61,0
10/23/13,0.61,0
10/24/13,0.61,0
10/25/13,0.61,0
10/28/13,0.61,0
10/29/13,0.61,0
10/30/13,0.6,-0.016529302
10/31/13,0.6,0
11/1/13,0.6,0
11/4/13,0.6,0
11/5/13,0.6,0
11/6/13,0.6,0
11/7/13,0.6,0
11/8/13,0.59,-0.016807118
11/11/13,0.6,0.016807118
11/12/13,0.59,-0.016807118
11/13/13,0.59,0
11/14/13,0.59,0
11/15/13,0.58,-0.017094433
11/18/13,0.59,0.017094433
11/19/13,0.58,-0.017094433
11/20/13,0.58,0
11/21/13,0.58,0
11/22/13,0.57,-0.017391743
11/25/13,0.57,0
11/26/13,0.58,0.017391743
11/27/13,0.58,0
11/28/13,0.58,0
11/29/13,0.58,0
12/2/13,0.58,0
12/3/13,0.58,0
12/4/13,0.58,0
12/5/13,0.58,0
12/6/13,0.58,0
12/9/13,0.57,-0.017391743
12/10/13,0.57,0
12/11/13,0.57,0
12/12/13,0.58,0.017391743
12/13/13,0.58,0
12/16/13,0.58,0
12/17/13,0.58,0
12/18/13,0.58,0
12/19/13,0.58,0
12/20/13,0.58,0
12/23/13,0.58,0
12/24/13,0.58,0
12/27/13,0.58,0
12/30/13,0.58,0
12/31/13,0.58,0
1/2/14,0.58,0
1/3/14,0.58,0
1/6/14,0.59,0.017094433
1/7/14,0.59,0
1/8/14,0.59,0
1/9/14,0.58,-0.017094433
1/10/14,0.58,0
1/13/14,0.57,-0.017391743
1/14/14,0.57,0
1/15/14,0.57,0
1/16/14,0.57,0
1/17/14,0.57,0
1/20/14,0.57,0
1/21/14,0.57,0
1/22/14,0.57,0
1/23/14,0.57,0
1/24/14,0.57,0
1/27/14,0.57,0
1/28/14,0.57,0
1/29/14,0.57,0
1/30/14,0.57,0
1/31/14,0.57,0
2/3/14,0.56,-0.017699577
2/4/14,0.56,0
2/5/14,0.56,0
2/6/14,0.56,0
2/7/14,0.56,0
2/10/14,0.55,-0.018018506
2/11/14,0.55,0
2/12/14,0.55,0
2/13/14,0.55,0
2/14/14,0.55,0
2/17/14,0.55,0
2/18/14,0.55,0
2/19/14,0.55,0
2/20/14,0.55,0
2/21/14,0.56,0.018018506
2/24/14,0.55,-0.018018506
2/25/14,0.55,0
2/26/14,0.55,0
2/27/14,0.55,0
2/28/14,0.55,0
3/3/14,0.55,0
3/4/14,0.55,0
3/5/14,0.55,0
3/6/14,0.55,0
3/7/14,0.55,0
3/10/14,0.56,0.018018506
3/11/14,0.56,0
3/12/14,0.56,0
3/13/14,0.56,0
3/14/14,0.56,0
3/17/14,0.56,0
3/18/14,0.56,0
3/19/14,0.56,0
3/20/14,0.56,0
3/21/14,0.56,0
3/24/14,0.56,0
3/25/14,0.56,0
3/26/14,0.56,0
3/27/14,0.56,0
3/28/14,0.56,0
3/31/14,0.56,0
4/1/14,0.55,-0.018018506
4/2/14,0.56,0.018018506
4/3/14,0.56,0
4/4/14,0.56,0
4/7/14,0.55,-0.018018506
4/8/14,0.55,0
4/9/14,0.55,0
4/10/14,0.55,0
4/11/14,0.55,0
4/14/14,0.55,0
4/15/14,0.55,0
4/16/14,0.55,0
4/17/14,0.55,0
4/22/14,0.55,0
4/23/14,0.55,0
4/24/14,0.55,0
4/25/14,0.5495,-0.000909504
4/28/14,0.5495,0
4/29/14,0.549,-0.000910332
4/30/14,0.549,0
5/1/14,0.5475,-0.00273598
5/2/14,0.547,-0.000913659
5/6/14,0.5436,-0.00623512
5/7/14,0.5436,0
5/8/14,0.5421,-0.002763196
5/9/14,0.5402,-0.003511045
5/12/14,0.5377,-0.004638658
5/13/14,0.5392,0.002785776
5/14/14,0.5371,-0.003902263
5/15/14,0.5346,-0.004665493
5/16/14,0.5346,0
5/19/14,0.5346,0
5/20/14,0.5346,0
5/21/14,0.5336,-0.001872309
5/22/14,0.5341,0.000936593
5/23/14,0.5354,0.002431044
5/27/14,0.5354,0
5/28/14,0.5354,0
5/29/14,0.5344,-0.001869509
5/30/14,0.5344,0
6/2/14,0.5345,0.000187108
6/3/14,0.535,0.000935016
6/4/14,0.534,-0.001870908
6/5/14,0.5345,0.000935892
6/6/14,0.5335,-0.00187266
6/9/14,0.5351,0.002994575
6/10/14,0.5366,0.002799293
6/11/14,0.5396,0.005575186
6/12/14,0.5401,0.000926183
6/13/14,0.5446,0.008297273
6/16/14,0.5466,0.003665693
6/17/14,0.5506,0.007291319
6/18/14,0.5506,0
6/19/14,0.5456,-0.009122486
6/20/14,0.5471,0.002745495
6/23/14,0.5471,0
6/24/14,0.5471,0
6/25/14,0.5471,0
6/26/14,0.5461,-0.001829492
6/27/14,0.5451,-0.001832845
6/30/14,0.5451,0
7/1/14,0.5462,0.002015945
7/2/14,0.5467,0.000914997
7/3/14,0.5467,0
7/4/14,0.5532,0.011819394
7/7/14,0.5562,0.005408342
7/8/14,0.5562,0
7/9/14,0.5572,0.0017963
7/10/14,0.5492,-0.014461568
7/11/14,0.5497,0.000910001
7/14/14,0.5519,0.003994196
7/15/14,0.5519,0
7/16/14,0.5549,0.005421047
7/17/14,0.5544,-0.000901469
7/18/14,0.5529,-0.002709295
7/21/14,0.5521,-0.001447964
7/22/14,0.5561,0.007218945
7/23/14,0.5536,-0.00450573
7/24/14,0.5571,0.006302353
7/25/14,0.5601,0.005370582
7/28/14,0.5636,0.006229441
7/29/14,0.5646,0.001772736
7/30/14,0.5686,0.007059683
7/31/14,0.5796,0.019161011
8/1/14,0.5781,-0.002591346
8/4/14,0.5621,-0.028067094
8/5/14,0.5604,-0.003028956
8/6/14,0.5559,-0.008062393
8/7/14,0.5554,-0.000899847
8/8/14,0.554,-0.002523888
8/11/14,0.5545,0.00090212
8/12/14,0.5553,0.001441701
8/13/14,0.5553,0
8/14/14,0.5508,-0.008136741
8/15/14,0.5506,-0.000363174
8/18/14,0.5511,0.000907688
8/19/14,0.5521,0.001812908
8/20/14,0.5561,0.007218945
8/21/14,0.5646,0.015169382
8/22/14,0.5656,0.001769599
8/26/14,0.5646,-0.001769599
8/27/14,0.5626,-0.00354862
8/28/14,0.5631,0.000888336
8/29/14,0.5656,0.004429882
9/1/14,0.5646,-0.001769599
9/2/14,0.5621,-0.004437746
9/3/14,0.5656,0.006207345
9/4/14,0.5641,-0.002655574
9/5/14,0.5691,0.008824625
9/8/14,0.5626,-0.01148727
9/9/14,0.5737,0.019537716
9/10/14,0.5807,0.012127661
9/11/14,0.5822,0.002579759
9/12/14,0.5862,0.006846997
9/15/14,0.5847,-0.002562133
9/16/14,0.5827,-0.003426421
9/17/14,0.5827,0
9/18/14,0.5852,0.004281195
9/19/14,0.5847,-0.000854774
9/22/14,0.5817,-0.005144044
9/23/14,0.5812,-0.000859919
9/24/14,0.5827,0.002577542
9/25/14,0.5822,-0.000858443
9/26/14,0.5777,-0.007759329
9/29/14,0.5802,0.004318169
9/30/14,0.5786,-0.002761479
10/1/14,0.5776,-0.001729805
10/2/14,0.5681,-0.016584128
10/3/14,0.5691,0.001758706
10/6/14,0.5718,0.004733114
10/7/14,0.5713,-0.000874814
10/8/14,0.5673,-0.007026201
10/9/14,0.5506,-0.029879672
10/10/14,0.5526,0.00362582
10/13/14,0.5473,-0.009637314
10/14/14,0.5421,-0.009546612
10/15/14,0.5444,0.004233785
10/16/14,0.5447,0.000550914
10/17/14,0.5469,0.004030786
10/20/14,0.5472,0.000548396
10/21/14,0.5412,-0.01102547
10/22/14,0.5421,0.00166159
10/23/14,0.5436,0.002763196
10/24/14,0.5426,-0.001841282
10/27/14,0.5418,-0.001475471
10/28/14,0.5416,-0.000369208
10/29/14,0.5418,0.000369208
10/30/14,0.5558,0.025511588
10/31/14,0.5538,-0.003604907
11/3/14,0.5558,0.003604907
11/4/14,0.5558,0
11/5/14,0.5578,0.003591958
11/6/14,0.5578,0
11/7/14,0.5663,0.015123498
11/10/14,0.5563,-0.017816256
11/11/14,0.5643,0.014278308
11/12/14,0.5638,-0.000886446
11/13/14,0.5663,0.004424394
11/14/14,0.5633,-0.005311627
11/17/14,0.5611,-0.003913203
11/18/14,0.5611,0
11/19/14,0.5628,0.003025182
11/20/14,0.5618,-0.001778411
11/21/14,0.5643,0.00444011
11/24/14,0.5643,0
11/25/14,0.5646,0.000531491
11/26/14,0.5646,0
11/27/14,0.5646,0
11/28/14,0.5646,0
12/1/14,0.5626,-0.00354862
12/2/14,0.5648,0.00390279
12/3/14,0.5703,0.009690852
12/4/14,0.575,0.008207503
12/5/14,0.5766,0.002778744
12/8/14,0.6031,0.044934235
12/9/14,0.5981,-0.008325056
12/10/14,0.6026,0.007495663
12/11/14,0.6003,-0.003824096
12/12/14,0.6013,0.001664448
12/15/14,0.5978,-0.005837728
12/16/14,0.5993,0.002506058
12/17/14,0.6053,0.009961895
12/18/14,0.6053,0
12/19/14,0.6168,0.018820619
12/22/14,0.6223,0.008877469
12/23/14,0.6278,0.008799353
12/24/14,0.6288,0.001591597
12/29/14,0.6288,0
12/30/14,0.6288,0
12/31/14,0.6288,0