Daily, value
1/4/94,3.88
1/5/94,3.88
1/6/94,3.88
1/7/94,3.88
1/10/94,3.75
1/11/94,3.75
1/12/94,3.69
1/13/94,3.69
1/14/94,3.75
1/17/94,3.75
1/18/94,3.75
1/19/94,3.75
1/20/94,3.75
1/21/94,3.69
1/24/94,3.7
1/25/94,3.69
1/26/94,3.73
1/27/94,3.7
1/28/94,3.7
1/31/94,3.69
2/1/94,3.75
2/2/94,3.81
2/3/94,3.88
2/4/94,3.94
2/7/94,4.06
2/8/94,4.06
2/9/94,4.13
2/10/94,4.06
2/11/94,4.06
2/14/94,4.06
2/15/94,4.13
2/16/94,4.13
2/17/94,4.13
2/18/94,4.13
2/21/94,4.19
2/22/94,4.19
2/23/94,4.19
2/24/94,4.31
2/25/94,4.32
2/28/94,4.31
3/1/94,4.31
3/2/94,4.5
3/3/94,4.44
3/4/94,4.5
3/7/94,4.56
3/8/94,4.56
3/9/94,4.59
3/10/94,4.57
3/11/94,4.63
3/14/94,4.56
3/15/94,4.63
3/16/94,4.56
3/17/94,4.56
3/18/94,4.63
3/21/94,4.69
3/22/94,4.75
3/23/94,4.63
3/24/94,4.68
3/25/94,4.69
3/28/94,4.69
3/29/94,4.69
3/30/94,4.75
3/31/94,4.75
4/5/94,5.06
4/6/94,4.94
4/7/94,4.94
4/8/94,4.94
4/11/94,5
4/12/94,5
4/13/94,5
4/14/94,5.06
4/15/94,5.06
4/18/94,5.06
4/19/94,5.31
4/20/94,5.31
4/21/94,5.31
4/22/94,5.25
4/25/94,5.25
4/26/94,5.25
4/27/94,5.25
4/28/94,5.25
4/29/94,5.31
5/3/94,5.42
5/4/94,5.5
5/5/94,5.56
5/6/94,5.56
5/9/94,5.81
5/10/94,5.81
5/11/94,5.81
5/12/94,5.94
5/13/94,5.81
5/16/94,5.75
5/17/94,5.71
5/18/94,5.56
5/19/94,5.5
5/20/94,5.38
5/23/94,5.44
5/24/94,5.51
5/25/94,5.51
5/26/94,5.5
5/27/94,5.5
5/31/94,5.56
6/1/94,5.63
6/2/94,5.63
6/3/94,5.56
6/6/94,5.44
6/7/94,5.44
6/8/94,5.44
6/9/94,5.44
6/10/94,5.44
6/13/94,5.5
6/14/94,5.5
6/15/94,5.44
6/16/94,5.5
6/17/94,5.45
6/20/94,5.5
6/21/94,5.63
6/22/94,5.63
6/23/94,5.61
6/24/94,5.63
6/27/94,5.75
6/28/94,5.75
6/29/94,5.81
6/30/94,5.81
7/1/94,5.84
7/4/94,5.81
7/5/94,5.81
7/6/94,5.81
7/7/94,5.78
7/8/94,5.76
7/11/94,5.88
7/12/94,5.94
7/13/94,5.88
7/14/94,5.88
7/15/94,5.75
7/18/94,5.69
7/19/94,5.63
7/20/94,5.56
7/21/94,5.75
7/22/94,5.75
7/25/94,5.81
7/26/94,5.75
7/27/94,5.75
7/28/94,5.81
7/29/94,5.81
8/1/94,5.69
8/2/94,5.69
8/3/94,5.69
8/4/94,5.63
8/5/94,5.63
8/8/94,5.81
8/9/94,5.81
8/10/94,5.81
8/11/94,5.81
8/12/94,5.88
8/15/94,5.88
8/16/94,5.88
8/17/94,5.75
8/18/94,5.81
8/19/94,5.81
8/22/94,5.81
8/23/94,5.81
8/24/94,5.81
8/25/94,5.76
8/26/94,5.81
8/30/94,5.81
8/31/94,5.81
9/1/94,5.81
9/2/94,5.81
9/5/94,5.81
9/6/94,5.81
9/7/94,5.81
9/8/94,5.81
9/9/94,5.81
9/12/94,5.94
9/13/94,6
9/14/94,6
9/15/94,5.96
9/16/94,5.94
9/19/94,6
9/20/94,6.06
9/21/94,6.06
9/22/94,6.19
9/23/94,6.19
9/26/94,6.19
9/27/94,6.19
9/28/94,6.19
9/29/94,6.19
9/30/94,6.31
10/3/94,6.31
10/4/94,6.38
10/5/94,6.38
10/6/94,6.44
10/7/94,6.45
10/10/94,6.38
10/11/94,6.38
10/12/94,6.38
10/13/94,6.38
10/14/94,6.38
10/17/94,6.31
10/18/94,6.31
10/19/94,6.31
10/20/94,6.38
10/21/94,6.5
10/24/94,6.5
10/25/94,6.56
10/26/94,6.56
10/27/94,6.56
10/28/94,6.56
10/31/94,6.5
11/1/94,6.5
11/2/94,6.63
11/3/94,6.66
11/4/94,6.69
11/7/94,6.75
11/8/94,6.75
11/9/94,6.75
11/10/94,6.75
11/11/94,6.75
11/14/94,6.75
11/15/94,6.75
11/16/94,6.81
11/17/94,6.88
11/18/94,6.94
11/21/94,6.94
11/22/94,7
11/23/94,6.94
11/24/94,6.94
11/25/94,6.94
11/28/94,6.94
11/29/94,7.06
11/30/94,7.25
12/1/94,7.25
12/2/94,7.44
12/5/94,7.44
12/6/94,7.56
12/7/94,7.44
12/8/94,7.5
12/9/94,7.56
12/12/94,7.56
12/13/94,7.69
12/14/94,7.75
12/15/94,7.63
12/16/94,7.5
12/19/94,7.56
12/20/94,7.56
12/21/94,7.56
12/22/94,7.56
12/23/94,7.69
12/28/94,7.69
12/29/94,7.75
12/30/94,7.75
1/3/95,7.81
1/4/95,7.81
1/5/95,7.69
1/6/95,7.69
1/9/95,7.69
1/10/95,7.69
1/11/95,7.63
1/12/95,7.56
1/13/95,7.52
1/16/95,7.31
1/17/95,7.31
1/18/95,7.44
1/19/95,7.5
1/20/95,7.45
1/23/95,7.44
1/24/95,7.44
1/25/95,7.5
1/26/95,7.41
1/27/95,7.31
1/30/95,7.25
1/31/95,7.25
2/1/95,7.25
2/2/95,7.32
2/3/95,7.31
2/6/95,7.13
2/7/95,7.13
2/8/95,7.13
2/9/95,7.13
2/10/95,7.13
2/13/95,7.25
2/14/95,7.25
2/15/95,7.19
2/16/95,7.06
2/17/95,7
2/20/95,7
2/21/95,7
2/22/95,7
2/23/95,6.75
2/24/95,6.81
2/27/95,6.75
2/28/95,6.75
3/1/95,6.75
3/2/95,6.81
3/3/95,6.87
3/6/95,6.94
3/7/95,6.94
3/8/95,7
3/9/95,6.91
3/10/95,6.81
3/13/95,6.81
3/14/95,6.75
3/15/95,6.75
3/16/95,6.75
3/17/95,6.75
3/20/95,6.75
3/21/95,6.75
3/22/95,6.75
3/23/95,6.75
3/24/95,6.75
3/27/95,6.69
3/28/95,6.69
3/29/95,6.75
3/30/95,6.75
3/31/95,6.81
4/3/95,6.88
4/4/95,6.81
4/5/95,6.75
4/6/95,6.75
4/7/95,6.72
4/10/95,6.7
4/11/95,6.69
4/12/95,6.69
4/13/95,6.69
4/18/95,6.56
4/19/95,6.56
4/20/95,6.56
4/21/95,6.5
4/24/95,6.5
4/25/95,6.5
4/26/95,6.5
4/27/95,6.56
4/28/95,6.63
5/1/95,6.63
5/2/95,6.63
5/3/95,6.56
5/4/95,6.5
5/5/95,6.44
5/9/95,6.25
5/10/95,6.13
5/11/95,6.19
5/12/95,6.25
5/15/95,6.25
5/16/95,6.21
5/17/95,6.19
5/18/95,6.19
5/19/95,6.25
5/22/95,6.25
5/23/95,6.25
5/24/95,6.13
5/25/95,6.06
5/26/95,6.06
5/30/95,6.06
5/31/95,6
6/1/95,6
6/2/95,5.88
6/5/95,5.64
6/6/95,5.75
6/7/95,5.75
6/8/95,5.94
6/9/95,6
6/12/95,6.06
6/13/95,6
6/14/95,5.81
6/15/95,5.81
6/16/95,5.94
6/19/95,5.88
6/20/95,5.81
6/21/95,5.75
6/22/95,5.81
6/23/95,5.69
6/26/95,5.75
6/27/95,5.81
6/28/95,5.81
6/29/95,5.76
6/30/95,5.98
7/3/95,5.88
7/4/95,5.88
7/5/95,5.88
7/6/95,5.88
7/7/95,5.64
7/10/95,5.69
7/11/95,5.69
7/12/95,5.75
7/13/95,5.69
7/14/95,5.69
7/17/95,5.81
7/18/95,5.81
7/19/95,5.88
7/20/95,5.93
7/21/95,5.88
7/24/95,6
7/25/95,6
7/26/95,5.94
7/27/95,5.96
7/28/95,5.88
7/31/95,5.94
8/1/95,5.88
8/2/95,5.93
8/3/95,5.93
8/4/95,5.94
8/7/95,5.94
8/8/95,5.91
8/9/95,5.92
8/10/95,5.93
8/11/95,5.94
8/14/95,6.05
8/15/95,6.06
8/16/95,6.09
8/17/95,6.06
8/18/95,6.11
8/21/95,6.06
8/22/95,6.06
8/23/95,6.06
8/24/95,6.06
8/25/95,5.99
8/29/95,5.9
8/30/95,5.94
8/31/95,5.94
9/1/95,5.93
9/4/95,5.88
9/5/95,5.88
9/6/95,5.88
9/7/95,5.88
9/8/95,5.88
9/11/95,5.88
9/12/95,5.88
9/13/95,5.88
9/14/95,5.86
9/15/95,5.76
9/18/95,5.81
9/19/95,5.81
9/20/95,5.81
9/21/95,5.8
9/22/95,5.84
9/25/95,5.88
9/26/95,5.88
9/27/95,5.94
9/28/95,5.94
9/29/95,6
10/2/95,5.94
10/3/95,5.94
10/4/95,5.93
10/5/95,5.88
10/6/95,5.88
10/9/95,5.88
10/10/95,5.88
10/11/95,5.88
10/12/95,5.88
10/13/95,5.88
10/16/95,5.88
10/17/95,5.86
10/18/95,5.86
10/19/95,5.87
10/20/95,5.88
10/23/95,5.88
10/24/95,5.89
10/25/95,5.88
10/26/95,5.81
10/27/95,5.81
10/30/95,5.81
10/31/95,5.81
11/1/95,5.81
11/2/95,5.75
11/3/95,5.69
11/6/95,5.69
11/7/95,5.69
11/8/95,5.69
11/9/95,5.69
11/10/95,5.69
11/13/95,5.69
11/14/95,5.69
11/15/95,5.69
11/16/95,5.69
11/17/95,5.68
11/20/95,5.63
11/21/95,5.63
11/22/95,5.63
11/23/95,5.63
11/24/95,5.63
11/27/95,5.63
11/28/95,5.63
11/29/95,5.63
11/30/95,5.63
12/1/95,5.56
12/4/95,5.56
12/5/95,5.5
12/6/95,5.5
12/7/95,5.5
12/8/95,5.5
12/11/95,5.52
12/12/95,5.53
12/13/95,5.56
12/14/95,5.56
12/15/95,5.55
12/18/95,5.55
12/19/95,5.56
12/20/95,5.44
12/21/95,5.44
12/22/95,5.44
12/27/95,5.44
12/28/95,5.44
12/29/95,5.43
1/2/96,5.38
1/3/96,5.38
1/4/96,5.36
1/5/96,5.36
1/8/96,5.36
1/9/96,5.36
1/10/96,5.36
1/11/96,5.38
1/12/96,5.36
1/15/96,5.33
1/16/96,5.31
1/17/96,5.25
1/18/96,5.25
1/19/96,5.19
1/22/96,5.19
1/23/96,5.25
1/24/96,5.23
1/25/96,5.21
1/26/96,5.21
1/29/96,5.19
1/30/96,5.19
1/31/96,5.13
2/1/96,5.07
2/2/96,5.06
2/5/96,5.06
2/6/96,5.06
2/7/96,5.06
2/8/96,5.04
2/9/96,5.01
2/12/96,5
2/13/96,5
2/14/96,5
2/15/96,5
2/16/96,5
2/19/96,5
2/20/96,5.03
2/21/96,5.24
2/22/96,5.2
2/23/96,5.13
2/26/96,5.19
2/27/96,5.21
2/28/96,5.25
2/29/96,5.31
3/1/96,5.31
3/4/96,5.25
3/5/96,5.23
3/6/96,5.27
3/7/96,5.31
3/8/96,5.31
3/11/96,5.69
3/12/96,5.63
3/13/96,5.67
3/14/96,5.67
3/15/96,5.67
3/18/96,5.75
3/19/96,5.75
3/20/96,5.75
3/21/96,5.69
3/22/96,5.64
3/25/96,5.66
3/26/96,5.63
3/27/96,5.63
3/28/96,5.69
3/29/96,5.72
4/1/96,5.69
4/2/96,5.69
4/3/96,5.69
4/4/96,5.69
4/9/96,5.88
4/10/96,5.87
4/11/96,5.93
4/12/96,5.91
4/15/96,5.81
4/16/96,5.81
4/17/96,5.81
4/18/96,5.81
4/19/96,5.81
4/22/96,5.8
4/23/96,5.79
4/24/96,5.8
4/25/96,5.81
4/26/96,5.81
4/29/96,5.81
4/30/96,5.81
5/1/96,5.88
5/2/96,5.88
5/3/96,6
5/7/96,5.95
5/8/96,5.98
5/9/96,5.95
5/10/96,5.95
5/13/96,5.88
5/14/96,5.88
5/15/96,5.85
5/16/96,5.87
5/17/96,5.92
5/20/96,5.88
5/21/96,5.88
5/22/96,5.88
5/23/96,5.88
5/24/96,5.88
5/28/96,5.88
5/29/96,5.88
5/30/96,5.99
5/31/96,6
6/3/96,6.1
6/4/96,6.07
6/5/96,6.06
6/6/96,6.06
6/7/96,6.02
6/10/96,6.19
6/11/96,6.2
6/12/96,6.2
6/13/96,6.25
6/14/96,6.19
6/17/96,6.16
6/18/96,6.13
6/19/96,6.15
6/20/96,6.17
6/21/96,6.19
6/24/96,6.18
6/25/96,6.18
6/26/96,6.17
6/27/96,6.17
6/28/96,6.13
7/1/96,6.04
7/2/96,6.06
7/3/96,6.12
7/4/96,6.07
7/5/96,6.09
7/8/96,6.31
7/9/96,6.3
7/10/96,6.29
7/11/96,6.25
7/12/96,6.23
7/15/96,6.21
7/16/96,6.23
7/17/96,6.17
7/18/96,6.17
7/19/96,6.13
7/22/96,6.13
7/23/96,6.16
7/24/96,6.13
7/25/96,6.16
7/26/96,6.16
7/29/96,6.19
7/30/96,6.24
7/31/96,6.22
8/1/96,6.19
8/2/96,6.04
8/5/96,5.88
8/6/96,5.9
8/7/96,5.88
8/8/96,5.88
8/9/96,5.88
8/12/96,5.86
8/13/96,5.85
8/14/96,5.89
8/15/96,5.88
8/16/96,5.91
8/19/96,5.88
8/20/96,5.89
8/21/96,5.89
8/22/96,5.9
8/23/96,5.89
8/27/96,6.03
8/28/96,6.01
8/29/96,6.05
8/30/96,6.1
9/2/96,6.19
9/3/96,6.25
9/4/96,6.25
9/5/96,6.26
9/6/96,6.28
9/9/96,6.22
9/10/96,6.19
9/11/96,6.22
9/12/96,6.22
9/13/96,6.18
9/16/96,6.02
9/17/96,6.03
9/18/96,6.13
9/19/96,6.13
9/20/96,6.16
9/23/96,6.15
9/24/96,6.13
9/25/96,6.04
9/26/96,6
9/27/96,5.98
9/30/96,5.99
10/1/96,6
10/2/96,5.95
10/3/96,5.92
10/4/96,5.91
10/7/96,5.81
10/8/96,5.81
10/9/96,5.81
10/10/96,5.85
10/11/96,5.9
10/14/96,5.85
10/15/96,5.84
10/16/96,5.86
10/17/96,5.86
10/18/96,5.81
10/21/96,5.81
10/22/96,5.82
10/23/96,5.84
10/24/96,5.82
10/25/96,5.84
10/28/96,5.81
10/29/96,5.84
10/30/96,5.72
10/31/96,5.75
11/1/96,5.72
11/4/96,5.72
11/5/96,5.72
11/6/96,5.69
11/7/96,5.72
11/8/96,5.69
11/11/96,5.7
11/12/96,5.71
11/13/96,5.7
11/14/96,5.71
11/15/96,5.69
11/18/96,5.69
11/19/96,5.69
11/20/96,5.68
11/21/96,5.68
11/22/96,5.69
11/25/96,5.69
11/26/96,5.69
11/27/96,5.69
11/28/96,5.69
11/29/96,5.69
12/2/96,5.69
12/3/96,5.68
12/4/96,5.68
12/5/96,5.69
12/6/96,5.8
12/9/96,5.72
12/10/96,5.72
12/11/96,5.75
12/12/96,5.76
12/13/96,5.76
12/16/96,5.76
12/17/96,5.79
12/18/96,5.81
12/19/96,5.84
12/20/96,5.79
12/23/96,5.81
12/24/96,5.81
12/27/96,5.81
12/30/96,5.79
12/31/96,5.79
1/2/97,5.81
1/3/97,5.88
1/6/97,5.88
1/7/97,5.89
1/8/97,5.89
1/9/97,5.91
1/10/97,5.88
1/13/97,5.97
1/14/97,5.98
1/15/97,5.94
1/16/97,5.94
1/17/97,5.95
1/20/97,5.94
1/21/97,5.94
1/22/97,5.91
1/23/97,5.94
1/24/97,5.95
1/27/97,5.97
1/28/97,6
1/29/97,5.97
1/30/97,5.94
1/31/97,5.94
2/3/97,5.88
2/4/97,5.86
2/5/97,5.85
2/6/97,5.85
2/7/97,5.85
2/10/97,5.81
2/11/97,5.81
2/12/97,5.81
2/13/97,5.81
2/14/97,5.78
2/17/97,5.75
2/18/97,5.75
2/19/97,5.75
2/20/97,5.78
2/21/97,5.78
2/24/97,5.8
2/25/97,5.79
2/26/97,5.81
2/27/97,5.94
2/28/97,5.97
3/3/97,6
3/4/97,6
3/5/97,6.03
3/6/97,6
3/7/97,6.06
3/10/97,6
3/11/97,6
3/12/97,6.03
3/13/97,6.03
3/14/97,6.11
3/17/97,6.09
3/18/97,6.13
3/19/97,6.13
3/20/97,6.16
3/21/97,6.22
3/24/97,6.22
3/25/97,6.22
3/26/97,6.26
3/27/97,6.27
4/1/97,6.34
4/2/97,6.34
4/3/97,6.34
4/4/97,6.34
4/7/97,6.38
4/8/97,6.36
4/9/97,6.38
4/10/97,6.38
4/11/97,6.38
4/14/97,6.44
4/15/97,6.44
4/16/97,6.41
4/17/97,6.41
4/18/97,6.38
4/21/97,6.36
4/22/97,6.38
4/23/97,6.38
4/24/97,6.38
4/25/97,6.44
4/28/97,6.44
4/29/97,6.44
4/30/97,6.31
5/1/97,6.31
5/2/97,6.3
5/6/97,6.29
5/7/97,6.29
5/8/97,6.32
5/9/97,6.26
5/12/97,6.25
5/13/97,6.23
5/14/97,6.25
5/15/97,6.25
5/16/97,6.25
5/19/97,6.26
5/20/97,6.29
5/21/97,6.22
5/22/97,6.22
5/23/97,6.22
5/27/97,6.22
5/28/97,6.25
5/29/97,6.28
5/30/97,6.26
6/2/97,5.49
6/3/97,5.5
6/4/97,5.44
6/5/97,5.47
6/6/97,5.48
6/9/97,5.5
6/10/97,5.52
6/11/97,5.51
6/12/97,5.5
6/13/97,5.5
6/16/97,5.5
6/17/97,5.44
6/18/97,5.44
6/19/97,5.43
6/20/97,5.44
6/23/97,5.44
6/24/97,5.44
6/25/97,5.44
6/26/97,5.45
6/27/97,5.48
6/30/97,5.48
7/1/97,6.16
7/2/97,6.13
7/3/97,6.13
7/4/97,6.03
7/7/97,6.03
7/8/97,6.03
7/9/97,6.03
7/10/97,6.03
7/11/97,6.02
7/14/97,6.01
7/15/97,6.03
7/16/97,6.03
7/17/97,6
7/18/97,6.03
7/21/97,6.03
7/22/97,6.03
7/23/97,5.97
7/24/97,5.97
7/25/97,5.97
7/28/97,5.97
7/29/97,5.97
7/30/97,5.97
7/31/97,5.94
8/1/97,5.91
8/4/97,6
8/5/97,6.01
8/6/97,6.03
8/7/97,6.03
8/8/97,6.06
8/11/97,6.13
8/12/97,6.13
8/13/97,6.13
8/14/97,6.06
8/15/97,6.03
8/18/97,5.97
8/19/97,5.97
8/20/97,5.97
8/21/97,6
8/22/97,6.03
8/26/97,6.07
8/27/97,6.06
8/28/97,6.06
8/29/97,6.03
9/1/97,6.06
9/2/97,6.06
9/3/97,6.03
9/4/97,6.06
9/5/97,6.06
9/8/97,6.06
9/9/97,6.06
9/10/97,6.06
9/11/97,6.09
9/12/97,6.09
9/15/97,6.04
9/16/97,6.04
9/17/97,5.98
9/18/97,5.97
9/19/97,5.97
9/22/97,5.97
9/23/97,5.97
9/24/97,5.97
9/25/97,5.97
9/26/97,6
9/29/97,6
9/30/97,6
10/1/97,6
10/2/97,5.97
10/3/97,5.97
10/6/97,5.91
10/7/97,5.91
10/8/97,5.91
10/9/97,5.97
10/10/97,5.98
10/13/97,6.03
10/14/97,6.03
10/15/97,6.03
10/16/97,6.06
10/17/97,6.06
10/20/97,6.09
10/21/97,6.09
10/22/97,6.09
10/23/97,6.06
10/24/97,6.06
10/27/97,5.99
10/28/97,5.87
10/29/97,5.97
10/30/97,5.91
10/31/97,5.92
11/3/97,5.94
11/4/97,5.94
11/5/97,5.97
11/6/97,5.97
11/7/97,5.94
11/10/97,6
11/11/97,6.03
11/12/97,6.06
11/13/97,6.03
11/14/97,6
11/17/97,6.03
11/18/97,6
11/19/97,6
11/20/97,6
11/21/97,6
11/24/97,5.98
11/25/97,6
11/26/97,6
11/27/97,6
11/28/97,6.01
12/1/97,6.03
12/2/97,6.05
12/3/97,6.05
12/4/97,6.03
12/5/97,6
12/8/97,6.09
12/9/97,6.13
12/10/97,6.09
12/11/97,6.06
12/12/97,6.01
12/15/97,5.97
12/16/97,6
12/17/97,6.03
12/18/97,6.03
12/19/97,6
12/22/97,5.97
12/23/97,5.97
12/24/97,5.97
12/29/97,5.97
12/30/97,5.97
12/31/97,5.97
1/2/98,5.94
1/5/98,5.88
1/6/98,5.81
1/7/98,5.75
1/8/98,5.75
1/9/98,5.69
1/12/98,5.59
1/13/98,5.63
1/14/98,5.67
1/15/98,5.63
1/16/98,5.66
1/19/98,5.69
1/20/98,5.67
1/21/98,5.66
1/22/98,5.66
1/23/98,5.66
1/26/98,5.69
1/27/98,5.69
1/28/98,5.72
1/29/98,5.72
1/30/98,5.66
2/2/98,5.66
2/3/98,5.66
2/4/98,5.66
2/5/98,5.66
2/6/98,5.66
2/9/98,5.68
2/10/98,5.7
2/11/98,5.69
2/12/98,5.69
2/13/98,5.69
2/16/98,5.66
2/17/98,5.66
2/18/98,5.66
2/19/98,5.66
2/20/98,5.67
2/23/98,5.66
2/24/98,5.7
2/25/98,5.8
2/26/98,5.78
2/27/98,5.79
3/2/98,5.78
3/3/98,5.79
3/4/98,5.82
3/5/98,5.79
3/6/98,5.79
3/9/98,5.79
3/10/98,5.79
3/11/98,5.79
3/12/98,5.78
3/13/98,5.76
3/16/98,5.76
3/17/98,5.76
3/18/98,5.76
3/19/98,5.77
3/20/98,5.79
3/23/98,5.79
3/24/98,5.79
3/25/98,5.79
3/26/98,5.82
3/27/98,5.84
3/30/98,5.85
3/31/98,5.89
4/1/98,5.88
4/2/98,5.88
4/3/98,5.81
4/6/98,5.77
4/7/98,5.78
4/8/98,5.78
4/9/98,5.78
4/14/98,5.84
4/15/98,5.84
4/16/98,5.84
4/17/98,5.84
4/20/98,5.84
4/21/98,5.88
4/22/98,5.88
4/23/98,5.88
4/24/98,5.92
4/27/98,5.91
4/28/98,5.97
4/29/98,5.97
4/30/98,5.99
5/1/98,5.9
5/5/98,5.91
5/6/98,5.91
5/7/98,5.88
5/8/98,5.88
5/11/98,5.91
5/12/98,5.94
5/13/98,5.91
5/14/98,5.91
5/15/98,5.91
5/18/98,5.91
5/19/98,5.91
5/20/98,5.9
5/21/98,5.88
5/22/98,5.91
5/26/98,5.91
5/27/98,5.88
5/28/98,5.88
5/29/98,5.88
6/1/98,5.84
6/2/98,5.84
6/3/98,5.84
6/4/98,5.84
6/5/98,5.88
6/8/98,5.88
6/9/98,5.88
6/10/98,5.88
6/11/98,5.84
6/12/98,5.81
6/15/98,5.78
6/16/98,5.78
6/17/98,5.81
6/18/98,5.84
6/19/98,5.84
6/22/98,5.81
6/23/98,5.81
6/24/98,5.81
6/25/98,5.81
6/26/98,5.84
6/29/98,5.84
6/30/98,5.84
7/1/98,5.84
7/2/98,5.81
7/3/98,5.81
7/6/98,5.81
7/7/98,5.81
7/8/98,5.81
7/9/98,5.81
7/10/98,5.8
7/13/98,5.78
7/14/98,5.81
7/15/98,5.81
7/16/98,5.81
7/17/98,5.81
7/20/98,5.81
7/21/98,5.81
7/22/98,5.81
7/23/98,5.81
7/24/98,5.81
7/27/98,5.81
7/28/98,5.81
7/29/98,5.81
7/30/98,5.83
7/31/98,5.82
8/3/98,5.81
8/4/98,5.81
8/5/98,5.79
8/6/98,5.78
8/7/98,5.78
8/10/98,5.75
8/11/98,5.75
8/12/98,5.75
8/13/98,5.72
8/14/98,5.75
8/17/98,5.72
8/18/98,5.72
8/19/98,5.72
8/20/98,5.73
8/21/98,5.72
8/24/98,5.69
8/25/98,5.69
8/26/98,5.69
8/27/98,5.66
8/28/98,5.53
9/1/98,5.49
9/2/98,5.5
9/3/98,5.5
9/4/98,5.5
9/7/98,5.47
9/8/98,5.84
9/9/98,5.41
9/10/98,5.38
9/11/98,5.24
9/14/98,5.25
9/15/98,5.25
9/16/98,5.26
9/17/98,5.28
9/18/98,5.28
9/21/98,5.25
9/22/98,5.28
9/23/98,5.25
9/24/98,5.16
9/25/98,5.06
9/28/98,5.06
9/29/98,5.06
9/30/98,5.06
10/1/98,4.99
10/2/98,4.91
10/5/98,4.9
10/6/98,4.91
10/7/98,4.97
10/8/98,4.92
10/9/98,4.94
10/12/98,4.94
10/13/98,4.94
10/14/98,4.92
10/15/98,4.91
10/16/98,4.69
10/19/98,4.69
10/20/98,4.69
10/21/98,4.71
10/22/98,4.75
10/23/98,4.75
10/26/98,4.77
10/27/98,4.78
10/28/98,4.75
10/29/98,4.75
10/30/98,4.75
11/2/98,4.84
11/3/98,4.91
11/4/98,4.94
11/5/98,5.04
11/6/98,5.03
11/9/98,5.13
11/10/98,5.09
11/11/98,5.08
11/12/98,5.09
11/13/98,5.06
11/16/98,5.11
11/17/98,5.06
11/18/98,5
11/19/98,5.02
11/20/98,5.09
11/23/98,5.09
11/24/98,5.12
11/25/98,5.12
11/26/98,5.12
11/27/98,5.14
11/30/98,5.13
12/1/98,5.09
12/2/98,5.07
12/3/98,5
12/4/98,4.97
12/7/98,5.02
12/8/98,5.06
12/9/98,5.03
12/10/98,5
12/11/98,4.97
12/14/98,4.98
12/15/98,4.97
12/16/98,5
12/17/98,4.98
12/18/98,5
12/21/98,5
12/22/98,5.06
12/23/98,5.06
12/24/98,5.16
12/29/98,5.16
12/30/98,5.12
12/31/98,5.1
1/4/99,5.09
1/5/99,5.09
1/6/99,5.09
1/7/99,5.09
1/8/99,5.09
1/11/99,5.15
1/12/99,5.18
1/13/99,5.06
1/14/99,5.06
1/15/99,5
1/18/99,5.06
1/19/99,5.05
1/20/99,5.08
1/21/99,5.09
1/22/99,5.04
1/25/99,5.03
1/26/99,5.03
1/27/99,5.04
1/28/99,5.04
1/29/99,5.06
2/1/99,5.07
2/2/99,5.1
2/3/99,5.1
2/4/99,5.12
2/5/99,5.15
2/8/99,5.19
2/9/99,5.18
2/10/99,5.16
2/11/99,5.18
2/12/99,5.18
2/15/99,5.25
2/16/99,5.24
2/17/99,5.25
2/18/99,5.22
2/19/99,5.25
2/22/99,5.25
2/23/99,5.25
2/24/99,5.31
2/25/99,5.37
2/26/99,5.39
3/1/99,5.38
3/2/99,5.45
3/3/99,5.4
3/4/99,5.42
3/5/99,5.43
3/8/99,5.37
3/9/99,5.37
3/10/99,5.31
3/11/99,5.31
3/12/99,5.31
3/15/99,5.29
3/16/99,5.28
3/17/99,5.28
3/18/99,5.28
3/19/99,5.28
3/22/99,5.04
3/23/99,5.32
3/24/99,5.28
3/25/99,5.28
3/26/99,5.29
3/29/99,5.25
3/30/99,5.28
3/31/99,5.25
4/1/99,5.25
4/6/99,5.25
4/7/99,5.23
4/8/99,5.24
4/9/99,5.21
4/12/99,5.19
4/13/99,5.21
4/14/99,5.21
4/15/99,5.21
4/16/99,5.23
4/19/99,5.27
4/20/99,5.25
4/21/99,5.24
4/22/99,5.25
4/23/99,5.27
4/26/99,5.27
4/27/99,5.27
4/28/99,5.27
4/29/99,5.28
4/30/99,5.23
5/4/99,5.31
5/5/99,5.31
5/6/99,5.31
5/7/99,5.37
5/10/99,5.35
5/11/99,5.34
5/12/99,5.35
5/13/99,5.35
5/14/99,5.31
5/17/99,5.43
5/18/99,5.43
5/19/99,5.49
5/20/99,5.48
5/21/99,5.49
5/24/99,5.47
5/25/99,5.46
5/26/99,5.46
5/27/99,5.49
5/28/99,5.56
6/1/99,5.59
6/2/99,5.65
6/3/99,5.64
6/4/99,5.65
6/7/99,5.65
6/8/99,5.65
6/9/99,5.66
6/10/99,5.71
6/11/99,5.74
6/14/99,5.75
6/15/99,5.74
6/16/99,5.75
6/17/99,5.69
6/18/99,5.63
6/21/99,5.64
6/22/99,5.69
6/23/99,5.74
6/24/99,5.75
6/25/99,5.78
6/28/99,5.79
6/29/99,5.79
6/30/99,5.84
7/1/99,5.75
7/2/99,5.75
7/5/99,5.75
7/6/99,5.75
7/7/99,5.78
7/8/99,5.79
7/9/99,5.77
7/12/99,5.78
7/13/99,5.75
7/14/99,5.75
7/15/99,5.77
7/16/99,5.77
7/19/99,5.75
7/20/99,5.75
7/21/99,5.69
7/22/99,5.69
7/23/99,5.78
7/26/99,5.82
7/27/99,5.82
7/28/99,5.82
7/29/99,5.82
7/30/99,5.89
8/2/99,5.94
8/3/99,5.97
8/4/99,5.97
8/5/99,5.95
8/6/99,5.92
8/9/99,6.05
8/10/99,6.09
8/11/99,6.08
8/12/99,6.08
8/13/99,6.09
8/16/99,6.06
8/17/99,6.06
8/18/99,6.03
8/19/99,6.03
8/20/99,6.02
8/23/99,6.02
8/24/99,6.02
8/25/99,5.99
8/26/99,5.98
8/27/99,6.01
8/31/99,6.06
9/1/99,6.08
9/2/99,6.08
9/3/99,6.1
9/6/99,6.04
9/7/99,6.05
9/8/99,6.07
9/9/99,6.05
9/10/99,6.06
9/13/99,6.05
9/14/99,6.05
9/15/99,6.07
9/16/99,6.04
9/17/99,6.04
9/20/99,6.04
9/21/99,6.05
9/22/99,6.04
9/23/99,6.04
9/24/99,6.01
9/27/99,6
9/28/99,6.01
9/29/99,6.03
9/30/99,6.04
10/1/99,6.04
10/4/99,6.12
10/5/99,6.12
10/6/99,6.19
10/7/99,6.22
10/8/99,6.21
10/11/99,6.2
10/12/99,6.21
10/13/99,6.21
10/14/99,6.25
10/15/99,6.25
10/18/99,6.25
10/19/99,6.26
10/20/99,6.29
10/21/99,6.29
10/22/99,6.29
10/25/99,6.28
10/26/99,6.29
10/27/99,6.31
10/28/99,6.3
10/29/99,6.25
11/1/99,6.22
11/2/99,6.22
11/3/99,6.22
11/4/99,6.17
11/5/99,6.16
11/8/99,6.09
11/9/99,6.08
11/10/99,6.09
11/11/99,6.13
11/12/99,6.13
11/15/99,6.1
11/16/99,6.1
11/17/99,6.16
11/18/99,6.16
11/19/99,6.16
11/22/99,6.18
11/23/99,6.2
11/24/99,6.2
11/25/99,6.22
11/26/99,6.23
11/29/99,6.26
11/30/99,6.29
12/1/99,6.29
12/2/99,6.3
12/3/99,6.32
12/6/99,6.3
12/7/99,6.3
12/8/99,6.3
12/9/99,6.31
12/10/99,6.3
12/13/99,6.29
12/14/99,6.31
12/15/99,6.36
12/16/99,6.38
12/17/99,6.43
12/20/99,6.43
12/21/99,6.46
12/22/99,6.47
12/23/99,6.48
12/24/99,6.48
12/29/99,6.5
12/30/99,6.5
1/4/00,6.6
1/5/00,6.57
1/6/00,6.58
1/7/00,6.58
1/10/00,6.57
1/11/00,6.59
1/12/00,6.62
1/13/00,6.65
1/14/00,6.65
1/17/00,6.64
1/18/00,6.64
1/19/00,6.65
1/20/00,6.65
1/21/00,6.65
1/24/00,6.65
1/25/00,6.63
1/26/00,6.63
1/27/00,6.64
1/28/00,6.65
1/31/00,6.75
2/1/00,6.78
2/2/00,6.79
2/3/00,6.81
2/4/00,6.78
2/7/00,6.82
2/8/00,6.82
2/9/00,6.8
2/10/00,6.8
2/11/00,6.8
2/14/00,6.79
2/15/00,6.78
2/16/00,6.8
2/17/00,6.8
2/18/00,6.86
2/21/00,6.85
2/22/00,6.85
2/23/00,6.84
2/24/00,6.84
2/25/00,6.8
2/28/00,6.75
2/29/00,6.76
3/1/00,6.76
3/2/00,6.77
3/3/00,6.76
3/6/00,6.76
3/7/00,6.77
3/8/00,6.76
3/9/00,6.77
3/10/00,6.77
3/13/00,6.78
3/14/00,6.79
3/15/00,6.8
3/16/00,6.82
3/17/00,6.83
3/20/00,6.83
3/21/00,6.85
3/22/00,6.85
3/23/00,6.84
3/24/00,6.87
3/27/00,6.94
3/28/00,6.96
3/29/00,6.96
3/30/00,6.97
3/31/00,6.94
4/3/00,6.95
4/4/00,6.94
4/5/00,6.86
4/6/00,6.87
4/7/00,6.88
4/10/00,6.87
4/11/00,6.84
4/12/00,6.86
4/13/00,6.86
4/14/00,6.86
4/17/00,6.82
4/18/00,6.83
4/19/00,6.84
4/20/00,6.84
4/25/00,6.86
4/26/00,6.95
4/27/00,6.96
4/28/00,7.1
5/2/00,7.16
5/3/00,7.2
5/4/00,7.26
5/5/00,7.27
5/8/00,7.33
5/9/00,7.35
5/10/00,7.34
5/11/00,7.33
5/12/00,7.35
5/15/00,7.41
5/16/00,7.41
5/17/00,7.46
5/18/00,7.49
5/19/00,7.49
5/22/00,7.45
5/23/00,7.45
5/24/00,7.43
5/25/00,7.47
5/26/00,7.45
5/30/00,7.45
5/31/00,7.5
6/1/00,7.48
6/2/00,7.42
6/5/00,7.27
6/6/00,7.25
6/7/00,7.26
6/8/00,7.26
6/9/00,7.29
6/12/00,7.29
6/13/00,7.27
6/14/00,7.23
6/15/00,7.19
6/16/00,7.19
6/19/00,7.14
6/20/00,7.15
6/21/00,7.19
6/22/00,7.22
6/23/00,7.22
6/26/00,7.23
6/27/00,7.23
6/28/00,7.23
6/29/00,7.21
6/30/00,7.18
7/3/00,7.19
7/4/00,7.13
7/5/00,7.11
7/6/00,7.08
7/7/00,7.1
7/10/00,7.04
7/11/00,7.06
7/12/00,7.07
7/13/00,7.08
7/14/00,7.06
7/17/00,7.12
7/18/00,7.14
7/19/00,7.15
7/20/00,7.15
7/21/00,7.06
7/24/00,7.05
7/25/00,7.06
7/26/00,7.06
7/27/00,7.05
7/28/00,7.04
7/31/00,7.08
8/1/00,7.09
8/2/00,7.07
8/3/00,7.04
8/4/00,7.03
8/7/00,6.97
8/8/00,6.97
8/9/00,6.95
8/10/00,6.94
8/11/00,6.93
8/14/00,6.97
8/15/00,6.97
8/16/00,6.97
8/17/00,6.99
8/18/00,6.99
8/21/00,6.97
8/22/00,6.97
8/23/00,6.98
8/24/00,6.95
8/25/00,6.95
8/29/00,6.96
8/30/00,6.98
8/31/00,6.97
9/1/00,6.92
9/4/00,6.85
9/5/00,6.86
9/6/00,6.86
9/7/00,6.89
9/8/00,6.88
9/11/00,6.88
9/12/00,6.88
9/13/00,6.87
9/14/00,6.85
9/15/00,6.84
9/18/00,6.82
9/19/00,6.78
9/20/00,6.81
9/21/00,6.82
9/22/00,6.77
9/25/00,6.8
9/26/00,6.8
9/27/00,6.81
9/28/00,6.81
9/29/00,6.8
10/2/00,6.77
10/3/00,6.77
10/4/00,6.79
10/5/00,6.8
10/6/00,6.8
10/9/00,6.8
10/10/00,6.8
10/11/00,6.79
10/12/00,6.79
10/13/00,6.7
10/16/00,6.72
10/17/00,6.72
10/18/00,6.69
10/19/00,6.69
10/20/00,6.7
10/23/00,6.69
10/24/00,6.68
10/25/00,6.68
10/26/00,6.7
10/27/00,6.7
10/30/00,6.73
10/31/00,6.73
11/1/00,6.71
11/2/00,6.69
11/3/00,6.69
11/6/00,6.72
11/7/00,6.73
11/8/00,6.75
11/9/00,6.73
11/10/00,6.71
11/13/00,6.68
11/14/00,6.68
11/15/00,6.69
11/16/00,6.68
11/17/00,6.67
11/20/00,6.67
11/21/00,6.67
11/22/00,6.67
11/23/00,6.66
11/24/00,6.67
11/27/00,6.68
11/28/00,6.67
11/29/00,6.62
11/30/00,6.56
12/1/00,6.52
12/4/00,6.52
12/5/00,6.49
12/6/00,6.37
12/7/00,6.32
12/8/00,6.31
12/11/00,6.35
12/12/00,6.35
12/13/00,6.35
12/14/00,6.26
12/15/00,6.25
12/18/00,6.18
12/19/00,6.15
12/20/00,6.12
12/21/00,6.03
12/22/00,6
12/27/00,5.95
12/28/00,6
12/29/00,6
1/2/01,5.94
1/3/01,5.79
1/4/01,5.56
1/5/01,5.37
1/8/01,5.3
1/9/01,5.32
1/10/01,5.36
1/11/01,5.4
1/12/01,5.4
1/15/01,5.51
1/16/01,5.49
1/17/01,5.5
1/18/01,5.37
1/19/01,5.33
1/22/01,5.32
1/23/01,5.31
1/24/01,5.36
1/25/01,5.37
1/26/01,5.33
1/29/01,5.31
1/30/01,5.29
1/31/01,5.17
2/1/01,5.11
2/2/01,5.13
2/5/01,5.2
2/6/01,5.2
2/7/01,5.19
2/8/01,5.2
2/9/01,5.2
2/12/01,5.15
2/13/01,5.16
2/14/01,5.22
2/15/01,5.3
2/16/01,5.3
2/19/01,5.2
2/20/01,5.2
2/21/01,5.19
2/22/01,5.15
2/23/01,5.12
2/26/01,5
2/27/01,4.92
2/28/01,4.88
3/1/01,4.91
3/2/01,4.93
3/5/01,4.93
3/6/01,4.96
3/7/01,4.9
3/8/01,4.88
3/9/01,4.86
3/12/01,4.91
3/13/01,4.86
3/14/01,4.86
3/15/01,4.75
3/16/01,4.67
3/19/01,4.67
3/20/01,4.7
3/21/01,4.61
3/22/01,4.56
3/23/01,4.6
3/26/01,4.64
3/27/01,4.6
3/28/01,4.72
3/29/01,4.67
3/30/01,4.67
4/2/01,4.58
4/3/01,4.62
4/4/01,4.54
4/5/01,4.54
4/6/01,4.56
4/9/01,4.46
4/10/01,4.48
4/11/01,4.57
4/12/01,4.65
4/17/01,4.71
4/18/01,4.8
4/19/01,4.38
4/20/01,4.43
4/23/01,4.36
4/24/01,4.33
4/25/01,4.31
4/26/01,4.37
4/27/01,4.33
4/30/01,4.44
5/1/01,4.44
5/2/01,4.39
5/3/01,4.4
5/4/01,4.36
5/8/01,4.2
5/9/01,4.17
5/10/01,4.16
5/11/01,4.23
5/14/01,4.34
5/15/01,4.29
5/16/01,4.2
5/17/01,4.23
5/18/01,4.28
5/21/01,4.35
5/22/01,4.35
5/23/01,4.31
5/24/01,4.28
5/25/01,4.25
5/29/01,4.25
5/30/01,4.26
5/31/01,4.24
6/1/01,4.17
6/4/01,4.17
6/5/01,4.18
6/6/01,4.16
6/7/01,4.14
6/8/01,4.15
6/11/01,4.14
6/12/01,4.1
6/13/01,4.1
6/14/01,4.07
6/15/01,4.04
6/18/01,3.96
6/19/01,3.94
6/20/01,3.94
6/21/01,3.94
6/22/01,3.94
6/25/01,3.89
6/26/01,3.89
6/27/01,3.94
6/28/01,4.05
6/29/01,4.18
7/2/01,4.19
7/3/01,4.15
7/4/01,4.17
7/5/01,4.16
7/6/01,4.14
7/9/01,4.07
7/10/01,4.07
7/11/01,4
7/12/01,4.05
7/13/01,4.02
7/16/01,4.03
7/17/01,4.03
7/18/01,4.03
7/19/01,3.91
7/20/01,3.89
7/23/01,3.89
7/24/01,3.89
7/25/01,3.89
7/26/01,3.92
7/27/01,3.89
7/30/01,3.84
7/31/01,3.82
8/1/01,3.8
8/2/01,3.81
8/3/01,3.84
8/6/01,3.82
8/7/01,3.8
8/8/01,3.82
8/9/01,3.72
8/10/01,3.72
8/13/01,3.69
8/14/01,3.68
8/15/01,3.71
8/16/01,3.75
8/17/01,3.7
8/20/01,3.66
8/21/01,3.69
8/22/01,3.66
8/23/01,3.67
8/24/01,3.68
8/28/01,3.69
8/29/01,3.62
8/30/01,3.6
8/31/01,3.56
9/3/01,3.58
9/4/01,3.59
9/5/01,3.72
9/6/01,3.7
9/7/01,3.61
9/10/01,3.43
9/11/01,3.46
9/12/01,3.16
9/13/01,3.15
9/14/01,3.14
9/17/01,3.05
9/18/01,2.92
9/19/01,2.85
9/20/01,2.74
9/21/01,2.73
9/24/01,2.76
9/25/01,2.71
9/26/01,2.68
9/27/01,2.65
9/28/01,2.64
10/1/01,2.68
10/2/01,2.66
10/3/01,2.53
10/4/01,2.56
10/5/01,2.53
10/8/01,2.45
10/9/01,2.47
10/10/01,2.5
10/11/01,2.55
10/12/01,2.62
10/15/01,2.57
10/16/01,2.53
10/17/01,2.54
10/18/01,2.54
10/19/01,2.5
10/22/01,2.5
10/23/01,2.53
10/24/01,2.5
10/25/01,2.45
10/26/01,2.4
10/29/01,2.37
10/30/01,2.31
10/31/01,2.27
11/1/01,2.29
11/2/01,2.3
11/5/01,2.25
11/6/01,2.22
11/7/01,2.06
11/8/01,2.06
11/9/01,2.12
11/12/01,2.15
11/13/01,2.15
11/14/01,2.21
11/15/01,2.4
11/16/01,2.5
11/19/01,2.54
11/20/01,2.46
11/21/01,2.53
11/22/01,2.66
11/23/01,2.62
11/26/01,2.64
11/27/01,2.71
11/28/01,2.52
11/29/01,2.49
11/30/01,2.39
12/3/01,2.34
12/4/01,2.35
12/5/01,2.36
12/6/01,2.59
12/7/01,2.57
12/10/01,2.44
12/11/01,2.36
12/12/01,2.31
12/13/01,2.32
12/14/01,2.41
12/17/01,2.46
12/18/01,2.42
12/19/01,2.39
12/20/01,2.39
12/21/01,2.4
12/24/01,2.42
12/27/01,2.5
12/28/01,2.44
12/31/01,2.44
1/2/02,2.4
1/3/02,2.46
1/4/02,2.44
1/7/02,2.43
1/8/02,2.35
1/9/02,2.37
1/10/02,2.35
1/11/02,2.34
1/14/02,2.13
1/15/02,2.15
1/16/02,2.13
1/17/02,2.21
1/18/02,2.29
1/21/02,2.32
1/22/02,2.33
1/23/02,2.34
1/24/02,2.38
1/25/02,2.5
1/28/02,2.5
1/29/02,2.5
1/30/02,2.42
1/31/02,2.49
2/1/02,2.57
2/4/02,2.47
2/5/02,2.42
2/6/02,2.42
2/7/02,2.39
2/8/02,2.42
2/11/02,2.39
2/12/02,2.38
2/13/02,2.45
2/14/02,2.5
2/15/02,2.49
2/18/02,2.43
2/19/02,2.43
2/20/02,2.44
2/21/02,2.46
2/22/02,2.43
2/25/02,2.44
2/26/02,2.46
2/27/02,2.49
2/28/02,2.43
3/1/02,2.48
3/4/02,2.59
3/5/02,2.59
3/6/02,2.6
3/7/02,2.63
3/8/02,2.78
3/11/02,2.86
3/12/02,2.85
3/13/02,2.88
3/14/02,2.81
3/15/02,2.93
3/18/02,2.92
3/19/02,2.93
3/20/02,2.89
3/21/02,3.01
3/22/02,3.03
3/25/02,3.06
3/26/02,3.08
3/27/02,3.02
3/28/02,3
4/2/02,3.06
4/3/02,3
4/4/02,2.95
4/5/02,2.94
4/8/02,2.86
4/9/02,2.88
4/10/02,2.81
4/11/02,2.85
4/12/02,2.82
4/15/02,2.77
4/16/02,2.78
4/17/02,2.8
4/18/02,2.72
4/19/02,2.71
4/22/02,2.73
4/23/02,2.71
4/24/02,2.74
4/25/02,2.63
4/26/02,2.65
4/29/02,2.61
4/30/02,2.63
5/1/02,2.64
5/2/02,2.64
5/3/02,2.67
5/7/02,2.55
5/8/02,2.55
5/9/02,2.7
5/10/02,2.63
5/13/02,2.57
5/14/02,2.63
5/15/02,2.73
5/16/02,2.71
5/17/02,2.68
5/20/02,2.72
5/21/02,2.67
5/22/02,2.61
5/23/02,2.64
5/24/02,2.67
5/27/02,2.67
5/28/02,2.71
5/29/02,2.66
5/30/02,2.63
5/31/02,2.59
6/5/02,2.6
6/6/02,2.59
6/7/02,2.55
6/10/02,2.6
6/11/02,2.56
6/12/02,2.51
6/13/02,2.52
6/14/02,2.41
6/17/02,2.39
6/18/02,2.4
6/19/02,2.34
6/20/02,2.32
6/21/02,2.36
6/24/02,2.32
6/25/02,2.34
6/26/02,2.19
6/27/02,2.25
6/28/02,2.29
7/1/02,2.27
7/2/02,2.27
7/3/02,2.24
7/4/02,2.26
7/5/02,2.3
7/8/02,2.29
7/9/02,2.28
7/10/02,2.2
7/11/02,2.15
7/12/02,2.18
7/15/02,2.11
7/16/02,2.08
7/17/02,2.16
7/18/02,2.18
7/19/02,2.11
7/22/02,2.07
7/23/02,2.09
7/24/02,1.94
7/25/02,2.03
7/26/02,1.94
7/29/02,1.99
7/30/02,2.07
7/31/02,2.09
8/1/02,1.97
8/2/02,1.92
8/5/02,1.79
8/6/02,1.81
8/7/02,1.83
8/8/02,1.78
8/9/02,1.85
8/12/02,1.82
8/13/02,1.85
8/14/02,1.74
8/15/02,1.85
8/16/02,1.9
8/19/02,1.94
8/20/02,1.91
8/21/02,1.9
8/22/02,1.93
8/23/02,1.96
8/27/02,1.94
8/28/02,1.99
8/29/02,1.94
8/30/02,1.9
9/2/02,1.92
9/3/02,1.89
9/4/02,1.81
9/5/02,1.79
9/6/02,1.76
9/9/02,1.9
9/10/02,1.96
9/11/02,1.98
9/12/02,1.98
9/13/02,1.92
9/16/02,1.93
9/17/02,1.99
9/18/02,1.91
9/19/02,1.91
9/20/02,1.87
9/23/02,1.83
9/24/02,1.82
9/25/02,1.82
9/26/02,1.83
9/27/02,1.81
9/30/02,1.73
10/1/02,1.66
10/2/02,1.72
10/3/02,1.68
10/4/02,1.7
10/7/02,1.72
10/8/02,1.76
10/9/02,1.77
10/10/02,1.72
10/11/02,1.77
10/14/02,1.81
10/15/02,1.88
10/16/02,1.95
10/17/02,2
10/18/02,1.94
10/21/02,1.94
10/22/02,2.01
10/23/02,1.99
10/24/02,1.95
10/25/02,1.91
10/28/02,1.78
10/29/02,1.71
10/30/02,1.67
10/31/02,1.64
11/1/02,1.62
11/4/02,1.63
11/5/02,1.62
11/6/02,1.63
11/7/02,1.56
11/8/02,1.55
11/11/02,1.54
11/12/02,1.53
11/13/02,1.55
11/14/02,1.55
11/15/02,1.65
11/18/02,1.64
11/19/02,1.62
11/20/02,1.62
11/21/02,1.67
11/22/02,1.7
11/25/02,1.73
11/26/02,1.7
11/27/02,1.65
11/28/02,1.73
11/29/02,1.73
12/2/02,1.73
12/3/02,1.7
12/4/02,1.68
12/5/02,1.66
12/6/02,1.66
12/9/02,1.59
12/10/02,1.59
12/11/02,1.61
12/12/02,1.58
12/13/02,1.56
12/16/02,1.57
12/17/02,1.6
12/18/02,1.56
12/19/02,1.53
12/20/02,1.51
12/23/02,1.52
12/24/02,1.52
12/27/02,1.48
12/30/02,1.44
12/31/02,1.45
1/2/03,1.46
1/3/03,1.54
1/6/03,1.55
1/7/03,1.55
1/8/03,1.51
1/9/03,1.51
1/10/03,1.55
1/13/03,1.52
1/14/03,1.51
1/15/03,1.49
1/16/03,1.48
1/17/03,1.47
1/20/03,1.45
1/21/03,1.46
1/22/03,1.44
1/23/03,1.45
1/24/03,1.43
1/27/03,1.42
1/28/03,1.45
1/29/03,1.43
1/30/03,1.48
1/31/03,1.45
2/3/03,1.46
2/4/03,1.45
2/5/03,1.44
2/6/03,1.44
2/7/03,1.44
2/10/03,1.42
2/11/03,1.43
2/12/03,1.4
2/13/03,1.39
2/14/03,1.39
2/17/03,1.42
2/18/03,1.41
2/19/03,1.42
2/20/03,1.4
2/21/03,1.4
2/24/03,1.4
2/25/03,1.38
2/26/03,1.39
2/27/03,1.37
2/28/03,1.38
3/3/03,1.38
3/4/03,1.36
3/5/03,1.33
3/6/03,1.32
3/7/03,1.32
3/10/03,1.21
3/11/03,1.19
3/12/03,1.21
3/13/03,1.29
3/14/03,1.36
3/17/03,1.29
3/18/03,1.36
3/19/03,1.39
3/20/03,1.4
3/21/03,1.4
3/24/03,1.4
3/25/03,1.38
3/26/03,1.39
3/27/03,1.36
3/28/03,1.34
3/31/03,1.28
4/1/03,1.27
4/2/03,1.31
4/3/03,1.34
4/4/03,1.29
4/7/03,1.38
4/8/03,1.37
4/9/03,1.32
4/10/03,1.3
4/11/03,1.35
4/14/03,1.4
4/15/03,1.44
4/16/03,1.45
4/17/03,1.4
4/22/03,1.41
4/23/03,1.42
4/24/03,1.4
4/25/03,1.35
4/28/03,1.32
4/29/03,1.36
4/30/03,1.36
5/1/03,1.29
5/2/03,1.28
5/6/03,1.3
5/7/03,1.24
5/8/03,1.25
5/9/03,1.29
5/12/03,1.26
5/13/03,1.27
5/14/03,1.28
5/15/03,1.26
5/16/03,1.27
5/19/03,1.19
5/20/03,1.22
5/21/03,1.18
5/22/03,1.23
5/23/03,1.21
5/27/03,1.21
5/28/03,1.24
5/29/03,1.22
5/30/03,1.21
6/2/03,1.25
6/3/03,1.23
6/4/03,1.16
6/5/03,1.15
6/6/03,1.14
6/9/03,1.13
6/10/03,1.09
6/11/03,1.05
6/12/03,1.05
6/13/03,1.02
6/16/03,0.99
6/17/03,1.02
6/18/03,1.06
6/19/03,1.01
6/20/03,1.03
6/23/03,1.03
6/24/03,1.02
6/25/03,1.01
6/26/03,1.16
6/27/03,1.2
6/30/03,1.19
7/1/03,1.16
7/2/03,1.19
7/3/03,1.19
7/4/03,1.17
7/7/03,1.17
7/8/03,1.19
7/9/03,1.18
7/10/03,1.18
7/11/03,1.17
7/14/03,1.16
7/15/03,1.17
7/16/03,1.22
7/17/03,1.2
7/18/03,1.2
7/21/03,1.21
7/22/03,1.24
7/23/03,1.22
7/24/03,1.2
7/25/03,1.21
7/28/03,1.22
7/29/03,1.25
7/30/03,1.28
7/31/03,1.27
8/1/03,1.44
8/4/03,1.41
8/5/03,1.4
8/6/03,1.42
8/7/03,1.4
8/8/03,1.34
8/11/03,1.35
8/12/03,1.38
8/13/03,1.36
8/14/03,1.39
8/15/03,1.39
8/18/03,1.4
8/19/03,1.4
8/20/03,1.38
8/21/03,1.39
8/22/03,1.45
8/26/03,1.49
8/27/03,1.45
8/28/03,1.48
8/29/03,1.43
9/1/03,1.45
9/2/03,1.49
9/3/03,1.49
9/4/03,1.48
9/5/03,1.43
9/8/03,1.34
9/9/03,1.35
9/10/03,1.33
9/11/03,1.32
9/12/03,1.34
9/15/03,1.31
9/16/03,1.31
9/17/03,1.3
9/18/03,1.3
9/19/03,1.32
9/22/03,1.34
9/23/03,1.33
9/24/03,1.32
9/25/03,1.31
9/26/03,1.31
9/29/03,1.29
9/30/03,1.3
10/1/03,1.24
10/2/03,1.24
10/3/03,1.26
10/6/03,1.34
10/7/03,1.33
10/8/03,1.34
10/9/03,1.34
10/10/03,1.35
10/13/03,1.35
10/14/03,1.37
10/15/03,1.38
10/16/03,1.43
10/17/03,1.5
10/20/03,1.53
10/21/03,1.51
10/22/03,1.52
10/23/03,1.45
10/24/03,1.48
10/27/03,1.47
10/28/03,1.5
10/29/03,1.43
10/30/03,1.46
10/31/03,1.48
11/3/03,1.48
11/4/03,1.51
11/5/03,1.49
11/6/03,1.51
11/7/03,1.56
11/10/03,1.58
11/11/03,1.57
11/12/03,1.58
11/13/03,1.57
11/14/03,1.49
11/17/03,1.43
11/18/03,1.46
11/19/03,1.43
11/20/03,1.46
11/21/03,1.45
11/24/03,1.47
11/25/03,1.5
11/26/03,1.49
11/27/03,1.54
11/28/03,1.56
12/1/03,1.6
12/2/03,1.62
12/3/03,1.61
12/4/03,1.63
12/5/03,1.58
12/8/03,1.48
12/9/03,1.5
12/10/03,1.52
12/11/03,1.5
12/12/03,1.44
12/15/03,1.46
12/16/03,1.44
12/17/03,1.43
12/18/03,1.43
12/19/03,1.45
12/22/03,1.44
12/23/03,1.46
12/24/03,1.48
12/29/03,1.43
12/30/03,1.46
12/31/03,1.46
1/2/04,1.48
1/5/04,1.51
1/6/04,1.51
1/7/04,1.47
1/8/04,1.47
1/9/04,1.47
1/12/04,1.34
1/13/04,1.35
1/14/04,1.34
1/15/04,1.35
1/16/04,1.37
1/19/04,1.37
1/20/04,1.38
1/21/04,1.37
1/22/04,1.37
1/23/04,1.35
1/26/04,1.37
1/27/04,1.39
1/28/04,1.37
1/29/04,1.46
1/30/04,1.48
2/2/04,1.47
2/3/04,1.45
2/4/04,1.43
2/5/04,1.44
2/6/04,1.48
2/9/04,1.42
2/10/04,1.42
2/11/04,1.45
2/12/04,1.39
2/13/04,1.37
2/16/04,1.36
2/17/04,1.37
2/18/04,1.36
2/19/04,1.38
2/20/04,1.37
2/23/04,1.41
2/24/04,1.38
2/25/04,1.36
2/26/04,1.36
2/27/04,1.37
3/1/04,1.37
3/2/04,1.38
3/3/04,1.42
3/4/04,1.42
3/5/04,1.42
3/8/04,1.3
3/9/04,1.3
3/10/04,1.3
3/11/04,1.31
3/12/04,1.29
3/15/04,1.3
3/16/04,1.31
3/17/04,1.28
3/18/04,1.29
3/19/04,1.3
3/22/04,1.3
3/23/04,1.3
3/24/04,1.29
3/25/04,1.29
3/26/04,1.3
3/29/04,1.33
3/30/04,1.34
3/31/04,1.35
4/1/04,1.34
4/2/04,1.37
4/5/04,1.52
4/6/04,1.51
4/7/04,1.49
4/8/04,1.5
4/13/04,1.53
4/14/04,1.57
4/15/04,1.63
4/16/04,1.61
4/19/04,1.58
4/20/04,1.62
4/21/04,1.72
4/22/04,1.71
4/23/04,1.69
4/26/04,1.77
4/27/04,1.76
4/28/04,1.75
4/29/04,1.81
4/30/04,1.83
5/4/04,1.82
5/5/04,1.81
5/6/04,1.84
5/7/04,1.88
5/10/04,2.07
5/11/04,2.06
5/12/04,2.04
5/13/04,2.07
5/14/04,2.11
5/17/04,2.03
5/18/04,2.03
5/19/04,2.07
5/20/04,2.09
5/21/04,2.07
5/24/04,2.13
5/25/04,2.1
5/26/04,2.1
5/27/04,2.08
5/28/04,2.06
6/1/04,2.11
6/2/04,2.15
6/3/04,2.19
6/4/04,2.2
6/7/04,2.26
6/8/04,2.23
6/9/04,2.28
6/10/04,2.37
6/11/04,2.43
6/14/04,2.48
6/15/04,2.5
6/16/04,2.37
6/17/04,2.43
6/18/04,2.38
6/21/04,2.4
6/22/04,2.38
6/23/04,2.41
6/24/04,2.41
6/25/04,2.38
6/28/04,2.38
6/29/04,2.47
6/30/04,2.46
7/1/04,2.39
7/2/04,2.34
7/5/04,2.25
7/6/04,2.25
7/7/04,2.26
7/8/04,2.26
7/9/04,2.25
7/12/04,2.25
7/13/04,2.27
7/14/04,2.28
7/15/04,2.31
7/16/04,2.33
7/19/04,2.26
7/20/04,2.27
7/21/04,2.37
7/22/04,2.39
7/23/04,2.39
7/26/04,2.39
7/27/04,2.43
7/28/04,2.47
7/29/04,2.46
7/30/04,2.43
8/2/04,2.35
8/3/04,2.37
8/4/04,2.35
8/5/04,2.36
8/6/04,2.34
8/9/04,2.19
8/10/04,2.21
8/11/04,2.28
8/12/04,2.27
8/13/04,2.26
8/16/04,2.24
8/17/04,2.27
8/18/04,2.23
8/19/04,2.25
8/20/04,2.23
8/23/04,2.27
8/24/04,2.31
8/25/04,2.3
8/26/04,2.32
8/27/04,2.3
8/31/04,2.3
9/1/04,2.26
9/2/04,2.26
9/3/04,2.3
9/6/04,2.43
9/7/04,2.42
9/8/04,2.43
9/9/04,2.36
9/10/04,2.36
9/13/04,2.36
9/14/04,2.33
9/15/04,2.32
9/16/04,2.34
9/17/04,2.28
9/20/04,2.34
9/21/04,2.32
9/22/04,2.36
9/23/04,2.36
9/24/04,2.41
9/27/04,2.45
9/28/04,2.44
9/29/04,2.44
9/30/04,2.48
10/1/04,2.49
10/4/04,2.5
10/5/04,2.51
10/6/04,2.51
10/7/04,2.54
10/8/04,2.54
10/11/04,2.45
10/12/04,2.44
10/13/04,2.45
10/14/04,2.42
10/15/04,2.41
10/18/04,2.42
10/19/04,2.44
10/20/04,2.44
10/21/04,2.42
10/22/04,2.47
10/25/04,2.42
10/26/04,2.44
10/27/04,2.46
10/28/04,2.53
10/29/04,2.55
11/1/04,2.54
11/2/04,2.58
11/3/04,2.61
11/4/04,2.58
11/5/04,2.61
11/8/04,2.76
11/9/04,2.77
11/10/04,2.78
11/11/04,2.8
11/12/04,2.8
11/15/04,2.8
11/16/04,2.84
11/17/04,2.88
11/18/04,2.84
11/19/04,2.86
11/22/04,2.91
11/23/04,2.93
11/24/04,2.93
11/25/04,2.95
11/26/04,2.98
11/29/04,2.96
11/30/04,2.98
12/1/04,2.96
12/2/04,2.98
12/3/04,3
12/6/04,2.93
12/7/04,2.93
12/8/04,2.95
12/9/04,2.93
12/10/04,2.94
12/13/04,2.96
12/14/04,3
12/15/04,3
12/16/04,3
12/17/04,3.04
12/20/04,3.06
12/21/04,3.08
12/22/04,3.09
12/23/04,3.08
12/24/04,3.08
12/29/04,3.1
12/30/04,3.12
12/31/04,3.1
1/4/05,3.11
1/5/05,3.18
1/6/05,3.19
1/7/05,3.16
1/10/05,3.19
1/11/05,3.21
1/12/05,3.22
1/13/05,3.22
1/14/05,3.22
1/17/05,3.24
1/18/05,3.25
1/19/05,3.25
1/20/05,3.25
1/21/05,3.24
1/24/05,3.21
1/25/05,3.22
1/26/05,3.24
1/27/05,3.26
1/28/05,3.27
1/31/05,3.26
2/1/05,3.27
2/2/05,3.28
2/3/05,3.31
2/4/05,3.33
2/7/05,3.31
2/8/05,3.32
2/9/05,3.33
2/10/05,3.28
2/11/05,3.31
2/14/05,3.35
2/15/05,3.36
2/16/05,3.37
2/17/05,3.42
2/18/05,3.41
2/21/05,3.46
2/22/05,3.46
2/23/05,3.47
2/24/05,3.49
2/25/05,3.51
2/28/05,3.53
3/1/05,3.57
3/2/05,3.57
3/3/05,3.57
3/4/05,3.57
3/7/05,3.56
3/8/05,3.58
3/9/05,3.6
3/10/05,3.64
3/11/05,3.65
3/14/05,3.68
3/15/05,3.69
3/16/05,3.71
3/17/05,3.69
3/18/05,3.69
3/21/05,3.71
3/22/05,3.72
3/23/05,3.81
3/24/05,3.82
3/29/05,3.85
3/30/05,3.84
3/31/05,3.85
4/1/05,3.81
4/4/05,3.79
4/5/05,3.79
4/6/05,3.79
4/7/05,3.77
4/8/05,3.79
4/11/05,3.8
4/12/05,3.81
4/13/05,3.78
4/14/05,3.74
4/15/05,3.67
4/18/05,3.6
4/19/05,3.65
4/20/05,3.61
4/21/05,3.63
4/22/05,3.69
4/25/05,3.69
4/26/05,3.71
4/27/05,3.73
4/28/05,3.71
4/29/05,3.69
5/3/05,3.71
5/4/05,3.71
5/5/05,3.7
5/6/05,3.66
5/9/05,3.8
5/10/05,3.8
5/11/05,3.78
5/12/05,3.78
5/13/05,3.77
5/16/05,3.74
5/17/05,3.73
5/18/05,3.74
5/19/05,3.73
5/20/05,3.77
5/23/05,3.8
5/24/05,3.76
5/25/05,3.75
5/26/05,3.76
5/27/05,3.78
5/31/05,3.78
6/1/05,3.76
6/2/05,3.7
6/3/05,3.71
6/6/05,3.73
6/7/05,3.72
6/8/05,3.73
6/9/05,3.77
6/10/05,3.82
6/13/05,3.86
6/14/05,3.85
6/15/05,3.85
6/16/05,3.87
6/17/05,3.86
6/20/05,3.86
6/21/05,3.89
6/22/05,3.86
6/23/05,3.83
6/24/05,3.83
6/27/05,3.81
6/28/05,3.83
6/29/05,3.86
6/30/05,3.88
7/1/05,3.9
7/4/05,3.99
7/5/05,4
7/6/05,3.99
7/7/05,3.88
7/8/05,3.97
7/11/05,4
7/12/05,4.02
7/13/05,4.05
7/14/05,4.05
7/15/05,4.05
7/18/05,4.07
7/19/05,4.1
7/20/05,4.08
7/21/05,4.09
7/22/05,4.12
7/25/05,4.11
7/26/05,4.13
7/27/05,4.14
7/28/05,4.17
7/29/05,4.16
8/1/05,4.22
8/2/05,4.23
8/3/05,4.23
8/4/05,4.22
8/5/05,4.23
8/8/05,4.29
8/9/05,4.32
8/10/05,4.29
8/11/05,4.31
8/12/05,4.28
8/15/05,4.27
8/16/05,4.29
8/17/05,4.26
8/18/05,4.28
8/19/05,4.26
8/22/05,4.28
8/23/05,4.27
8/24/05,4.26
8/25/05,4.27
8/26/05,4.27
8/30/05,4.31
8/31/05,4.24
9/1/05,4.13
9/2/05,3.96
9/5/05,4.01
9/6/05,4.06
9/7/05,4.08
9/8/05,4.13
9/9/05,4.15
9/12/05,4.15
9/13/05,4.19
9/14/05,4.15
9/15/05,4.16
9/16/05,4.17
9/19/05,4.25
9/20/05,4.22
9/21/05,4.27
9/22/05,4.23
9/23/05,4.28
9/26/05,4.35
9/27/05,4.37
9/28/05,4.4
9/29/05,4.41
9/30/05,4.44
10/3/05,4.48
10/4/05,4.53
10/5/05,4.51
10/6/05,4.5
10/7/05,4.52
10/10/05,4.52
10/11/05,4.52
10/12/05,4.55
10/13/05,4.57
10/14/05,4.57
10/17/05,4.57
10/18/05,4.58
10/19/05,4.55
10/20/05,4.58
10/21/05,4.58
10/24/05,4.57
10/25/05,4.6
10/26/05,4.67
10/27/05,4.67
10/28/05,4.68
10/31/05,4.72
11/1/05,4.72
11/2/05,4.76
11/3/05,4.77
11/4/05,4.81
11/7/05,4.81
11/8/05,4.8
11/9/05,4.78
11/10/05,4.83
11/11/05,4.8
11/14/05,4.81
11/15/05,4.84
11/16/05,4.84
11/17/05,4.8
11/18/05,4.78
11/21/05,4.8
11/22/05,4.79
11/23/05,4.73
11/24/05,4.74
11/25/05,4.74
11/28/05,4.76
11/29/05,4.74
11/30/05,4.79
12/1/05,4.82
12/2/05,4.85
12/5/05,4.87
12/6/05,4.87
12/7/05,4.83
12/8/05,4.83
12/9/05,4.81
12/12/05,4.84
12/13/05,4.86
12/14/05,4.83
12/15/05,4.8
12/16/05,4.81
12/19/05,4.81
12/20/05,4.83
12/21/05,4.85
12/22/05,4.88
12/23/05,4.85
12/28/05,4.82
12/29/05,4.82
12/30/05,4.84
1/3/06,4.85
1/4/06,4.8
1/5/06,4.79
1/6/06,4.79
1/9/06,4.81
1/10/06,4.81
1/11/06,4.85
1/12/06,4.86
1/13/06,4.85
1/16/06,4.82
1/17/06,4.82
1/18/06,4.8
1/19/06,4.83
1/20/06,4.84
1/23/06,4.82
1/24/06,4.84
1/25/06,4.85
1/26/06,4.89
1/27/06,4.92
1/30/06,4.94
1/31/06,4.94
2/1/06,4.95
2/2/06,5
2/3/06,5
2/6/06,5.02
2/7/06,5.04
2/8/06,5.03
2/9/06,5.06
2/10/06,5.08
2/13/06,5.1
2/14/06,5.09
2/15/06,5.1
2/16/06,5.1
2/17/06,5.1
2/20/06,5.1
2/21/06,5.1
2/22/06,5.13
2/23/06,5.12
2/24/06,5.14
2/27/06,5.15
2/28/06,5.15
3/1/06,5.12
3/2/06,5.14
3/3/06,5.16
3/6/06,5.18
3/7/06,5.21
3/8/06,5.19
3/9/06,5.2
3/10/06,5.2
3/13/06,5.23
3/14/06,5.23
3/15/06,5.16
3/16/06,5.17
3/17/06,5.12
3/20/06,5.13
3/21/06,5.14
3/22/06,5.18
3/23/06,5.19
3/24/06,5.21
3/27/06,5.17
3/28/06,5.18
3/29/06,5.25
3/30/06,5.25
3/31/06,5.29
4/3/06,5.29
4/4/06,5.31
4/5/06,5.28
4/6/06,5.29
4/7/06,5.3
4/10/06,5.35
4/11/06,5.34
4/12/06,5.33
4/13/06,5.36
4/18/06,5.34
4/19/06,5.28
4/20/06,5.31
4/21/06,5.33
4/24/06,5.35
4/25/06,5.33
4/26/06,5.38
4/27/06,5.42
4/28/06,5.33
5/2/06,5.38
5/3/06,5.38
5/4/06,5.4
5/5/06,5.42
5/8/06,5.39
5/9/06,5.41
5/10/06,5.4
5/11/06,5.42
5/12/06,5.41
5/15/06,5.39
5/16/06,5.39
5/17/06,5.38
5/18/06,5.41
5/19/06,5.4
5/22/06,5.4
5/23/06,5.41
5/24/06,5.4
5/25/06,5.4
5/26/06,5.42
5/30/06,5.41
5/31/06,5.43
6/1/06,5.51
6/2/06,5.48
6/5/06,5.39
6/6/06,5.46
6/7/06,5.47
6/8/06,5.47
6/9/06,5.49
6/12/06,5.5
6/13/06,5.5
6/14/06,5.52
6/15/06,5.62
6/16/06,5.63
6/19/06,5.66
6/20/06,5.66
6/21/06,5.68
6/22/06,5.69
6/23/06,5.73
6/26/06,5.75
6/27/06,5.75
6/28/06,5.74
6/29/06,5.77
6/30/06,5.69
7/3/06,5.68
7/4/06,5.69
7/5/06,5.69
7/6/06,5.75
7/7/06,5.75
7/10/06,5.71
7/11/06,5.71
7/12/06,5.7
7/13/06,5.7
7/14/06,5.66
7/17/06,5.63
7/18/06,5.66
7/19/06,5.7
7/20/06,5.66
7/21/06,5.6
7/24/06,5.62
7/25/06,5.62
7/26/06,5.64
7/27/06,5.59
7/28/06,5.59
7/31/06,5.54
8/1/06,5.54
8/2/06,5.53
8/3/06,5.54
8/4/06,5.57
8/7/06,5.5
8/8/06,5.51
8/9/06,5.48
8/10/06,5.48
8/11/06,5.5
8/14/06,5.55
8/15/06,5.57
8/16/06,5.52
8/17/06,5.46
8/18/06,5.49
8/21/06,5.46
8/22/06,5.47
8/23/06,5.47
8/24/06,5.47
8/25/06,5.46
8/29/06,5.47
8/30/06,5.45
8/31/06,5.41
9/1/06,5.39
9/4/06,5.38
9/5/06,5.38
9/6/06,5.4
9/7/06,5.4
9/8/06,5.4
9/11/06,5.4
9/12/06,5.43
9/13/06,5.41
9/14/06,5.4
9/15/06,5.43
9/18/06,5.46
9/19/06,5.46
9/20/06,5.4
9/21/06,5.42
9/22/06,5.31
9/25/06,5.29
9/26/06,5.28
9/27/06,5.31
9/28/06,5.3
9/29/06,5.3
10/2/06,5.32
10/3/06,5.27
10/4/06,5.29
10/5/06,5.24
10/6/06,5.26
10/9/06,5.32
10/10/06,5.35
10/11/06,5.36
10/12/06,5.39
10/13/06,5.39
10/16/06,5.41
10/17/06,5.39
10/18/06,5.39
10/19/06,5.38
10/20/06,5.4
10/23/06,5.42
10/24/06,5.44
10/25/06,5.44
10/26/06,5.41
10/27/06,5.37
10/30/06,5.33
10/31/06,5.34
11/1/06,5.3
11/2/06,5.26
11/3/06,5.27
11/6/06,5.38
11/7/06,5.37
11/8/06,5.32
11/9/06,5.33
11/10/06,5.31
11/13/06,5.3
11/14/06,5.34
11/15/06,5.3
11/16/06,5.34
11/17/06,5.35
11/20/06,5.3
11/21/06,5.3
11/22/06,5.3
11/23/06,5.3
11/24/06,5.29
11/27/06,5.29
11/28/06,5.27
11/29/06,5.24
11/30/06,5.24
12/1/06,5.21
12/4/06,5.12
12/5/06,5.11
12/6/06,5.12
12/7/06,5.15
12/8/06,5.18
12/11/06,5.25
12/12/06,5.25
12/13/06,5.21
12/14/06,5.28
12/15/06,5.3
12/18/06,5.29
12/19/06,5.28
12/20/06,5.29
12/21/06,5.29
12/22/06,5.26
12/27/06,5.29
12/28/06,5.31
12/29/06,5.33
1/2/07,5.34
1/3/07,5.31
1/4/07,5.29
1/5/07,5.25
1/8/07,5.31
1/9/07,5.33
1/10/07,5.32
1/11/07,5.34
1/12/07,5.37
1/15/07,5.38
1/16/07,5.38
1/17/07,5.37
1/18/07,5.4
1/19/07,5.39
1/22/07,5.41
1/23/07,5.4
1/24/07,5.42
1/25/07,5.42
1/26/07,5.44
1/29/07,5.43
1/30/07,5.44
1/31/07,5.43
2/1/07,5.41
2/2/07,5.43
2/5/07,5.41
2/6/07,5.41
2/7/07,5.4
2/8/07,5.4
2/9/07,5.4
2/12/07,5.42
2/13/07,5.42
2/14/07,5.42
2/15/07,5.39
2/16/07,5.36
2/19/07,5.37
2/20/07,5.37
2/21/07,5.35
2/22/07,5.37
2/23/07,5.39
2/26/07,5.35
2/27/07,5.33
2/28/07,5.24
3/1/07,5.23
3/2/07,5.21
3/5/07,5.12
3/6/07,5.18
3/7/07,5.17
3/8/07,5.15
3/9/07,5.17
3/12/07,5.27
3/13/07,5.22
3/14/07,5.14
3/15/07,5.19
3/16/07,5.2
3/19/07,5.23
3/20/07,5.24
3/21/07,5.24
3/22/07,5.18
3/23/07,5.21
3/26/07,5.23
3/27/07,5.21
3/28/07,5.21
3/29/07,5.2
3/30/07,5.22
4/2/07,5.22
4/3/07,5.23
4/4/07,5.24
4/5/07,5.23
4/10/07,5.32
4/11/07,5.31
4/12/07,5.32
4/13/07,5.33
4/16/07,5.35
4/17/07,5.34
4/18/07,5.29
4/19/07,5.25
4/20/07,5.27
4/23/07,5.28
4/24/07,5.26
4/25/07,5.24
4/26/07,5.27
4/27/07,5.3
4/30/07,5.3
5/1/07,5.26
5/2/07,5.29
5/3/07,5.29
5/4/07,5.32
5/8/07,5.3
5/9/07,5.3
5/10/07,5.33
5/11/07,5.29
5/14/07,5.32
5/15/07,5.32
5/16/07,5.31
5/17/07,5.32
5/18/07,5.34
5/21/07,5.37
5/22/07,5.36
5/23/07,5.38
5/24/07,5.37
5/25/07,5.37
5/29/07,5.39
5/30/07,5.39
5/31/07,5.39
6/1/07,5.42
6/4/07,5.44
6/5/07,5.45
6/6/07,5.46
6/7/07,5.45
6/8/07,5.48
6/11/07,5.47
6/12/07,5.47
6/13/07,5.51
6/14/07,5.49
6/15/07,5.51
6/18/07,5.47
6/19/07,5.47
6/20/07,5.44
6/21/07,5.45
6/22/07,5.45
6/25/07,5.4
6/26/07,5.39
6/27/07,5.38
6/28/07,5.4
6/29/07,5.43
7/2/07,5.39
7/3/07,5.39
7/4/07,5.41
7/5/07,5.42
7/6/07,5.45
7/9/07,5.46
7/10/07,5.45
7/11/07,5.4
7/12/07,5.42
7/13/07,5.43
7/16/07,5.42
7/17/07,5.41
7/18/07,5.41
7/19/07,5.41
7/20/07,5.4
7/23/07,5.37
7/24/07,5.38
7/25/07,5.36
7/26/07,5.35
7/27/07,5.26
7/30/07,5.22
7/31/07,5.25
8/1/07,5.19
8/2/07,5.23
8/3/07,5.22
8/6/07,5.12
8/7/07,5.16
8/8/07,5.24
8/9/07,5.26
8/10/07,5.23
8/13/07,5.24
8/14/07,5.24
8/15/07,5.21
8/16/07,5.16
8/17/07,5.07
8/20/07,5.08
8/21/07,5.05
8/22/07,5.1
8/23/07,5.22
8/24/07,5.2
8/28/07,5.21
8/29/07,5.18
8/30/07,5.21
8/31/07,5.28
9/3/07,5.26
9/4/07,5.25
9/5/07,5.28
9/6/07,5.23
9/7/07,5.23
9/10/07,5.07
9/11/07,5.08
9/12/07,5.12
9/13/07,5.13
9/14/07,5.12
9/17/07,5.11
9/18/07,5.11
9/19/07,4.88
9/20/07,4.85
9/21/07,4.9
9/24/07,4.91
9/25/07,4.93
9/26/07,4.93
9/27/07,4.94
9/28/07,4.9
10/1/07,4.94
10/2/07,4.98
10/3/07,4.95
10/4/07,5
10/5/07,4.99
10/8/07,5.07
10/9/07,5.06
10/10/07,5.09
10/11/07,5.07
10/12/07,5
10/15/07,5.04
10/16/07,5.02
10/17/07,4.96
10/18/07,4.9
10/19/07,4.82
10/22/07,4.71
10/23/07,4.76
10/24/07,4.69
10/25/07,4.62
10/26/07,4.63
10/29/07,4.63
10/30/07,4.64
10/31/07,4.64
11/1/07,4.75
11/2/07,4.62
11/5/07,4.6
11/6/07,4.66
11/7/07,4.64
11/8/07,4.58
11/9/07,4.51
11/12/07,4.47
11/13/07,4.46
11/14/07,4.53
11/15/07,4.51
11/16/07,4.47
11/19/07,4.5
11/20/07,4.51
11/21/07,4.47
11/22/07,4.45
11/23/07,4.44
11/26/07,4.48
11/27/07,4.4
11/28/07,4.49
11/29/07,4.49
11/30/07,4.46
12/3/07,4.43
12/4/07,4.42
12/5/07,4.43
12/6/07,4.44
12/7/07,4.49
12/10/07,4.55
12/11/07,4.55
12/12/07,4.5
12/13/07,4.44
12/14/07,4.49
12/17/07,4.52
12/18/07,4.47
12/19/07,4.42
12/20/07,4.35
12/21/07,4.32
12/24/07,4.34
12/27/07,4.34
12/28/07,4.3
12/31/07,4.22
1/2/08,4.19
1/3/08,4.04
1/4/08,4.05
1/7/08,3.94
1/8/08,3.93
1/9/08,3.86
1/10/08,3.81
1/11/08,3.72
1/14/08,3.5
1/15/08,3.47
1/16/08,3.42
1/17/08,3.48
1/18/08,3.4
1/21/08,3.27
1/22/08,3.08
1/23/08,2.81
1/24/08,2.86
1/25/08,3.13
1/28/08,2.96
1/29/08,2.97
1/30/08,2.98
1/31/08,2.85
2/1/08,2.82
2/4/08,2.9
2/5/08,2.89
2/6/08,2.73
2/7/08,2.73
2/8/08,2.78
2/11/08,2.73
2/12/08,2.73
2/13/08,2.73
2/14/08,2.75
2/15/08,2.74
2/18/08,2.77
2/19/08,2.78
2/20/08,2.88
2/21/08,2.96
2/22/08,2.82
2/25/08,2.91
2/26/08,2.93
2/27/08,2.83
2/28/08,2.78
2/29/08,2.71
3/3/08,2.63
3/4/08,2.66
3/5/08,2.67
3/6/08,2.69
3/7/08,2.58
3/10/08,2.59
3/11/08,2.57
3/12/08,2.65
3/13/08,2.52
3/14/08,2.51
3/17/08,2.18
3/18/08,2.21
3/19/08,2.34
3/20/08,2.39
3/25/08,2.55
3/26/08,2.53
3/27/08,2.51
3/28/08,2.52
3/31/08,2.49
4/1/08,2.47
4/2/08,2.56
4/3/08,2.65
4/4/08,2.66
4/7/08,2.59
4/8/08,2.6
4/9/08,2.62
4/10/08,2.57
4/11/08,2.64
4/14/08,2.57
4/15/08,2.63
4/16/08,2.74
4/17/08,2.91
4/18/08,3.07
4/21/08,3.06
4/22/08,3.09
4/23/08,3.11
4/24/08,3.08
4/25/08,3.24
4/28/08,3.18
4/29/08,3.11
4/30/08,3.08
5/1/08,2.98
5/2/08,2.99
5/6/08,3.02
5/7/08,3
5/8/08,2.94
5/9/08,2.87
5/12/08,2.92
5/13/08,2.96
5/14/08,3.17
5/15/08,3.18
5/16/08,3.08
5/19/08,3.03
5/20/08,2.98
5/21/08,2.95
5/22/08,3
5/23/08,3.07
5/27/08,3.07
5/28/08,3.09
5/29/08,3.21
5/30/08,3.16
6/2/08,3.14
6/3/08,3.1
6/4/08,3.1
6/5/08,3.13
6/6/08,3.21
6/9/08,3.19
6/10/08,3.54
6/11/08,3.52
6/12/08,3.5
6/13/08,3.68
6/16/08,3.66
6/17/08,3.59
6/18/08,3.58
6/19/08,3.55
6/20/08,3.55
6/23/08,3.54
6/24/08,3.56
6/25/08,3.51
6/26/08,3.44
6/27/08,3.38
6/30/08,3.31
7/1/08,3.32
7/2/08,3.35
7/3/08,3.33
7/4/08,3.29
7/7/08,3.3
7/8/08,3.22
7/9/08,3.25
7/10/08,3.21
7/11/08,3.26
7/14/08,3.28
7/15/08,3.2
7/16/08,3.15
7/17/08,3.21
7/18/08,3.26
7/21/08,3.36
7/22/08,3.34
7/23/08,3.41
7/24/08,3.38
7/25/08,3.27
7/28/08,3.31
7/29/08,3.28
7/30/08,3.29
7/31/08,3.25
8/1/08,3.22
8/4/08,3.24
8/5/08,3.28
8/6/08,3.27
8/7/08,3.28
8/8/08,3.23
8/11/08,3.24
8/12/08,3.27
8/13/08,3.22
8/14/08,3.23
8/15/08,3.26
8/18/08,3.26
8/19/08,3.24
8/20/08,3.23
8/21/08,3.17
8/22/08,3.21
8/26/08,3.22
8/27/08,3.23
8/28/08,3.21
8/29/08,3.21
9/1/08,3.2
9/2/08,3.21
9/3/08,3.18
9/4/08,3.18
9/5/08,3.13
9/8/08,3.24
9/9/08,3.17
9/10/08,3.14
9/11/08,3.13
9/12/08,3.13
9/15/08,2.99
9/16/08,2.95
9/17/08,3.23
9/18/08,3.35
9/19/08,3.46
9/22/08,3.51
9/23/08,3.54
9/24/08,3.76
9/25/08,3.98
9/26/08,3.89
9/29/08,3.84
9/30/08,3.96
10/1/08,4.04
10/2/08,4.02
10/3/08,4.06
10/6/08,3.95
10/7/08,3.9
10/8/08,3.99
10/9/08,4.23
10/10/08,4.17
10/13/08,4.13
10/14/08,4.06
10/15/08,4.03
10/16/08,3.98
10/17/08,3.97
10/20/08,3.71
10/21/08,3.6
10/22/08,3.42
10/23/08,3.5
10/24/08,3.51
10/27/08,3.5
10/28/08,3.49
10/29/08,3.42
10/30/08,3.28
10/31/08,3.17
11/3/08,3.21
11/4/08,3.11
11/5/08,2.97
11/6/08,2.84
11/7/08,2.8
11/10/08,2.79
11/11/08,2.71
11/12/08,2.68
11/13/08,2.75
11/14/08,2.91
11/17/08,2.88
11/18/08,2.8
11/19/08,2.76
11/20/08,2.71
11/21/08,2.74
11/24/08,2.76
11/25/08,2.84
11/26/08,2.72
11/27/08,2.75
11/28/08,2.77
12/1/08,2.77
12/2/08,2.71
12/3/08,2.7
12/4/08,2.65
12/5/08,2.69
12/8/08,2.8
12/9/08,2.71
12/10/08,2.62
12/11/08,2.53
12/12/08,2.42
12/15/08,2.43
12/16/08,2.37
12/17/08,2.1
12/18/08,2.1
12/19/08,2.09
12/22/08,2.08
12/23/08,2.11
12/24/08,2.09
12/29/08,2.08
12/30/08,2.03
12/31/08,2
1/2/09,2.02
1/5/09,2.09
1/6/09,2.05
1/7/09,2
1/8/09,1.93
1/9/09,1.86
1/12/09,1.77
1/13/09,1.74
1/14/09,1.75
1/15/09,1.77
1/16/09,1.89
1/19/09,1.85
1/20/09,1.83
1/21/09,1.84
1/22/09,1.92
1/23/09,1.92
1/26/09,1.97
1/27/09,1.97
1/28/09,1.91
1/29/09,1.92
1/30/09,1.98
2/2/09,2.07
2/3/09,2.08
2/4/09,2.09
2/5/09,2.09
2/6/09,2.04
2/9/09,2
2/10/09,1.99
2/11/09,2.02
2/12/09,2.02
2/13/09,2.03
2/16/09,2.09
2/17/09,2.09
2/18/09,2.1
2/19/09,2.1
2/20/09,2.08
2/23/09,2.06
2/24/09,2.04
2/25/09,2.07
2/26/09,2.12
2/27/09,2.12
3/2/09,2.11
3/3/09,2.11
3/4/09,2.12
3/5/09,2.14
3/6/09,2.15
3/9/09,2.24
3/10/09,2.3
3/11/09,2.26
3/12/09,2.23
3/13/09,2.23
3/16/09,2.21
3/17/09,2.2
3/18/09,2.18
3/19/09,2.01
3/20/09,2.01
3/23/09,2.02
3/24/09,2.03
3/25/09,2.03
3/26/09,2.05
3/27/09,2.01
3/30/09,1.98
3/31/09,1.97
4/1/09,1.95
4/2/09,1.96
4/3/09,1.96
4/6/09,1.99
4/7/09,1.98
4/8/09,1.96
4/9/09,1.95
4/14/09,1.93
4/15/09,1.91
4/16/09,1.91
4/17/09,1.92
4/20/09,1.95
4/21/09,1.95
4/22/09,1.97
4/23/09,1.95
4/24/09,1.93
4/27/09,1.9
4/28/09,1.88
4/29/09,1.89
4/30/09,1.88
5/1/09,1.86
5/5/09,1.86
5/6/09,1.82
5/7/09,1.81
5/8/09,1.78
5/11/09,1.76
5/12/09,1.75
5/13/09,1.73
5/14/09,1.69
5/15/09,1.66
5/18/09,1.61
5/19/09,1.58
5/20/09,1.55
5/21/09,1.49
5/22/09,1.53
5/26/09,1.55
5/27/09,1.63
5/28/09,1.62
5/29/09,1.6
6/1/09,1.59
6/2/09,1.61
6/3/09,1.58
6/4/09,1.55
6/5/09,1.6
6/8/09,1.85
6/9/09,1.84
6/10/09,1.79
6/11/09,1.79
6/12/09,1.73
6/15/09,1.7
6/16/09,1.7
6/17/09,1.69
6/18/09,1.69
6/19/09,1.74
6/22/09,1.7
6/23/09,1.68
6/24/09,1.64
6/25/09,1.65
6/26/09,1.59
6/29/09,1.6
6/30/09,1.61
7/1/09,1.59
7/2/09,1.58
7/3/09,1.53
7/6/09,1.51
7/7/09,1.51
7/8/09,1.49
7/9/09,1.48
7/10/09,1.46
7/13/09,1.46
7/14/09,1.49
7/15/09,1.51
7/16/09,1.51
7/17/09,1.49
7/20/09,1.5
7/21/09,1.49
7/22/09,1.48
7/23/09,1.47
7/24/09,1.49
7/27/09,1.49
7/28/09,1.48
7/29/09,1.49
7/30/09,1.5
7/31/09,1.5
8/3/09,1.48
8/4/09,1.49
8/5/09,1.5
8/6/09,1.51
8/7/09,1.51
8/10/09,1.55
8/11/09,1.51
8/12/09,1.46
8/13/09,1.42
8/14/09,1.39
8/17/09,1.39
8/18/09,1.39
8/19/09,1.37
8/20/09,1.38
8/21/09,1.35
8/24/09,1.38
8/25/09,1.36
8/26/09,1.36
8/27/09,1.35
8/28/09,1.33
9/1/09,1.3
9/2/09,1.3
9/3/09,1.29
9/4/09,1.29
9/7/09,1.29
9/8/09,1.28
9/9/09,1.27
9/10/09,1.26
9/11/09,1.25
9/14/09,1.25
9/15/09,1.26
9/16/09,1.27
9/17/09,1.29
9/18/09,1.27
9/21/09,1.28
9/22/09,1.27
9/23/09,1.26
9/24/09,1.23
9/25/09,1.24
9/28/09,1.26
9/29/09,1.25
9/30/09,1.26
10/1/09,1.24
10/2/09,1.21
10/5/09,1.21
10/6/09,1.21
10/7/09,1.22
10/8/09,1.21
10/9/09,1.22
10/12/09,1.25
10/13/09,1.24
10/14/09,1.23
10/15/09,1.24
10/16/09,1.25
10/19/09,1.25
10/20/09,1.24
10/21/09,1.23
10/22/09,1.23
10/23/09,1.24
10/26/09,1.24
10/27/09,1.24
10/28/09,1.21
10/29/09,1.2
10/30/09,1.2
11/2/09,1.2
11/3/09,1.18
11/4/09,1.19
11/5/09,1.17
11/6/09,1.16
11/9/09,1.13
11/10/09,1.12
11/11/09,1.11
11/12/09,1.1
11/13/09,1.09
11/16/09,1.09
11/17/09,1.06
11/18/09,1.06
11/19/09,1.03
11/20/09,1.02
11/23/09,1.02
11/24/09,1.01
11/25/09,1.01
11/26/09,1
11/27/09,1.01
11/30/09,1.02
12/1/09,1.01
12/2/09,1
12/3/09,1.03
12/4/09,1.03
12/7/09,1.05
12/8/09,1.02
12/9/09,1.01
12/10/09,1.01
12/11/09,1
12/14/09,1
12/15/09,1.01
12/16/09,1
12/17/09,0.99
12/18/09,0.97
12/21/09,0.96
12/22/09,0.98
12/23/09,0.97
12/24/09,0.98
12/29/09,1
12/30/09,0.99
12/31/09,0.98
1/4/10,0.99
1/5/10,0.97
1/6/10,0.96
1/7/10,0.95
1/8/10,0.96
1/11/10,0.92
1/12/10,0.91
1/13/10,0.9
1/14/10,0.91
1/15/10,0.9
1/18/10,0.88
1/19/10,0.88
1/20/10,0.88
1/21/10,0.88
1/22/10,0.86
1/25/10,0.86
1/26/10,0.84
1/27/10,0.84
1/28/10,0.85
1/29/10,0.85
2/1/10,0.84
2/2/10,0.84
2/3/10,0.85
2/4/10,0.85
2/5/10,0.84
2/8/10,0.84
2/9/10,0.85
2/10/10,0.85
2/11/10,0.86
2/12/10,0.85
2/15/10,0.85
2/16/10,0.86
2/17/10,0.85
2/18/10,0.85
2/19/10,0.88
2/22/10,0.87
2/23/10,0.87
2/24/10,0.85
2/25/10,0.84
2/26/10,0.84
3/1/10,0.84
3/2/10,0.84
3/3/10,0.83
3/4/10,0.83
3/5/10,0.85
3/8/10,0.87
3/9/10,0.86
3/10/10,0.86
3/11/10,0.86
3/12/10,0.87
3/15/10,0.87
3/16/10,0.87
3/17/10,0.86
3/18/10,0.86
3/19/10,0.88
3/22/10,0.89
3/23/10,0.89
3/24/10,0.89
3/25/10,0.91
3/26/10,0.91
3/29/10,0.91
3/30/10,0.91
3/31/10,0.92
4/1/10,0.92
4/6/10,0.95
4/7/10,0.94
4/8/10,0.93
4/9/10,0.94
4/12/10,0.94
4/13/10,0.94
4/14/10,0.95
4/15/10,0.95
4/16/10,0.94
4/19/10,0.93
4/20/10,0.94
4/21/10,0.95
4/22/10,0.96
4/23/10,0.98
4/26/10,0.99
4/27/10,1
4/28/10,1.02
4/29/10,1.01
4/30/10,1.02
5/4/10,1.04
5/5/10,1.05
5/6/10,1.07
5/7/10,1.13
5/10/10,1.1
5/11/10,1.1
5/12/10,1.1
5/13/10,1.09
5/14/10,1.11
5/17/10,1.12
5/18/10,1.12
5/19/10,1.13
5/20/10,1.14
5/21/10,1.15
5/24/10,1.18
5/25/10,1.22
5/26/10,1.22
5/27/10,1.21
5/28/10,1.2
6/1/10,1.21
6/2/10,1.21
6/3/10,1.21
6/4/10,1.2
6/7/10,1.21
6/8/10,1.2
6/9/10,1.19
6/10/10,1.18
6/11/10,1.18
6/14/10,1.19
6/15/10,1.19
6/16/10,1.19
6/17/10,1.19
6/18/10,1.18
6/21/10,1.18
6/22/10,1.18
6/23/10,1.18
6/24/10,1.18
6/25/10,1.18
6/28/10,1.18
6/29/10,1.17
6/30/10,1.17
7/1/10,1.17
7/2/10,1.17
7/5/10,1.16
7/6/10,1.16
7/7/10,1.16
7/8/10,1.15
7/9/10,1.15
7/12/10,1.14
7/13/10,1.15
7/14/10,1.14
7/15/10,1.13
7/16/10,1.13
7/19/10,1.12
7/20/10,1.1
7/21/10,1.09
7/22/10,1.08
7/23/10,1.07
7/26/10,1.08
7/27/10,1.07
7/28/10,1.06
7/29/10,1.05
7/30/10,1.04
8/2/10,1.03
8/3/10,1.02
8/4/10,1
8/5/10,1.01
8/6/10,1
8/9/10,1
8/10/10,0.99
8/11/10,0.97
8/12/10,0.96
8/13/10,0.97
8/16/10,0.96
8/17/10,0.95
8/18/10,0.93
8/19/10,0.92
8/20/10,0.91
8/23/10,0.89
8/24/10,0.88
8/25/10,0.87
8/26/10,0.87
8/27/10,0.86
8/31/10,0.84
9/1/10,0.84
9/2/10,0.84
9/3/10,0.83
9/6/10,0.83
9/7/10,0.83
9/8/10,0.82
9/9/10,0.82
9/10/10,0.82
9/13/10,0.82
9/14/10,0.81
9/15/10,0.8
9/16/10,0.79
9/17/10,0.79
9/20/10,0.79
9/21/10,0.79
9/22/10,0.78
9/23/10,0.78
9/24/10,0.78
9/27/10,0.78
9/28/10,0.78
9/29/10,0.78
9/30/10,0.78
10/1/10,0.78
10/4/10,0.78
10/5/10,0.78
10/6/10,0.77
10/7/10,0.77
10/8/10,0.77
10/11/10,0.77
10/12/10,0.77
10/13/10,0.77
10/14/10,0.77
10/15/10,0.77
10/18/10,0.77
10/19/10,0.77
10/20/10,0.77
10/21/10,0.77
10/22/10,0.77
10/25/10,0.77
10/26/10,0.77
10/27/10,0.77
10/28/10,0.76
10/29/10,0.76
11/1/10,0.76
11/2/10,0.76
11/3/10,0.76
11/4/10,0.76
11/5/10,0.76
11/8/10,0.76
11/9/10,0.76
11/10/10,0.76
11/11/10,0.76
11/12/10,0.76
11/15/10,0.76
11/16/10,0.76
11/17/10,0.76
11/18/10,0.76
11/19/10,0.76
11/22/10,0.76
11/23/10,0.76
11/24/10,0.77
11/25/10,0.78
11/26/10,0.78
11/29/10,0.78
11/30/10,0.79
12/1/10,0.79
12/2/10,0.79
12/3/10,0.79
12/6/10,0.78
12/7/10,0.78
12/8/10,0.78
12/9/10,0.78
12/10/10,0.78
12/13/10,0.79
12/14/10,0.78
12/15/10,0.78
12/16/10,0.79
12/17/10,0.78
12/20/10,0.78
12/21/10,0.78
12/22/10,0.78
12/23/10,0.78
12/24/10,0.78
12/29/10,0.78
12/30/10,0.78
12/31/10,0.78
1/4/11,0.78
1/5/11,0.78
1/6/11,0.79
1/7/11,0.79
1/10/11,0.78
1/11/11,0.78
1/12/11,0.78
1/13/11,0.78
1/14/11,0.78
1/17/11,0.78
1/18/11,0.78
1/19/11,0.78
1/20/11,0.78
1/21/11,0.78
1/24/11,0.78
1/25/11,0.78
1/26/11,0.78
1/27/11,0.78
1/28/11,0.78
1/31/11,0.78
2/1/11,0.79
2/2/11,0.79
2/3/11,0.79
2/4/11,0.79
2/7/11,0.79
2/8/11,0.79
2/9/11,0.8
2/10/11,0.8
2/11/11,0.8
2/14/11,0.8
2/15/11,0.8
2/16/11,0.8
2/17/11,0.8
2/18/11,0.8
2/21/11,0.79
2/22/11,0.79
2/23/11,0.79
2/24/11,0.79
2/25/11,0.79
2/28/11,0.79
3/1/11,0.79
3/2/11,0.79
3/3/11,0.79
3/4/11,0.79
3/7/11,0.79
3/8/11,0.78
3/9/11,0.79
3/10/11,0.79
3/11/11,0.78
3/14/11,0.78
3/15/11,0.77
3/16/11,0.77
3/17/11,0.77
3/18/11,0.77
3/21/11,0.77
3/22/11,0.77
3/23/11,0.77
3/24/11,0.78
3/25/11,0.78
3/28/11,0.78
3/29/11,0.78
3/30/11,0.78
3/31/11,0.78
4/1/11,0.79
4/4/11,0.78
4/5/11,0.78
4/6/11,0.78
4/7/11,0.78
4/8/11,0.78
4/11/11,0.77
4/12/11,0.77
4/13/11,0.77
4/14/11,0.77
4/15/11,0.77
4/18/11,0.76
4/19/11,0.76
4/20/11,0.76
4/21/11,0.76
4/26/11,0.76
4/27/11,0.76
4/28/11,0.76
5/3/11,0.76
5/4/11,0.76
5/5/11,0.75
5/6/11,0.75
5/9/11,0.75
5/10/11,0.74
5/11/11,0.74
5/12/11,0.74
5/13/11,0.74
5/16/11,0.74
5/17/11,0.74
5/18/11,0.73
5/19/11,0.74
5/20/11,0.73
5/23/11,0.73
5/24/11,0.73
5/25/11,0.73
5/26/11,0.73
5/27/11,0.73
5/31/11,0.73
6/1/11,0.73
6/2/11,0.73
6/3/11,0.73
6/6/11,0.73
6/7/11,0.73
6/8/11,0.72
6/9/11,0.72
6/10/11,0.72
6/13/11,0.72
6/14/11,0.72
6/15/11,0.72
6/16/11,0.73
6/17/11,0.73
6/20/11,0.73
6/21/11,0.73
6/22/11,0.73
6/23/11,0.73
6/24/11,0.73
6/27/11,0.73
6/28/11,0.74
6/29/11,0.74
6/30/11,0.73
7/1/11,0.73
7/4/11,0.73
7/5/11,0.73
7/6/11,0.74
7/7/11,0.74
7/8/11,0.74
7/11/11,0.73
7/12/11,0.74
7/13/11,0.74
7/14/11,0.74
7/15/11,0.74
7/18/11,0.75
7/19/11,0.75
7/20/11,0.75
7/21/11,0.75
7/22/11,0.75
7/25/11,0.75
7/26/11,0.75
7/27/11,0.76
7/28/11,0.76
7/29/11,0.76
8/1/11,0.76
8/2/11,0.76
8/3/11,0.77
8/4/11,0.77
8/5/11,0.76
8/8/11,0.77
8/9/11,0.77
8/10/11,0.77
8/11/11,0.77
8/12/11,0.77
8/15/11,0.77
8/16/11,0.78
8/17/11,0.78
8/18/11,0.78
8/19/11,0.78
8/22/11,0.79
8/23/11,0.79
8/24/11,0.79
8/25/11,0.8
8/26/11,0.8
8/30/11,0.8
8/31/11,0.8
9/1/11,0.8
9/2/11,0.8
9/5/11,0.81
9/6/11,0.81
9/7/11,0.82
9/8/11,0.82
9/9/11,0.82
9/12/11,0.83
9/13/11,0.83
9/14/11,0.83
9/15/11,0.84
9/16/11,0.83
9/19/11,0.84
9/20/11,0.84
9/21/11,0.84
9/22/11,0.84
9/23/11,0.85
9/26/11,0.85
9/27/11,0.85
9/28/11,0.85
9/29/11,0.86
9/30/11,0.86
10/3/11,0.87
10/4/11,0.88
10/5/11,0.88
10/6/11,0.89
10/7/11,0.89
10/10/11,0.9
10/11/11,0.9
10/12/11,0.9
10/13/11,0.91
10/14/11,0.91
10/17/11,0.91
10/18/11,0.91
10/19/11,0.92
10/20/11,0.92
10/21/11,0.92
10/24/11,0.92
10/25/11,0.93
10/26/11,0.93
10/27/11,0.93
10/28/11,0.93
10/31/11,0.94
11/1/11,0.94
11/2/11,0.94
11/3/11,0.94
11/4/11,0.95
11/7/11,0.95
11/8/11,0.96
11/9/11,0.96
11/10/11,0.98
11/11/11,0.98
11/14/11,0.99
11/15/11,0.99
11/16/11,1
11/17/11,1.01
11/18/11,1.02
11/21/11,1.03
11/22/11,1.03
11/23/11,1.04
11/24/11,1.05
11/25/11,1.05
11/28/11,1.06
11/29/11,1.07
11/30/11,1.07
12/1/11,1.06
12/2/11,1.07
12/5/11,1.07
12/6/11,1.08
12/7/11,1.08
12/8/11,1.08
12/9/11,1.08
12/12/11,1.09
12/13/11,1.09
12/14/11,1.1
12/15/11,1.11
12/16/11,1.11
12/19/11,1.11
12/20/11,1.12
12/21/11,1.12
12/22/11,1.12
12/23/11,1.12
12/28/11,1.13
12/29/11,1.13
12/30/11,1.13
1/3/12,1.13
1/4/12,1.13
1/5/12,1.13
1/6/12,1.13
1/9/12,1.13
1/10/12,1.13
1/11/12,1.12
1/12/12,1.12
1/13/12,1.11
1/16/12,1.11
1/17/12,1.11
1/18/12,1.11
1/19/12,1.11
1/20/12,1.11
1/23/12,1.11
1/24/12,1.11
1/25/12,1.11
1/26/12,1.1
1/27/12,1.1
1/30/12,1.1
1/31/12,1.1
2/1/12,1.09
2/2/12,1.09
2/3/12,1.08
2/6/12,1.08
2/7/12,1.08
2/8/12,1.08
2/9/12,1.07
2/10/12,1.07
2/13/12,1.07
2/14/12,1.07
2/15/12,1.07
2/16/12,1.07
2/17/12,1.07
2/20/12,1.07
2/21/12,1.07
2/22/12,1.07
2/23/12,1.07
2/24/12,1.07
2/27/12,1.07
2/28/12,1.06
2/29/12,1.06
3/1/12,1.06
3/2/12,1.06
3/5/12,1.05
3/6/12,1.05
3/7/12,1.06
3/8/12,1.06
3/9/12,1.06
3/12/12,1.06
3/13/12,1.06
3/14/12,1.06
3/15/12,1.05
3/16/12,1.05
3/19/12,1.05
3/20/12,1.05
3/21/12,1.05
3/22/12,1.05
3/23/12,1.05
3/26/12,1.05
3/27/12,1.05
3/28/12,1.05
3/29/12,1.05
3/30/12,1.05
4/2/12,1.05
4/3/12,1.05
4/4/12,1.05
4/5/12,1.05
4/10/12,1.05
4/11/12,1.05
4/12/12,1.05
4/13/12,1.05
4/16/12,1.05
4/17/12,1.05
4/18/12,1.05
4/19/12,1.05
4/20/12,1.05
4/23/12,1.05
4/24/12,1.05
4/25/12,1.05
4/26/12,1.05
4/27/12,1.05
4/30/12,1.05
5/1/12,1.05
5/2/12,1.05
5/3/12,1.05
5/4/12,1.05
5/8/12,1.05
5/9/12,1.05
5/10/12,1.05
5/11/12,1.06
5/14/12,1.06
5/15/12,1.06
5/16/12,1.07
5/17/12,1.07
5/18/12,1.07
5/21/12,1.07
5/22/12,1.07
5/23/12,1.07
5/24/12,1.07
5/25/12,1.07
5/28/12,1.07
5/29/12,1.07
5/30/12,1.07
5/31/12,1.07
6/1/12,1.07
6/6/12,1.07
6/7/12,1.07
6/8/12,1.07
6/11/12,1.07
6/12/12,1.07
6/13/12,1.07
6/14/12,1.07
6/15/12,1.07
6/18/12,1.07
6/19/12,1.07
6/20/12,1.07
6/21/12,1.07
6/22/12,1.07
6/25/12,1.07
6/26/12,1.07
6/27/12,1.07
6/28/12,1.07
6/29/12,1.07
7/2/12,1.07
7/3/12,1.07
7/4/12,1.07
7/5/12,1.07
7/6/12,1.07
7/9/12,1.07
7/10/12,1.07
7/11/12,1.07
7/12/12,1.07
7/13/12,1.07
7/16/12,1.07
7/17/12,1.07
7/18/12,1.07
7/19/12,1.06
7/20/12,1.06
7/23/12,1.06
7/24/12,1.06
7/25/12,1.06
7/26/12,1.06
7/27/12,1.06
7/30/12,1.06
7/31/12,1.05
8/1/12,1.05
8/2/12,1.05
8/3/12,1.05
8/6/12,1.05
8/7/12,1.05
8/8/12,1.05
8/9/12,1.05
8/10/12,1.05
8/13/12,1.05
8/14/12,1.05
8/15/12,1.05
8/16/12,1.04
8/17/12,1.04
8/20/12,1.04
8/21/12,1.04
8/22/12,1.04
8/23/12,1.04
8/24/12,1.04
8/28/12,1.04
8/29/12,1.03
8/30/12,1.03
8/31/12,1.03
9/3/12,1.03
9/4/12,1.03
9/5/12,1.03
9/6/12,1.02
9/7/12,1.02
9/10/12,1.02
9/11/12,1.01
9/12/12,1.01
9/13/12,1
9/14/12,1
9/17/12,0.99
9/18/12,0.99
9/19/12,0.99
9/20/12,0.99
9/21/12,0.98
9/24/12,0.98
9/25/12,0.98
9/26/12,0.98
9/27/12,0.98
9/28/12,0.97
10/1/12,0.97
10/2/12,0.96
10/3/12,0.96
10/4/12,0.96
10/5/12,0.95
10/8/12,0.95
10/9/12,0.95
10/10/12,0.94
10/11/12,0.94
10/12/12,0.94
10/15/12,0.93
10/16/12,0.92
10/17/12,0.91
10/18/12,0.9
10/19/12,0.9
10/22/12,0.89
10/23/12,0.89
10/24/12,0.88
10/25/12,0.88
10/26/12,0.88
10/29/12,0.88
10/30/12,0.88
10/31/12,0.88
11/1/12,0.88
11/2/12,0.88
11/5/12,0.87
11/6/12,0.87
11/7/12,0.87
11/8/12,0.86
11/9/12,0.86
11/12/12,0.86
11/13/12,0.86
11/14/12,0.86
11/15/12,0.86
11/16/12,0.86
11/19/12,0.86
11/20/12,0.86
11/21/12,0.86
11/22/12,0.86
11/23/12,0.86
11/26/12,0.86
11/27/12,0.86
11/28/12,0.86
11/29/12,0.86
11/30/12,0.86
12/3/12,0.86
12/4/12,0.86
12/5/12,0.86
12/6/12,0.86
12/7/12,0.85
12/10/12,0.85
12/11/12,0.85
12/12/12,0.85
12/13/12,0.85
12/14/12,0.84
12/17/12,0.84
12/18/12,0.84
12/19/12,0.84
12/20/12,0.84
12/21/12,0.84
12/24/12,0.84
12/27/12,0.84
12/28/12,0.84
12/31/12,0.84
1/2/13,0.84
1/3/13,0.84
1/4/13,0.84
1/7/13,0.83
1/8/13,0.83
1/9/13,0.83
1/10/13,0.82
1/11/13,0.82
1/14/13,0.82
1/15/13,0.81
1/16/13,0.81
1/17/13,0.81
1/18/13,0.81
1/21/13,0.81
1/22/13,0.81
1/23/13,0.81
1/24/13,0.8
1/25/13,0.8
1/28/13,0.8
1/29/13,0.8
1/30/13,0.79
1/31/13,0.78
2/1/13,0.78
2/4/13,0.77
2/5/13,0.77
2/6/13,0.77
2/7/13,0.77
2/8/13,0.77
2/11/13,0.77
2/12/13,0.76
2/13/13,0.76
2/14/13,0.76
2/15/13,0.76
2/18/13,0.76
2/19/13,0.76
2/20/13,0.76
2/21/13,0.76
2/22/13,0.76
2/25/13,0.75
2/26/13,0.75
2/27/13,0.75
2/28/13,0.75
3/1/13,0.75
3/4/13,0.75
3/5/13,0.74
3/6/13,0.74
3/7/13,0.74
3/8/13,0.73
3/11/13,0.73
3/12/13,0.73
3/13/13,0.73
3/14/13,0.73
3/15/13,0.73
3/18/13,0.73
3/19/13,0.74
3/20/13,0.74
3/21/13,0.74
3/22/13,0.74
3/25/13,0.73
3/26/13,0.73
3/27/13,0.73
3/28/13,0.73
4/2/13,0.73
4/3/13,0.73
4/4/13,0.72
4/5/13,0.72
4/8/13,0.72
4/9/13,0.72
4/10/13,0.72
4/11/13,0.72
4/12/13,0.72
4/15/13,0.72
4/16/13,0.72
4/17/13,0.72
4/18/13,0.72
4/19/13,0.72
4/22/13,0.72
4/23/13,0.71
4/24/13,0.71
4/25/13,0.71
4/26/13,0.71
4/29/13,0.71
4/30/13,0.7
5/1/13,0.7
5/2/13,0.7
5/3/13,0.7
5/7/13,0.7
5/8/13,0.7
5/9/13,0.7
5/10/13,0.7
5/13/13,0.7
5/14/13,0.7
5/15/13,0.69
5/16/13,0.69
5/17/13,0.69
5/20/13,0.69
5/21/13,0.69
5/22/13,0.69
5/23/13,0.69
5/24/13,0.69
5/28/13,0.68
5/29/13,0.69
5/30/13,0.69
5/31/13,0.69
6/3/13,0.69
6/4/13,0.69
6/5/13,0.69
6/6/13,0.69
6/7/13,0.69
6/10/13,0.68
6/11/13,0.68
6/12/13,0.68
6/13/13,0.68
6/14/13,0.67
6/17/13,0.67
6/18/13,0.67
6/19/13,0.67
6/20/13,0.68
6/21/13,0.68
6/24/13,0.7
6/25/13,0.7
6/26/13,0.7
6/27/13,0.69
6/28/13,0.69
7/1/13,0.69
7/2/13,0.69
7/3/13,0.69
7/4/13,0.69
7/5/13,0.69
7/8/13,0.69
7/9/13,0.69
7/10/13,0.69
7/11/13,0.69
7/12/13,0.69
7/15/13,0.69
7/16/13,0.69
7/17/13,0.68
7/18/13,0.68
7/19/13,0.68
7/22/13,0.68
7/23/13,0.68
7/24/13,0.68
7/25/13,0.68
7/26/13,0.67
7/29/13,0.67
7/30/13,0.67
7/31/13,0.67
8/1/13,0.67
8/2/13,0.67
8/5/13,0.67
8/6/13,0.67
8/7/13,0.67
8/8/13,0.66
8/9/13,0.66
8/12/13,0.67
8/13/13,0.66
8/14/13,0.67
8/15/13,0.67
8/16/13,0.67
8/19/13,0.67
8/20/13,0.67
8/21/13,0.67
8/22/13,0.67
8/23/13,0.68
8/27/13,0.67
8/28/13,0.67
8/29/13,0.67
8/30/13,0.67
9/2/13,0.67
9/3/13,0.67
9/4/13,0.67
9/5/13,0.68
9/6/13,0.68
9/9/13,0.67
9/10/13,0.67
9/11/13,0.67
9/12/13,0.66
9/13/13,0.66
9/16/13,0.66
9/17/13,0.65
9/18/13,0.65
9/19/13,0.64
9/20/13,0.64
9/23/13,0.64
9/24/13,0.64
9/25/13,0.63
9/26/13,0.63
9/27/13,0.63
9/30/13,0.63
10/1/13,0.63
10/2/13,0.62
10/3/13,0.62
10/4/13,0.62
10/7/13,0.62
10/8/13,0.62
10/9/13,0.63
10/10/13,0.63
10/11/13,0.63
10/14/13,0.63
10/15/13,0.63
10/16/13,0.63
10/17/13,0.62
10/18/13,0.61
10/21/13,0.61
10/22/13,0.61
10/23/13,0.61
10/24/13,0.61
10/25/13,0.61
10/28/13,0.61
10/29/13,0.61
10/30/13,0.6
10/31/13,0.6
11/1/13,0.6
11/4/13,0.6
11/5/13,0.6
11/6/13,0.6
11/7/13,0.6
11/8/13,0.59
11/11/13,0.6
11/12/13,0.59
11/13/13,0.59
11/14/13,0.59
11/15/13,0.58
11/18/13,0.59
11/19/13,0.58
11/20/13,0.58
11/21/13,0.58
11/22/13,0.57
11/25/13,0.57
11/26/13,0.58
11/27/13,0.58
11/28/13,0.58
11/29/13,0.58
12/2/13,0.58
12/3/13,0.58
12/4/13,0.58
12/5/13,0.58
12/6/13,0.58
12/9/13,0.57
12/10/13,0.57
12/11/13,0.57
12/12/13,0.58
12/13/13,0.58
12/16/13,0.58
12/17/13,0.58
12/18/13,0.58
12/19/13,0.58
12/20/13,0.58
12/23/13,0.58
12/24/13,0.58
12/27/13,0.58
12/30/13,0.58
12/31/13,0.58
1/2/14,0.58
1/3/14,0.58
1/6/14,0.59
1/7/14,0.59
1/8/14,0.59
1/9/14,0.58
1/10/14,0.58
1/13/14,0.57
1/14/14,0.57
1/15/14,0.57
1/16/14,0.57
1/17/14,0.57
1/20/14,0.57
1/21/14,0.57
1/22/14,0.57
1/23/14,0.57
1/24/14,0.57
1/27/14,0.57
1/28/14,0.57
1/29/14,0.57
1/30/14,0.57
1/31/14,0.57
2/3/14,0.56
2/4/14,0.56
2/5/14,0.56
2/6/14,0.56
2/7/14,0.56
2/10/14,0.55
2/11/14,0.55
2/12/14,0.55
2/13/14,0.55
2/14/14,0.55
2/17/14,0.55
2/18/14,0.55
2/19/14,0.55
2/20/14,0.55
2/21/14,0.56
2/24/14,0.55
2/25/14,0.55
2/26/14,0.55
2/27/14,0.55
2/28/14,0.55
3/3/14,0.55
3/4/14,0.55
3/5/14,0.55
3/6/14,0.55
3/7/14,0.55
3/10/14,0.56
3/11/14,0.56
3/12/14,0.56
3/13/14,0.56
3/14/14,0.56
3/17/14,0.56
3/18/14,0.56
3/19/14,0.56
3/20/14,0.56
3/21/14,0.56
3/24/14,0.56
3/25/14,0.56
3/26/14,0.56
3/27/14,0.56
3/28/14,0.56
3/31/14,0.56
4/1/14,0.55
4/2/14,0.56
4/3/14,0.56
4/4/14,0.56
4/7/14,0.55
4/8/14,0.55
4/9/14,0.55
4/10/14,0.55
4/11/14,0.55
4/14/14,0.55
4/15/14,0.55
4/16/14,0.55
4/17/14,0.55
4/22/14,0.55
4/23/14,0.55
4/24/14,0.55
4/25/14,0.5495
4/28/14,0.5495
4/29/14,0.549
4/30/14,0.549
5/1/14,0.5475
5/2/14,0.547
5/6/14,0.5436
5/7/14,0.5436
5/8/14,0.5421
5/9/14,0.5402
5/12/14,0.5377
5/13/14,0.5392
5/14/14,0.5371
5/15/14,0.5346
5/16/14,0.5346
5/19/14,0.5346
5/20/14,0.5346
5/21/14,0.5336
5/22/14,0.5341
5/23/14,0.5354
5/27/14,0.5354
5/28/14,0.5354
5/29/14,0.5344
5/30/14,0.5344
6/2/14,0.5345
6/3/14,0.535
6/4/14,0.534
6/5/14,0.5345
6/6/14,0.5335
6/9/14,0.5351
6/10/14,0.5366
6/11/14,0.5396
6/12/14,0.5401
6/13/14,0.5446
6/16/14,0.5466
6/17/14,0.5506
6/18/14,0.5506
6/19/14,0.5456
6/20/14,0.5471
6/23/14,0.5471
6/24/14,0.5471
6/25/14,0.5471
6/26/14,0.5461
6/27/14,0.5451
6/30/14,0.5451
7/1/14,0.5462
7/2/14,0.5467
7/3/14,0.5467
7/4/14,0.5532
7/7/14,0.5562
7/8/14,0.5562
7/9/14,0.5572
7/10/14,0.5492
7/11/14,0.5497
7/14/14,0.5519
7/15/14,0.5519
7/16/14,0.5549
7/17/14,0.5544
7/18/14,0.5529
7/21/14,0.5521
7/22/14,0.5561
7/23/14,0.5536
7/24/14,0.5571
7/25/14,0.5601
7/28/14,0.5636
7/29/14,0.5646
7/30/14,0.5686
7/31/14,0.5796
8/1/14,0.5781
8/4/14,0.5621
8/5/14,0.5604
8/6/14,0.5559
8/7/14,0.5554
8/8/14,0.554
8/11/14,0.5545
8/12/14,0.5553
8/13/14,0.5553
8/14/14,0.5508
8/15/14,0.5506
8/18/14,0.5511
8/19/14,0.5521
8/20/14,0.5561
8/21/14,0.5646
8/22/14,0.5656
8/26/14,0.5646
8/27/14,0.5626
8/28/14,0.5631
8/29/14,0.5656
9/1/14,0.5646
9/2/14,0.5621
9/3/14,0.5656
9/4/14,0.5641
9/5/14,0.5691
9/8/14,0.5626
9/9/14,0.5737
9/10/14,0.5807
9/11/14,0.5822
9/12/14,0.5862
9/15/14,0.5847
9/16/14,0.5827
9/17/14,0.5827
9/18/14,0.5852
9/19/14,0.5847
9/22/14,0.5817
9/23/14,0.5812
9/24/14,0.5827
9/25/14,0.5822
9/26/14,0.5777
9/29/14,0.5802
9/30/14,0.5786
10/1/14,0.5776
10/2/14,0.5681
10/3/14,0.5691
10/6/14,0.5718
10/7/14,0.5713
10/8/14,0.5673
10/9/14,0.5506
10/10/14,0.5526
10/13/14,0.5473
10/14/14,0.5421
10/15/14,0.5444
10/16/14,0.5447
10/17/14,0.5469
10/20/14,0.5472
10/21/14,0.5412
10/22/14,0.5421
10/23/14,0.5436
10/24/14,0.5426
10/27/14,0.5418
10/28/14,0.5416
10/29/14,0.5418
10/30/14,0.5558
10/31/14,0.5538
11/3/14,0.5558
11/4/14,0.5558
11/5/14,0.5578
11/6/14,0.5578
11/7/14,0.5663
11/10/14,0.5563
11/11/14,0.5643
11/12/14,0.5638
11/13/14,0.5663
11/14/14,0.5633
11/17/14,0.5611
11/18/14,0.5611
11/19/14,0.5628
11/20/14,0.5618
11/21/14,0.5643
11/24/14,0.5643
11/25/14,0.5646
11/26/14,0.5646
11/27/14,0.5646
11/28/14,0.5646
12/1/14,0.5626
12/2/14,0.5648
12/3/14,0.5703
12/4/14,0.575
12/5/14,0.5766
12/8/14,0.6031
12/9/14,0.5981
12/10/14,0.6026
12/11/14,0.6003
12/12/14,0.6013
12/15/14,0.5978
12/16/14,0.5993
12/17/14,0.6053
12/18/14,0.6053
12/19/14,0.6168
12/22/14,0.6223
12/23/14,0.6278
12/24/14,0.6288
12/29/14,0.6288
12/30/14,0.6288
12/31/14,0.6288