Date,Close
12/31/99,6.640625
1/3/00,6.71875
1/4/00,6.632813
1/5/00,6.617188
1/6/00,6.859375
1/7/00,7.664063
1/10/00,7.53125
1/11/00,7.546875
1/12/00,7.476563
1/13/00,7.710938
1/14/00,7.703125
1/18/00,7.375
1/19/00,7.4375
1/20/00,7.625
1/21/00,7.296875
1/24/00,6.898438
1/25/00,6.898438
1/26/00,6.882813
1/27/00,6.773438
1/28/00,6.578125
1/31/00,6.625
2/1/00,6.804688
2/2/00,6.984375
2/3/00,6.921875
2/4/00,7.09375
2/7/00,7.273438
2/8/00,7
2/9/00,6.742188
2/10/00,7.234375
2/11/00,7
2/14/00,7.109375
2/15/00,7.421875
2/16/00,7.664063
2/17/00,7.859375
2/18/00,7.234375
2/22/00,7.351563
2/23/00,7.15625
2/24/00,6.578125
2/25/00,6.40625
2/28/00,6.429688
2/29/00,6.390625
3/1/00,6.828125
3/2/00,6.5625
3/3/00,6.804688
3/6/00,6.5625
3/7/00,6.125
3/8/00,5.953125
3/9/00,6.132813
3/10/00,6.359375
3/13/00,6.257813
3/14/00,6.257813
3/15/00,6.429688
3/16/00,6.515625
3/17/00,6.453125
3/20/00,6.625
3/21/00,6.75
3/22/00,6.617188
3/23/00,6.828125
3/24/00,7.179688
3/27/00,6.96875
3/28/00,6.921875
3/29/00,6.960938
3/30/00,7.15625
3/31/00,7.453125
4/3/00,7.757813
4/4/00,7.59375
4/5/00,7.5
4/6/00,7.710938
4/7/00,7.71875
4/10/00,7.984375
4/11/00,8.179688
4/12/00,8.484375
4/13/00,8.296875
4/14/00,7.992188
4/17/00,7.96875
4/18/00,8.109375
4/19/00,8.085938
4/20/00,8.390625
4/24/00,8.679688
4/25/00,8.53125
4/26/00,8.414063
4/27/00,8.382813
4/28/00,8.335938
5/1/00,8.070313
5/2/00,7.875
5/3/00,7.65625
5/4/00,7.804688
5/5/00,7.882813
5/8/00,8.25
5/9/00,8.484375
5/10/00,8.546875
5/11/00,8.648438
5/12/00,8.921875
5/15/00,9.328125
5/16/00,9.453125
5/17/00,9.328125
5/18/00,9.6875
5/19/00,9.546875
5/22/00,9.539063
5/23/00,9.429688
5/24/00,9.734375
5/25/00,9.570313
5/26/00,9.484375
5/30/00,9.492188
5/31/00,9.320313
6/1/00,9.5
6/2/00,9.359375
6/5/00,9.367188
6/6/00,9.171875
6/7/00,9.203125
6/8/00,9.25
6/9/00,9.617188
6/12/00,9.988281
6/13/00,10.09375
6/14/00,10.25
6/15/00,10.25
6/16/00,10.09375
6/19/00,10
6/20/00,10.023438
6/21/00,10.132813
6/22/00,10.046875
6/23/00,9.984375
6/26/00,9.96875
6/27/00,10.023438
6/28/00,10.314453
6/29/00,10.75
6/30/00,10.71875
7/3/00,11.007813
7/5/00,11.125
7/6/00,11.46875
7/7/00,11.21875
7/10/00,10.921875
7/11/00,10.960938
7/12/00,11.15625
7/13/00,10.71875
7/14/00,10.5625
7/17/00,10.867188
7/18/00,10.40625
7/19/00,10.492188
7/20/00,10.609375
7/21/00,10.625
7/24/00,10.289063
7/25/00,9.84375
7/26/00,9.773438
7/27/00,10.234375
7/28/00,10.148438
7/31/00,10.226563
8/1/00,10.429688
8/2/00,10.453125
8/3/00,10.617188
8/4/00,10.960938
8/7/00,10.992188
8/8/00,10.875
8/9/00,10.984375
8/10/00,11.046875
8/11/00,11.53125
8/14/00,11.6875
8/15/00,11.632813
8/16/00,11.523438
8/17/00,11.601563
8/18/00,11.421875
8/21/00,11.476563
8/22/00,11.6875
8/23/00,11.421875
8/24/00,11.40625
8/25/00,11.21875
8/28/00,11.25
8/29/00,11.34375
8/30/00,11.328125
8/31/00,11.814453
9/1/00,11.742188
9/5/00,11.796875
9/6/00,11.5625
9/7/00,11.476563
9/8/00,11.3125
9/11/00,11.6875
9/12/00,11.429688
9/13/00,11.4375
9/14/00,11.8125
9/15/00,11.585938
9/18/00,11.398438
9/19/00,11.789063
9/20/00,11.539063
9/21/00,11.804688
9/22/00,12.226563
9/25/00,12.164063
9/26/00,12.179688
9/27/00,12.25
9/28/00,12.429688
9/29/00,12.34375
10/2/00,13.242188
10/3/00,13.164063
10/4/00,12.820313
10/5/00,13.101563
10/6/00,12.867188
10/9/00,12.875
10/10/00,13.234375
10/11/00,13.1875
10/12/00,12.6875
10/13/00,12.984375
10/16/00,13.617188
10/17/00,13.351563
10/18/00,13.101563
10/19/00,13.070313
10/20/00,13.164063
10/23/00,13.070313
10/24/00,13.328125
10/25/00,13.0625
10/26/00,13.429688
10/27/00,13.710938
10/30/00,14.5
10/31/00,13.671875
11/1/00,13.265625
11/2/00,13.03125
11/3/00,13.265625
11/6/00,13.632813
11/7/00,13.59375
11/8/00,13.8125
11/9/00,14.203125
11/10/00,14.125
11/13/00,13.742188
11/14/00,14.164063
11/15/00,14.367188
11/16/00,14.40625
11/17/00,14.429688
11/20/00,14.375
11/21/00,14.40625
11/22/00,14.085938
11/24/00,14.382813
11/27/00,14.40625
11/28/00,14.546875
11/29/00,14.78125
11/30/00,14.664063
12/1/00,14.5
12/4/00,14.609375
12/5/00,14.796875
12/6/00,14.71875
12/7/00,14.59375
12/8/00,14.90625
12/11/00,15.054688
12/12/00,14.789063
12/13/00,14.765625
12/14/00,14.414063
12/15/00,14.6875
12/18/00,15.109375
12/19/00,14.632813
12/20/00,14.734375
12/21/00,15.085938
12/22/00,14.9375
12/26/00,15.3125
12/27/00,15.21875
12/28/00,15.625
12/29/00,15.34375
1/2/01,14.734375
1/3/01,14.296875
1/4/01,13.296875
1/5/01,13.484375
1/8/01,13.4375
1/9/01,13.578125
1/10/01,14.125
1/11/01,13.84375
1/12/01,13.546875
1/16/01,13.421875
1/17/01,13.171875
1/18/01,13.0625
1/19/01,12.890625
1/22/01,13.828125
1/23/01,14.625
1/24/01,14.921875
1/25/01,15.125
1/26/01,14.953125
1/29/01,14.69
1/30/01,14.27
1/31/01,14.1025
2/1/01,14.185
2/2/01,15.275
2/5/01,15.6025
2/6/01,15.225
2/7/01,15.4675
2/8/01,15.225
2/9/01,14.6375
2/12/01,14.78
2/13/01,14.6475
2/14/01,14.25
2/15/01,14.0625
2/16/01,14.2275
2/20/01,14.15
2/21/01,14.12
2/22/01,13.765
2/23/01,13.5825
2/26/01,14.0475
2/27/01,14.3525
2/28/01,14.8075
3/1/01,14.7475
3/2/01,15.1975
3/5/01,15
3/6/01,15.1275
3/7/01,15.125
3/8/01,15.375
3/9/01,15.2475
3/12/01,14.915
3/13/01,14.725
3/14/01,14.525
3/15/01,14.4775
3/16/01,13.955
3/19/01,14.1875
3/20/01,14.1875
3/21/01,13.575
3/22/01,13.175
3/23/01,13.625
3/26/01,14.025
3/27/01,14.085
3/28/01,14.025
3/29/01,14.4475
3/30/01,14.815
4/2/01,14.625
4/3/01,14.5575
4/4/01,14.965
4/5/01,15
4/6/01,14.735
4/9/01,14.945
4/10/01,14.7875
4/11/01,14.455
4/12/01,14.6075
4/16/01,14.5575
4/17/01,14.76
4/18/01,15.17
4/19/01,15.1
4/20/01,15.0525
4/23/01,14.935
4/24/01,15.19
4/25/01,15.75
4/26/01,16.217501
4/27/01,16.305
4/30/01,16.370001
5/1/01,16.540001
5/2/01,15.8
5/3/01,15.4
5/4/01,15.2875
5/7/01,15.2
5/8/01,14.7775
5/9/01,14.8
5/10/01,14.355
5/11/01,14.6125
5/14/01,14.7875
5/15/01,14.82
5/16/01,15.1925
5/17/01,14.5925
5/18/01,14.18
5/21/01,13.87
5/22/01,13.575
5/23/01,13.2575
5/24/01,13.825
5/25/01,13.6125
5/29/01,13.45
5/30/01,13.805
5/31/01,14.375
6/1/01,14.175
6/4/01,14.19
6/5/01,14.28
6/6/01,14.6
6/7/01,14.445
6/8/01,14.5575
6/11/01,14.1775
6/12/01,14.2
6/13/01,14.4
6/14/01,14.545
6/15/01,14.285
6/18/01,14.6
6/19/01,14.5075
6/20/01,14.7
6/21/01,15.14
6/22/01,15.2925
6/25/01,15.5725
6/26/01,15.4375
6/27/01,15.725
6/28/01,15.6375
6/29/01,15.4375
7/2/01,15.615
7/3/01,15.57
7/5/01,15.4775
7/6/01,15.48
7/9/01,15.875
7/10/01,15.725
7/11/01,15.87
7/12/01,16.2675
7/13/01,16.4475
7/16/01,16.174999
7/17/01,16.495001
7/18/01,16.59
7/19/01,16.657499
7/20/01,16.455
7/23/01,16.4375
7/24/01,16.252501
7/25/01,16.115
7/26/01,16.252501
7/27/01,16.25
7/30/01,16.637501
7/31/01,16.855
8/1/01,16.25
8/2/01,15.9875
8/3/01,16.0725
8/6/01,15.88
8/7/01,16.094999
8/8/01,15.9175
8/9/01,15.91
8/10/01,16.094999
8/13/01,16.317499
8/14/01,16.375
8/15/01,16.35
8/16/01,16.6
8/17/01,16.405001
8/20/01,16.522499
8/21/01,16.684999
8/22/01,16.844999
8/23/01,17.1875
8/24/01,17.0275
8/27/01,17.125
8/28/01,17.2325
8/29/01,17.3125
8/30/01,17.182501
8/31/01,17.014999
9/4/01,16.997499
9/5/01,17.075001
9/6/01,16.715
9/7/01,16.325001
9/10/01,16.6
9/17/01,16.127501
9/18/01,15.625
9/19/01,15.4375
9/20/01,15.3525
9/21/01,14.9875
9/24/01,15.4025
9/25/01,15.7475
9/26/01,16.4
9/27/01,16.497499
9/28/01,16.625
10/1/01,16.725
10/2/01,16.815001
10/3/01,16.815001
10/4/01,17.025
10/5/01,17.155001
10/8/01,17.025
10/9/01,17.02
10/10/01,17.23
10/11/01,16.92
10/12/01,16.772499
10/15/01,17.055
10/16/01,17.15
10/17/01,17.012501
10/18/01,16.952499
10/19/01,16.9025
10/22/01,17.2125
10/23/01,17.002501
10/24/01,16.5
10/25/01,16.625
10/26/01,16.852501
10/29/01,16.82
10/30/01,16.7075
10/31/01,16.4375
11/1/01,16.305
11/2/01,16.387501
11/5/01,16.5275
11/6/01,16.684999
11/7/01,16.475
11/8/01,16.047501
11/9/01,15.8825
11/12/01,16.105
11/13/01,16.237499
11/14/01,16.26
11/15/01,16.2875
11/16/01,16.360001
11/19/01,16.85
11/20/01,17.684999
11/21/01,17.717501
11/23/01,17.805
11/26/01,17.862499
11/27/01,17.785
11/28/01,17.924999
11/29/01,17.825001
11/30/01,17.862499
12/3/01,17.8325
12/4/01,17.8225
12/5/01,17.99
12/6/01,18.047501
12/7/01,18.035
12/10/01,17.879999
12/11/01,17.934999
12/12/01,17.424999
12/13/01,17.5
12/14/01,17.74
12/17/01,17.737499
12/18/01,17.75
12/19/01,17.355
12/20/01,17.315001
12/21/01,17.344999
12/24/01,17.565001
12/26/01,17.559999
12/27/01,17.637501
12/28/01,17.700001
12/31/01,17.692499
1/2/02,17.605
1/3/02,17.407499
1/4/02,17.5
1/7/02,17.387501
1/8/02,17.34
1/9/02,17.389999
1/10/02,17.65
1/11/02,17.9375
1/14/02,18.125
1/15/02,18.1625
1/16/02,18.25
1/17/02,18.084999
1/18/02,18.145
1/22/02,18.137501
1/23/02,18.1
1/24/02,18.5825
1/25/02,18.549999
1/28/02,18.5
1/29/02,18.237499
1/30/02,18.125
1/31/02,18.5875
2/1/02,18.7425
2/4/02,18.475
2/5/02,18.75
2/6/02,18.65
2/7/02,18.775
2/8/02,18.6075
2/11/02,18.6
2/12/02,18.889999
2/13/02,18.799999
2/14/02,18.6325
2/15/02,18.577499
2/19/02,18.452499
2/20/02,18.469999
2/21/02,18.73
2/22/02,18.682501
2/25/02,18.592501
2/26/02,18.424999
2/27/02,18.237499
2/28/02,18.122499
3/1/02,17.8125
3/4/02,17.032499
3/5/02,17.1875
3/6/02,17.5075
3/7/02,17.65
3/8/02,17.8675
3/11/02,18.27
3/12/02,18.334999
3/13/02,18.4125
3/14/02,18.6
3/15/02,18.637501
3/18/02,18.7325
3/19/02,18.827499
3/20/02,18.825001
3/21/02,18.834999
3/22/02,18.67
3/25/02,18.5875
3/26/02,18.594999
3/27/02,18.85
3/28/02,19.105
4/1/02,18.9725
4/2/02,19.254999
4/3/02,19.1625
4/4/02,19.209999
4/5/02,19.360001
4/8/02,19.27
4/9/02,19.325001
4/10/02,19.487499
4/11/02,19.5875
4/12/02,19.200001
4/15/02,19.125
4/16/02,19.2125
4/17/02,19.8925
4/18/02,21.065001
4/19/02,21.445
4/22/02,21.497499
4/23/02,21.2875
4/24/02,21.497499
4/25/02,21.75
4/26/02,21.51
4/29/02,21.5
4/30/02,21.952499
5/1/02,22.4025
5/2/02,22.4825
5/3/02,22.387501
5/6/02,22.4375
5/7/02,22.137501
5/8/02,22.477501
5/9/02,22.125
5/10/02,22.049999
5/13/02,21.967501
5/14/02,21.85
5/15/02,22.0975
5/16/02,22.25
5/17/02,22.137501
5/20/02,21.725
5/21/02,21.799999
5/22/02,21.592501
5/23/02,22
5/24/02,22.112499
5/28/02,22.219999
5/29/02,22.4725
5/30/02,22.795
5/31/02,22.700001
6/3/02,22.592501
6/4/02,22.5
6/5/02,22.942499
6/6/02,22.875
6/7/02,23.5975
6/10/02,23.76
6/11/02,24.2875
6/12/02,24.26
6/13/02,23.862499
6/14/02,22.934999
6/17/02,23.5
6/18/02,23.8475
6/19/02,24.325001
6/20/02,24.035
6/21/02,23.4
6/24/02,22.504999
6/25/02,22.4375
6/26/02,22.75
6/27/02,22.987499
6/28/02,22.887501
7/1/02,23.0875
7/2/02,22.5625
7/3/02,22.549999
7/5/02,22.969999
7/8/02,23.34
7/9/02,22.98
7/10/02,22.0625
7/11/02,22.4125
7/12/02,23.030001
7/15/02,23.084999
7/16/02,22.4375
7/17/02,23.125
7/18/02,22.424999
7/19/02,22.049999
7/22/02,20.610001
7/23/02,20.942499
7/24/02,22.1875
7/25/02,21.809999
7/26/02,21.432501
7/29/02,21.790001
7/30/02,21.3375
7/31/02,21.915001
8/1/02,21.557501
8/2/02,21.272499
8/5/02,20.535
8/6/02,21.075001
8/7/02,21.3675
8/8/02,22.047501
8/9/02,22.075001
8/12/02,22.3125
8/13/02,21.702499
8/14/02,22.5
8/15/02,22.035
8/16/02,22.1525
8/19/02,22.4375
8/20/02,22.299999
8/21/02,22.317499
8/22/02,22.995001
8/23/02,22.559999
8/26/02,22.592501
8/27/02,22.0625
8/28/02,21.637501
8/29/02,21.827499
8/30/02,22.0875
9/3/02,21.129999
9/4/02,21.700001
9/5/02,21.5625
9/6/02,21.66
9/9/02,22.110001
9/10/02,22.200001
9/11/02,22.195
9/12/02,22.415001
9/13/02,22.950001
9/16/02,23.120001
9/17/02,22.872499
9/18/02,22.950001
9/19/02,22.4
9/20/02,22.504999
9/23/02,22.4475
9/24/02,21.592501
9/25/02,21.834999
9/26/02,21.885
9/27/02,21.85
9/30/02,21.805
10/1/02,22.1175
10/2/02,22.375
10/3/02,22.895
10/4/02,22.467501
10/7/02,22.5625
10/8/02,22.9275
10/9/02,22.745001
10/10/02,23.045
10/11/02,23.372499
10/14/02,23.6875
10/15/02,24.1175
10/16/02,24.495001
10/17/02,24.424999
10/18/02,24.932501
10/21/02,24.83
10/22/02,24.735001
10/23/02,25.092501
10/24/02,24.57
10/25/02,24.272499
10/28/02,23.91
10/29/02,23.67
10/30/02,23.8325
10/31/02,22.737499
11/1/02,23.172501
11/4/02,23.352501
11/5/02,22.8025
11/6/02,23.629999
11/7/02,23.7575
11/8/02,21.7075
11/11/02,21.997499
11/12/02,22.33
11/13/02,22.547501
11/14/02,22.674999
11/15/02,23.225
11/18/02,23.2425
11/19/02,22.875
11/20/02,22.4375
11/21/02,21.2225
11/22/02,21.155001
11/25/02,19.112499
11/26/02,19.775
11/27/02,20.0975
11/29/02,20.362499
12/2/02,19.1625
12/3/02,19.7325
12/4/02,20.77
12/5/02,20.825001
12/6/02,20.8375
12/9/02,20.2325
12/10/02,20.455
12/11/02,20.7675
12/12/02,20.940001
12/13/02,20.48
12/16/02,20.674999
12/17/02,20.59
12/18/02,20.502501
12/19/02,20.5
12/20/02,20.272499
12/23/02,20.93
12/24/02,21.067499
12/26/02,20.797501
12/27/02,20.5625
12/30/02,20.9
12/31/02,20.875
1/2/03,21.4275
1/3/03,21.645
1/6/03,21.1
1/7/03,20.945
1/8/03,21.125
1/9/03,21.125
1/10/03,20.862499
1/13/03,20.6625
1/14/03,20.5625
1/15/03,20.5
1/16/03,20.565001
1/17/03,21.084999
1/21/03,20.790001
1/22/03,20.6875
1/23/03,21.1975
1/24/03,21.202499
1/27/03,20.6325
1/28/03,21.0375
1/29/03,21.497499
1/30/03,21.424999
1/31/03,21.975
2/3/03,21.504999
2/4/03,21.075001
2/5/03,20.9825
2/6/03,21.004999
2/7/03,21.1625
2/10/03,21.4
2/11/03,20.860001
2/12/03,20.059999
2/13/03,19.9375
2/14/03,19.995001
2/18/03,20.504999
2/19/03,20.475
2/20/03,20.375
2/21/03,20.547501
2/24/03,20.0625
2/25/03,20.200001
2/26/03,20.545
2/27/03,20.66
2/28/03,20.725
3/3/03,20.9575
3/4/03,20.610001
3/5/03,21.049999
3/6/03,21.127501
3/7/03,21.35
3/10/03,20.952499
3/11/03,20.877501
3/12/03,20.9125
3/13/03,21.4275
3/14/03,20.91
3/17/03,21.672501
3/18/03,21.809999
3/19/03,21.9375
3/20/03,21.8475
3/21/03,22.475
3/24/03,22.325001
3/25/03,22.665001
3/26/03,22.4025
3/27/03,22.432501
3/28/03,23.035
3/31/03,22.9175
4/1/03,22.82
4/2/03,22.9175
4/3/03,23.25
4/4/03,23.0825
4/7/03,23.1075
4/8/03,23.424999
4/9/03,23.105
4/10/03,22.91
4/11/03,23.2325
4/14/03,23.535
4/15/03,23.440001
4/16/03,22.512501
4/17/03,22.9625
4/21/03,22.379999
4/22/03,22.825001
4/23/03,22.6875
4/24/03,22.775
4/25/03,22.674999
4/28/03,22.7075
4/29/03,22.627501
4/30/03,23.032499
5/1/03,22.7325
5/2/03,23.1625
5/5/03,23.334999
5/6/03,23.52
5/7/03,23.190001
5/8/03,23.0525
5/9/03,23.372499
5/12/03,23.5525
5/13/03,23.405001
5/14/03,23.407499
5/15/03,23.297501
5/16/03,23.852501
5/19/03,23.575001
5/20/03,23.9375
5/21/03,24.475
5/22/03,24.1975
5/23/03,23.870001
5/27/03,23.84
5/28/03,23.865
5/29/03,23.762501
5/30/03,23.985001
6/2/03,23.584999
6/3/03,23.997499
6/4/03,23.8375
6/5/03,24.252501
6/6/03,24.465
6/9/03,24.2875
6/10/03,24.7075
6/11/03,25.3125
6/12/03,25.504999
6/13/03,25.225
6/16/03,25.75
6/17/03,26.2225
6/18/03,26.07
6/19/03,24.965
6/20/03,25.295
6/23/03,25.165001
6/24/03,25.26
6/25/03,25.004999
6/26/03,25.280001
6/27/03,25.110001
6/30/03,25.125
7/1/03,25.155001
7/2/03,25.74
7/3/03,25.455
7/7/03,25.99
7/8/03,26.1
7/9/03,26.129999
7/10/03,25.780001
7/11/03,25.6
7/14/03,24.924999
7/15/03,25.014999
7/16/03,24.305
7/17/03,25.895
7/18/03,26.219999
7/21/03,26.245001
7/22/03,26.415001
7/23/03,27.254999
7/24/03,26.625
7/25/03,27.055
7/28/03,27.334999
7/29/03,27.575001
7/30/03,27.375
7/31/03,26.045
8/1/03,26.25
8/4/03,26.200001
8/5/03,25.424999
8/6/03,24.395
8/7/03,24.985001
8/8/03,24.934999
8/11/03,25.389999
8/12/03,25.58
8/13/03,25.219999
8/14/03,25.605
8/15/03,25.605
8/18/03,25.83
8/19/03,25.735001
8/20/03,25.15
8/21/03,24.790001
8/22/03,24.455
8/25/03,24.35
8/26/03,24.620001
8/27/03,24.475
8/28/03,24.4
8/29/03,24.715
9/2/03,24.9
9/3/03,24.775
9/4/03,24.934999
9/5/03,24.799999
9/8/03,25.254999
9/9/03,25.155001
9/10/03,25
9/11/03,25.01
9/12/03,24.950001
9/15/03,25.02
9/16/03,25.040001
9/17/03,25.34
9/18/03,25.295
9/19/03,24.98
9/22/03,24.85
9/23/03,24.780001
9/24/03,24.525
9/25/03,24
9/26/03,24.165001
9/29/03,24.389999
9/30/03,25.16
10/1/03,25.879999
10/2/03,26.125
10/3/03,26.299999
10/6/03,25.75
10/7/03,25.825001
10/8/03,25.625
10/9/03,25.790001
10/10/03,26.084999
10/13/03,26.475
10/14/03,26.225
10/15/03,25.665001
10/16/03,26.690001
10/17/03,26.995001
10/20/03,27.450001
10/21/03,27.775
10/22/03,27.5
10/23/03,26.99
10/24/03,27.125
10/27/03,26.200001
10/28/03,26.174999
10/29/03,26.135
10/30/03,25.525
10/31/03,25.440001
11/3/03,25.209999
11/4/03,24.84
11/5/03,25
11/6/03,24.549999
11/7/03,23.924999
11/10/03,24.120001
11/11/03,24.459999
11/12/03,24.82
11/13/03,24.950001
11/14/03,24.84
11/17/03,24.924999
11/18/03,24.549999
11/19/03,25.790001
11/20/03,25.4
11/21/03,25.860001
11/24/03,26.4
11/25/03,26.915001
11/26/03,26.885
11/28/03,26.950001
12/1/03,27.325001
12/2/03,27.459999
12/3/03,27.25
12/4/03,27.09
12/5/03,26.68
12/8/03,26.879999
12/9/03,26.700001
12/10/03,26.615
12/11/03,26.875
12/12/03,27.235001
12/15/03,27.24
12/16/03,27.434999
12/17/03,27.959999
12/18/03,28.145
12/19/03,28.025
12/22/03,28.209999
12/23/03,28.01
12/24/03,28.105
12/26/03,28.25
12/29/03,29.049999
12/30/03,28.905001
12/31/03,29.09
1/2/04,29.52
1/5/04,28.1
1/6/04,28.389999
1/7/04,28.655001
1/8/04,28.715
1/9/04,28.455
1/12/04,28.35
1/13/04,28.254999
1/14/04,28.99
1/15/04,29.15
1/16/04,29.33
1/20/04,29.285
1/21/04,29.219999
1/22/04,30.334999
1/23/04,29.834999
1/26/04,29.950001
1/27/04,29.73
1/28/04,29.709999
1/29/04,30.455
1/30/04,30.440001
2/2/04,30.01
2/3/04,30.045
2/4/04,30.035
2/5/04,29.559999
2/6/04,29.809999
2/9/04,29.775
2/10/04,30
2/11/04,29.700001
2/12/04,29.6
2/13/04,29.834999
2/17/04,30.25
2/18/04,30.15
2/19/04,30.525
2/20/04,30.52
2/23/04,30.605
2/24/04,30.959999
2/25/04,30.940001
2/26/04,30.99
2/27/04,31
3/1/04,30.82
3/2/04,30.639999
3/3/04,31.16
3/4/04,31.25
3/5/04,31.584999
3/8/04,31.225
3/9/04,30.705
3/10/04,30.809999
3/11/04,30.305
3/12/04,30.91
3/15/04,31.059999
3/16/04,31.455
3/17/04,31.67
3/18/04,32.040001
3/19/04,31.735001
3/22/04,31.475
3/23/04,31.85
3/24/04,30.995001
3/25/04,31.145
3/26/04,31.035
3/29/04,31.625
3/30/04,31.82
3/31/04,32.220001
4/1/04,32.485001
4/2/04,32.560001
4/5/04,33.5
4/6/04,33.59
4/7/04,33.43
4/8/04,33.25
4/12/04,34.040001
4/13/04,33.695
4/14/04,33.450001
4/15/04,31.975
4/16/04,32.705002
4/19/04,32.529999
4/20/04,31.75
4/21/04,32.384998
4/22/04,33.105
4/23/04,32.974998
4/26/04,31.950001
4/27/04,32.259998
4/28/04,31.674999
4/29/04,31.139999
4/30/04,30.74
5/3/04,31.23
5/4/04,30.75
5/5/04,31.27
5/6/04,30.85
5/7/04,30.264999
5/10/04,30.17
5/11/04,30.665001
5/12/04,30.940001
5/13/04,31.155001
5/14/04,31.26
5/17/04,31.299999
5/18/04,31.48
5/19/04,31.575001
5/20/04,31.32
5/21/04,31.6
5/24/04,31.860001
5/25/04,31.809999
5/26/04,31.504999
5/27/04,32.215
5/28/04,32.625
6/1/04,32.700001
6/2/04,32.84
6/3/04,32.790001
6/4/04,32.474998
6/7/04,32.759998
6/8/04,32.529999
6/9/04,32.325001
6/10/04,31.93
6/14/04,31.775
6/15/04,31.860001
6/16/04,31.9
6/17/04,31.875
6/18/04,32
6/21/04,31.115
6/22/04,30.700001
6/23/04,30.73
6/24/04,30.65
6/25/04,30.865
6/28/04,30.375
6/29/04,30.705
6/30/04,31.125
7/1/04,30.9
7/2/04,30.475
7/6/04,30.040001
7/7/04,30.635
7/8/04,30.165001
7/9/04,30.125
7/12/04,30.27
7/13/04,30.995001
7/14/04,30.950001
7/15/04,32.855
7/16/04,32.82
7/19/04,32.665001
7/20/04,32.970001
7/21/04,32.154999
7/22/04,31.969999
7/23/04,31.450001
7/26/04,31.844999
7/27/04,30.75
7/28/04,30.9
7/29/04,32.005001
7/30/04,31.450001
8/2/04,31.525
8/3/04,31.155001
8/4/04,31.174999
8/5/04,30.98
8/6/04,30.674999
8/9/04,30.684999
8/10/04,31.535
8/11/04,32.099998
8/12/04,32.134998
8/13/04,32.450001
8/16/04,32.610001
8/17/04,32.5
8/18/04,32.535
8/19/04,32.450001
8/20/04,32.785
8/23/04,32.48
8/24/04,32.490002
8/25/04,32.584999
8/26/04,32.650002
8/27/04,32.82
8/30/04,32.580002
8/31/04,33.064999
9/1/04,33.334999
9/2/04,33.674999
9/3/04,33.52
9/7/04,34.09
9/8/04,34.299999
9/9/04,34.294998
9/10/04,34.435001
9/13/04,34.505001
9/14/04,34.970001
9/15/04,35.139999
9/16/04,34.889999
9/17/04,34.91
9/20/04,34.875
9/21/04,35.255001
9/22/04,35.150002
9/23/04,35.044998
9/24/04,35.665001
9/27/04,36.290001
9/28/04,36.834999
9/29/04,36.110001
9/30/04,36.869999
10/1/04,36.880001
10/4/04,36.610001
10/5/04,36.904999
10/6/04,37.299999
10/7/04,37.445
10/8/04,36.700001
10/11/04,36.625
10/12/04,36.290001
10/13/04,36.005001
10/14/04,36.330002
10/15/04,36.674999
10/18/04,36.674999
10/19/04,33.25
10/20/04,34.93
10/21/04,34.125
10/22/04,34.93
10/25/04,34.599998
10/26/04,35.505001
10/27/04,36.400002
10/28/04,36.325001
10/29/04,36.200001
11/1/04,36.110001
11/2/04,35.965
11/3/04,37.764999
11/4/04,38.875
11/5/04,39.740002
11/8/04,39.73
11/9/04,39.654999
11/10/04,40.48
11/11/04,40.849998
11/12/04,40.75
11/15/04,40.830002
11/16/04,40.384998
11/17/04,40.645
11/18/04,41.264999
11/19/04,40.860001
11/22/04,40.990002
11/23/04,41.255001
11/24/04,41.130001
11/26/04,41.939999
11/29/04,41.490002
11/30/04,41.424999
12/1/04,41.07
12/2/04,40.924999
12/3/04,41.154999
12/6/04,40.615002
12/7/04,39.849998
12/8/04,41.27
12/9/04,42.375
12/10/04,42.384998
12/13/04,42.865002
12/14/04,43.450001
12/15/04,43.115002
12/16/04,43.025002
12/17/04,42.68
12/20/04,42.375
12/21/04,42.610001
12/22/04,42.740002
12/23/04,42.5
12/27/04,42.834999
12/28/04,43.490002
12/29/04,43.674999
12/30/04,43.924999
12/31/04,44.014999
1/3/05,43.310001
1/4/05,42.865002
1/5/05,43.014999
1/6/05,43.965
1/7/05,43.615002
1/10/05,43.799999
1/11/05,43.755001
1/12/05,44.044998
1/13/05,44.200001
1/14/05,44.779999
1/18/05,44.400002
1/19/05,44.139999
1/20/05,43.314999
1/21/05,44.424999
1/24/05,44.125
1/25/05,43.875
1/26/05,43.900002
1/27/05,44.23
1/28/05,44.075001
1/31/05,44.450001
2/1/05,45.34
2/2/05,45
2/3/05,45.279999
2/4/05,45.884998
2/7/05,44.465
2/8/05,44.435001
2/9/05,43.59
2/10/05,44.014999
2/11/05,43.875
2/14/05,44.474998
2/15/05,45.099998
2/16/05,44.935001
2/17/05,44.509998
2/18/05,44.525002
2/22/05,43.450001
2/23/05,44.174999
2/24/05,44.650002
2/25/05,45.695
2/28/05,45.580002
3/1/05,45.41
3/2/05,45.724998
3/3/05,45.82
3/4/05,46.645
3/7/05,45.599998
3/8/05,45.174999
3/9/05,45.125
3/10/05,45.709999
3/11/05,45.139999
3/14/05,45.235001
3/15/05,45.040001
3/16/05,45.040001
3/17/05,45.549999
3/18/05,45.625
3/21/05,45.814999
3/22/05,46.025002
3/23/05,46.189999
3/24/05,46.424999
3/28/05,46.560001
3/29/05,46.549999
3/30/05,47.855
3/31/05,47.689999
4/1/05,47.915001
4/4/05,48.25
4/5/05,48.965
4/6/05,49.02
4/7/05,49.540001
4/8/05,49.200001
4/11/05,48.605
4/12/05,48.599998
4/13/05,47.98
4/14/05,46.955002
4/15/05,46.634998
4/18/05,45.584999
4/19/05,46.599998
4/20/05,46.075001
4/21/05,46.215
4/22/05,45.630001
4/25/05,45.375
4/26/05,45.029999
4/27/05,46.345001
4/28/05,46.244999
4/29/05,47.255001
5/2/05,47.34
5/3/05,48.355
5/4/05,48.650002
5/5/05,48.599998
5/6/05,49.205002
5/9/05,49.294998
5/10/05,48.93
5/11/05,49
5/12/05,49.02
5/13/05,47.685001
5/16/05,48.424999
5/17/05,48.685001
5/18/05,47.900002
5/19/05,48.299999
5/20/05,48.25
5/23/05,48.705002
5/24/05,48.654999
5/25/05,48.34
5/26/05,48.57
5/27/05,48.884998
5/31/05,48.580002
6/1/05,49.23
6/2/05,50.380001
6/3/05,50.599998
6/6/05,50.990002
6/7/05,51.709999
6/8/05,51.18
6/9/05,51.75
6/10/05,50.790001
6/13/05,51.189999
6/14/05,51.66
6/15/05,51.57
6/16/05,51.540001
6/17/05,51.849998
6/20/05,51.59
6/21/05,51.869999
6/22/05,51.369999
6/23/05,51.700001
6/24/05,51.299999
6/27/05,51.32
6/28/05,52.689999
6/29/05,53.139999
6/30/05,52.139999
7/1/05,52.810001
7/5/05,53.23
7/6/05,53.5
7/7/05,53.490002
7/8/05,53.049999
7/11/05,52.43
7/12/05,51.779999
7/13/05,51.400002
7/14/05,50.25
7/15/05,50.82
7/18/05,50.810001
7/19/05,50.580002
7/20/05,49.75
7/21/05,49.16
7/22/05,50.799999
7/25/05,50.799999
7/26/05,52
7/27/05,51.419998
7/28/05,52.919998
7/29/05,52.299999
8/1/05,52.619999
8/2/05,53.029999
8/3/05,53.16
8/4/05,52.959999
8/5/05,52.060001
8/8/05,51.18
8/9/05,51.779999
8/10/05,51.610001
8/11/05,52.369999
8/12/05,52.09
8/15/05,51.98
8/16/05,51.099998
8/17/05,51.259998
8/18/05,51.299999
8/19/05,51.18
8/22/05,51.360001
8/23/05,51.060001
8/24/05,50.630001
8/25/05,50.639999
8/26/05,50.450001
8/29/05,50.799999
8/30/05,50.48
8/31/05,51.5
9/1/05,52.049999
9/2/05,52.529999
9/6/05,53.189999
9/7/05,53.450001
9/8/05,53.830002
9/9/05,54.509998
9/12/05,54.27
9/13/05,53.029999
9/14/05,52.939999
9/15/05,53.400002
9/16/05,54.049999
9/19/05,53.5
9/20/05,52.619999
9/21/05,52.59
9/22/05,53.630001
9/23/05,55
9/26/05,55.400002
9/27/05,55.259998
9/28/05,55.34
9/29/05,55.720001
9/30/05,56.200001
10/3/05,56.779999
10/4/05,57.060001
10/5/05,56.450001
10/6/05,56.41
10/7/05,56.369999
10/10/05,55.880001
10/11/05,55.18
10/12/05,55.029999
10/13/05,54.200001
10/14/05,56.43
10/17/05,56.439999
10/18/05,56.509998
10/19/05,58.200001
10/20/05,57.110001
10/21/05,57.139999
10/24/05,57.189999
10/25/05,55.939999
10/26/05,53.98
10/27/05,54.610001
10/28/05,56.73
10/31/05,57.889999
11/1/05,59
11/2/05,59.57
11/3/05,57.669998
11/4/05,58.02
11/7/05,58.5
11/8/05,58.07
11/9/05,57.360001
11/10/05,59.290001
11/11/05,59.650002
11/14/05,59.139999
11/15/05,59.75
11/16/05,60.380001
11/17/05,60.98
11/18/05,60.959999
11/21/05,60.799999
11/22/05,60.669998
11/23/05,60.529999
11/25/05,60.16
11/28/05,58.400002
11/29/05,60.07
11/30/05,59.860001
12/1/05,61.470001
12/2/05,61.970001
12/5/05,62.34
12/6/05,63.240002
12/7/05,62.610001
12/8/05,62.959999
12/9/05,63.669998
12/12/05,63.200001
12/13/05,63.43
12/14/05,63
12/15/05,63.330002
12/16/05,63.139999
12/19/05,61.849998
12/20/05,63.060001
12/21/05,63.790001
12/22/05,63.75
12/23/05,63.650002
12/27/05,63.599998
12/28/05,63.450001
12/29/05,62.900002
12/30/05,62.139999
1/3/06,61.73
1/4/06,61.880001
1/5/06,61.689999
1/6/06,62.900002
1/9/06,61.400002
1/10/06,62.610001
1/11/06,61.849998
1/12/06,62.529999
1/13/06,60.939999
1/17/06,61
1/18/06,61.060001
1/19/06,61.470001
1/20/06,59.48
1/23/06,57.990002
1/24/06,58.310001
1/25/06,57.98
1/26/06,57.889999
1/27/06,58.540001
1/30/06,57.77
1/31/06,59.419998
2/1/06,59.5
2/2/06,59.360001
2/3/06,59.619999
2/6/06,58.540001
2/7/06,57.73
2/8/06,57.59
2/9/06,58.080002
2/10/06,58.599998
2/13/06,58.59
2/14/06,59.450001
2/15/06,59
2/16/06,58.5
2/17/06,58
2/21/06,58.169998
2/22/06,59.540001
2/23/06,59.450001
2/24/06,58.889999
2/27/06,58.939999
2/28/06,58.23
3/1/06,58.43
3/2/06,57.580002
3/3/06,56.599998
3/6/06,56.700001
3/7/06,56.419998
3/8/06,57.200001
3/9/06,56.34
3/10/06,56.169998
3/13/06,55.73
3/14/06,56.889999
3/15/06,57.34
3/16/06,56.57
3/17/06,56.689999
3/20/06,56.529999
3/21/06,56.209999
3/22/06,56.639999
3/23/06,56.369999
3/24/06,55.779999
3/27/06,54.93
3/28/06,54.32
3/29/06,55.98
3/30/06,56.259998
3/31/06,55.860001
4/3/06,55.470001
4/4/06,55.299999
4/5/06,55.299999
4/6/06,54.509998
4/7/06,53.689999
4/10/06,52.43
4/11/06,51.549999
4/12/06,53.459999
4/13/06,53.5
4/17/06,51.669998
4/18/06,49.669998
4/19/06,49.18
4/20/06,50.119999
4/21/06,49.57
4/24/06,50.16
4/25/06,49.360001
4/26/06,48.970001
4/27/06,47.75
4/28/06,49.740002
5/1/06,49.799999
5/2/06,48.580002
5/3/06,46.610001
5/4/06,46.529999
5/5/06,46.389999
5/8/06,45.080002
5/9/06,43.799999
5/10/06,46.169998
5/11/06,44.369999
5/12/06,45.84
5/15/06,46.700001
5/16/06,47.009998
5/17/06,46.889999
5/18/06,45.299999
5/19/06,44.419998
5/22/06,43.52
5/23/06,42.82
5/24/06,42.09
5/25/06,42.419998
5/26/06,43.119999
5/30/06,43.330002
5/31/06,43.959999
6/1/06,45.720001
6/2/06,46.98
6/5/06,46.220001
6/6/06,46.18
6/7/06,46.279999
6/8/06,46.25
6/9/06,45.77
6/12/06,45.16
6/13/06,45.43
6/14/06,44.98
6/15/06,44.75
6/16/06,44.290001
6/19/06,43.5
6/20/06,43.709999
6/21/06,44.07
6/22/06,44.43
6/23/06,45.23
6/26/06,44.939999
6/27/06,44.220001
6/28/06,44.43
6/29/06,45.009998
6/30/06,44.779999
7/3/06,45.009998
7/5/06,45.110001
7/6/06,44.830002
7/7/06,45.389999
7/10/06,46.82
7/11/06,48.09
7/12/06,48.060001
7/13/06,48.009998
7/14/06,47.549999
7/17/06,47.650002
7/18/06,48.400002
7/19/06,50.93
7/20/06,50.209999
7/21/06,50
7/24/06,50.799999
7/25/06,51.490002
7/26/06,50.529999
7/27/06,49.459999
7/28/06,47.849998
7/31/06,47.830002
8/1/06,47.82
8/2/06,48.57
8/3/06,47.77
8/4/06,48.560001
8/7/06,48.490002
8/8/06,49.419998
8/9/06,48.98
8/10/06,47.400002
8/11/06,47.57
8/14/06,47.66
8/15/06,48.130001
8/16/06,48.139999
8/17/06,49.040001
8/18/06,49.5
8/21/06,49.560001
8/22/06,49.639999
8/23/06,49.639999
8/24/06,51.16
8/25/06,50.880001
8/28/06,51.330002
8/29/06,51.029999
8/30/06,51.75
8/31/06,51.950001
9/1/06,51.799999
9/5/06,50.700001
9/6/06,50.419998
9/7/06,50.209999
9/8/06,50.900002
9/11/06,51.599998
9/12/06,52.529999
9/13/06,52.049999
9/14/06,51.810001
9/15/06,52.209999
9/18/06,52.09
9/19/06,51.869999
9/20/06,51.529999
9/21/06,50.290001
9/22/06,48.970001
9/25/06,48.82
9/26/06,48.619999
9/27/06,49.080002
9/28/06,49.459999
9/29/06,49.200001
10/2/06,49.43
10/3/06,49.580002
10/4/06,49.560001
10/5/06,50.669998
10/6/06,51.5
10/9/06,50.720001
10/10/06,49.650002
10/11/06,50.099998
10/12/06,49.619999
10/13/06,48.75
10/16/06,47.540001
10/17/06,46.73
10/18/06,48
10/19/06,50.650002
10/20/06,50.700001
10/23/06,50.639999
10/24/06,49.84
10/25/06,48.630001
10/26/06,49.369999
10/27/06,49.41
10/30/06,49.029999
10/31/06,48.779999
11/1/06,48.299999
11/2/06,48.619999
11/3/06,47.830002
11/6/06,48.41
11/7/06,49.57
11/8/06,48
11/9/06,45.27
11/10/06,46.110001
11/13/06,46.75
11/14/06,47.439999
11/15/06,47.959999
11/16/06,47.619999
11/17/06,47.25
11/20/06,46.810001
11/21/06,46.330002
11/22/06,46.560001
11/24/06,46.709999
11/27/06,46.18
11/28/06,47.34
11/29/06,47.560001
11/30/06,49.080002
12/1/06,48.830002
12/4/06,48.91
12/5/06,48.880001
12/6/06,49.009998
12/7/06,49.490002
12/8/06,49.91
12/11/06,50.09
12/12/06,50.040001
12/13/06,49.709999
12/14/06,49.700001
12/15/06,50.09
12/18/06,50.400002
12/19/06,52.330002
12/20/06,53.560001
12/21/06,53.93
12/22/06,53.450001
12/26/06,53.23
12/27/06,53.380001
12/28/06,53.66
12/29/06,53.73
1/3/07,52.57
1/4/07,52.91
1/5/07,52.549999
1/8/07,53.32
1/9/07,52.68
1/10/07,52.830002
1/11/07,54.450001
1/12/07,55.099998
1/16/07,55.75
1/17/07,55.650002
1/18/07,53.799999
1/19/07,53.200001
1/22/07,52.189999
1/23/07,51.470001
1/24/07,51.799999
1/25/07,52.099998
1/26/07,51.540001
1/29/07,51.73
1/30/07,52.209999
1/31/07,52.259998
2/1/07,52.799999
2/2/07,52.91
2/5/07,52.330002
2/6/07,50.990002
2/7/07,51.25
2/8/07,51.240002
2/9/07,50.880001
2/12/07,51.619999
2/13/07,51.610001
2/14/07,51.639999
2/15/07,53.610001
2/16/07,53.950001
2/20/07,53.82
2/21/07,53.529999
2/22/07,53.720001
2/23/07,53.029999
2/26/07,53.209999
2/27/07,51.709999
2/28/07,52.18
3/1/07,52.740002
3/2/07,54.18
3/5/07,52.959999
3/6/07,53.98
3/7/07,53.799999
3/8/07,53.330002
3/9/07,53
3/12/07,53.27
3/13/07,53
3/14/07,53.369999
3/15/07,54.049999
3/16/07,53.130001
3/19/07,54.299999
3/20/07,54.099998
3/21/07,55.029999
3/22/07,55.689999
3/23/07,56.509998
3/26/07,56.880001
3/27/07,55.849998
3/28/07,54.810001
3/29/07,52.84
3/30/07,52.970001
4/2/07,53.73
4/3/07,54.610001
4/4/07,55.060001
4/5/07,55.330002
4/9/07,54.880001
4/10/07,54.240002
4/11/07,53.139999
4/12/07,53.119999
4/13/07,52.950001
4/16/07,53.849998
4/17/07,54.619999
4/18/07,54.209999
4/19/07,52.049999
4/20/07,53.200001
4/23/07,53.950001
4/24/07,54.23
4/25/07,52.939999
4/26/07,52.709999
4/27/07,53.150002
4/30/07,53.060001
5/1/07,52.75
5/2/07,53.790001
5/3/07,53.189999
5/4/07,53.57
5/7/07,53.25
5/8/07,53.110001
5/9/07,53.09
5/10/07,53.02
5/11/07,53.59
5/14/07,52.830002
5/15/07,52.68
5/16/07,53.799999
5/17/07,53.650002
5/18/07,53.470001
5/21/07,53.5
5/22/07,53.889999
5/23/07,53.93
5/24/07,54.209999
5/25/07,54.41
5/29/07,54.57
5/30/07,54.57
5/31/07,54.77
6/1/07,55.209999
6/4/07,55.200001
6/5/07,54.700001
6/6/07,53.970001
6/7/07,53.360001
6/8/07,53.669998
6/11/07,53.189999
6/12/07,52.990002
6/13/07,53.110001
6/14/07,52.950001
6/15/07,52.900002
6/18/07,52.869999
6/19/07,52.740002
6/20/07,51.5
6/21/07,51.77
6/22/07,51.299999
6/25/07,51.5
6/26/07,51.790001
6/27/07,51.75
6/28/07,52.099998
6/29/07,51.139999
7/2/07,52.220001
7/3/07,52.139999
7/5/07,52.450001
7/6/07,53.02
7/9/07,51.970001
7/10/07,51.549999
7/11/07,51.41
7/12/07,53.09
7/13/07,52.98
7/16/07,52.950001
7/17/07,53
7/18/07,53.580002
7/19/07,51.889999
7/20/07,51.32
7/23/07,51.169998
7/24/07,51
7/25/07,51.209999
7/26/07,50.209999
7/27/07,49.130001
7/30/07,48.939999
7/31/07,48.43
8/1/07,47.990002
8/2/07,48.360001
8/3/07,47.5
8/6/07,48.5
8/7/07,47.990002
8/8/07,47.57
8/9/07,46.330002
8/10/07,47.48
8/13/07,49.040001
8/14/07,48.48
8/15/07,49.119999
8/16/07,48.860001
8/17/07,49.799999
8/20/07,49.549999
8/21/07,49.560001
8/22/07,48.650002
8/23/07,48.619999
8/24/07,49.610001
8/27/07,49.189999
8/28/07,48.630001
8/29/07,48.689999
8/30/07,49.049999
8/31/07,50.009998
9/4/07,50.189999
9/5/07,49.290001
9/6/07,49.599998
9/7/07,49.189999
9/10/07,49.119999
9/11/07,49.57
9/12/07,49.470001
9/13/07,49.549999
9/14/07,49.91
9/17/07,49.950001
9/18/07,50.099998
9/19/07,49.84
9/20/07,49.810001
9/21/07,49.91
9/24/07,49.560001
9/25/07,49.48
9/26/07,49.310001
9/27/07,49.259998
9/28/07,48.43
10/1/07,48.139999
10/2/07,47.889999
10/3/07,47.049999
10/4/07,47.380001
10/5/07,47.700001
10/8/07,47.810001
10/9/07,48.490002
10/10/07,49.330002
10/11/07,49.34
10/12/07,49.689999
10/15/07,48.93
10/16/07,48.5
10/17/07,48.599998
10/18/07,48.099998
10/19/07,47.450001
10/22/07,48.130001
10/23/07,48.84
10/24/07,48.470001
10/25/07,48.529999
10/26/07,47.990002
10/29/07,47.950001
10/30/07,47.900002
10/31/07,49.150002
11/1/07,48.549999
11/2/07,48.939999
11/5/07,49.119999
11/6/07,49.59
11/7/07,49.849998
11/8/07,50.290001
11/9/07,51.669998
11/12/07,52.639999
11/13/07,53.299999
11/14/07,53.040001
11/15/07,53.02
11/16/07,53.419998
11/19/07,53.490002
11/20/07,54.07
11/21/07,53.41
11/23/07,54.07
11/26/07,53.380001
11/27/07,54.290001
11/28/07,54.720001
11/29/07,54.759998
11/30/07,55
12/3/07,54.630001
12/4/07,54.330002
12/5/07,54.68
12/6/07,55.98
12/7/07,56.650002
12/10/07,57.869999
12/11/07,57.07
12/12/07,57.470001
12/13/07,57.029999
12/14/07,56.73
12/17/07,56.59
12/18/07,57.200001
12/19/07,57.360001
12/20/07,58.110001
12/21/07,58.990002
12/24/07,58.880001
12/26/07,58.950001
12/27/07,58.360001
12/28/07,58.279999
12/31/07,58.200001
1/2/08,56.669998
1/3/08,56.93
1/4/08,56
1/7/08,56.880001
1/8/08,56.209999
1/9/08,56.189999
1/10/08,56.09
1/11/08,55.91
1/14/08,55.419998
1/15/08,54.950001
1/16/08,55.279999
1/17/08,54.360001
1/18/08,54.400002
1/22/08,51.220001
1/23/08,50.349998
1/24/08,49.82
1/25/08,50
1/28/08,52
1/29/08,50.779999
1/30/08,50.16
1/31/08,50.84
2/1/08,50.099998
2/4/08,49.900002
2/5/08,49.400002
2/6/08,49.380001
2/7/08,49.029999
2/8/08,48.200001
2/11/08,48.220001
2/12/08,48.27
2/13/08,46.970001
2/14/08,46.610001
2/15/08,47.740002
2/19/08,48.080002
2/20/08,48.099998
2/21/08,47.799999
2/22/08,47.360001
2/25/08,47.98
2/26/08,48.93
2/27/08,49.169998
2/28/08,48.009998
2/29/08,46.48
3/3/08,46.349998
3/4/08,46.759998
3/5/08,47.220001
3/6/08,45.810001
3/7/08,45.209999
3/10/08,45.07
3/11/08,38.240002
3/12/08,36.68
3/13/08,38.279999
3/14/08,37.189999
3/17/08,33.84
3/18/08,35.060001
3/19/08,35.549999
3/20/08,35.32
3/24/08,35.709999
3/25/08,35.279999
3/26/08,34.099998
3/27/08,34
3/28/08,34.400002
3/31/08,34.360001
4/1/08,36.25
4/2/08,35.959999
4/3/08,36.150002
4/4/08,36.5
4/7/08,36.669998
4/8/08,38.080002
4/9/08,37.279999
4/10/08,36.599998
4/11/08,35.869999
4/14/08,36.290001
4/15/08,37.240002
4/16/08,35.799999
4/17/08,36.700001
4/18/08,37.25
4/21/08,37.810001
4/22/08,34.150002
4/23/08,34.73
4/24/08,33.59
4/25/08,33.990002
4/28/08,33.639999
4/29/08,33.400002
4/30/08,32.630001
5/1/08,32.900002
5/2/08,33.470001
5/5/08,33.07
5/6/08,32.799999
5/7/08,32.66
5/8/08,33
5/9/08,32.939999
5/12/08,32.779999
5/13/08,32.549999
5/14/08,32.02
5/15/08,31.700001
5/16/08,32.32
5/19/08,33.439999
5/20/08,34.049999
5/21/08,34.16
5/22/08,35.299999
5/23/08,34.75
5/27/08,35.02
5/28/08,34.23
5/29/08,34.5
5/30/08,34.209999
6/2/08,33.990002
6/3/08,33.950001
6/4/08,33.82
6/5/08,33.939999
6/6/08,33.029999
6/9/08,32.93
6/10/08,32.599998
6/11/08,31.950001
6/12/08,31.01
6/13/08,30.74
6/16/08,30.200001
6/17/08,30
6/18/08,30.219999
6/19/08,27.889999
6/20/08,27.120001
6/23/08,26.389999
6/24/08,26.43
6/25/08,26.790001
6/26/08,25.969999
6/27/08,26.01
6/30/08,26.25
7/1/08,25.629999
7/2/08,25.120001
7/3/08,22.959999
7/7/08,23.309999
7/8/08,23.280001
7/9/08,22.93
7/10/08,22.58
7/11/08,22.16
7/14/08,22.18
7/15/08,22.33
7/16/08,22.530001
7/17/08,23.58
7/18/08,23.9
7/21/08,23.83
7/22/08,26.209999
7/23/08,27.76
7/24/08,27.02
7/25/08,27.450001
7/28/08,26.780001
7/29/08,27.530001
7/30/08,27.280001
7/31/08,28.08
8/1/08,28.129999
8/4/08,28.959999
8/5/08,30.450001
8/6/08,29.860001
8/7/08,29.16
8/8/08,31
8/11/08,31.25
8/12/08,31.48
8/13/08,31.610001
8/14/08,31.889999
8/15/08,33.009998
8/18/08,32.130001
8/19/08,30.969999
8/20/08,30.24
8/21/08,30.299999
8/22/08,30.610001
8/25/08,29.309999
8/26/08,29.459999
8/27/08,29.43
8/28/08,30.059999
8/29/08,30.450001
9/2/08,29.280001
9/3/08,29.68
9/4/08,28.059999
9/5/08,27.709999
9/8/08,29.16
9/9/08,28.48
9/10/08,29.309999
9/11/08,29.959999
9/12/08,29.610001
9/15/08,28.01
9/16/08,26.780001
9/17/08,25.51
9/18/08,26.57
9/19/08,26.790001
9/22/08,26.52
9/23/08,26
9/24/08,25.1
9/25/08,25.5
9/26/08,25.809999
9/29/08,21
9/30/08,25.389999
10/1/08,25.08
10/2/08,24.76
10/3/08,24.110001
10/6/08,22.26
10/7/08,20.52
10/8/08,19.200001
10/9/08,17.799999
10/10/08,17.35
10/13/08,23.379999
10/14/08,22.99
10/15/08,21.67
10/16/08,22.629999
10/17/08,24.389999
10/20/08,25.51
10/21/08,25.25
10/22/08,24.059999
10/23/08,23.93
10/24/08,22.91
10/27/08,20.43
10/28/08,22.450001
10/29/08,21.32
10/30/08,22.389999
10/31/08,23.73
11/3/08,23.49
11/4/08,22.82
11/5/08,22.77
11/6/08,22.16
11/7/08,22.43
11/10/08,21.440001
11/11/08,20.16
11/12/08,18.870001
11/13/08,20.84
11/14/08,20.02
11/17/08,18.889999
11/18/08,19.030001
11/19/08,17.73
11/20/08,16.299999
11/21/08,17.15
11/24/08,19.07
11/25/08,20.73
11/26/08,20.98
11/28/08,21.01
12/1/08,20.120001
12/2/08,20.32
12/3/08,20.379999
12/4/08,19.9
12/5/08,21.41
12/8/08,21.450001
12/9/08,20.780001
12/10/08,21.57
12/11/08,23.49
12/12/08,23.540001
12/15/08,23.780001
12/16/08,24.35
12/17/08,23.9
12/18/08,24.91
12/19/08,26.49
12/22/08,25.74
12/23/08,25.98
12/24/08,25.959999
12/26/08,26.299999
12/29/08,25.57
12/30/08,27.040001
12/31/08,26.6
1/2/09,27.59
1/5/09,27.139999
1/6/09,26.5
1/7/09,26.299999
1/8/09,26.709999
1/9/09,26.450001
1/12/09,25.620001
1/13/09,25.360001
1/14/09,24.08
1/15/09,24.889999
1/16/09,25.5
1/20/09,24.16
1/21/09,25.049999
1/22/09,27.190001
1/23/09,28.040001
1/26/09,28.15
1/27/09,29.08
1/28/09,29.99
1/29/09,28.690001
1/30/09,28.33
2/2/09,29.15
2/3/09,29.74
2/4/09,28.98
2/5/09,28.799999
2/6/09,28.940001
2/9/09,29.52
2/10/09,27.969999
2/11/09,28.549999
2/12/09,29.48
2/13/09,28.959999
2/17/09,28.42
2/18/09,28.33
2/19/09,28.65
2/20/09,27.98
2/23/09,23.82
2/24/09,24.209999
2/25/09,23.030001
2/26/09,20.07
2/27/09,19.65
3/2/09,17.48
3/3/09,17.799999
3/4/09,17.959999
3/5/09,16.35
3/6/09,17.9
3/9/09,17.790001
3/10/09,19.309999
3/11/09,19.120001
3/12/09,20.41
3/13/09,21.360001
3/16/09,20.68
3/17/09,21.540001
3/18/09,21.950001
3/19/09,21.299999
3/20/09,20.629999
3/23/09,22.049999
3/24/09,21.120001
3/25/09,21.18
3/26/09,21.620001
3/27/09,21.08
3/30/09,20.540001
3/31/09,20.93
4/1/09,20.68
4/2/09,21.07
4/3/09,20.540001
4/6/09,21.93
4/7/09,23.450001
4/8/09,22.860001
4/9/09,23.860001
4/13/09,24.370001
4/14/09,24.5
4/15/09,25.110001
4/16/09,24.360001
4/17/09,24.139999
4/20/09,24.209999
4/21/09,22.799999
4/22/09,22.809999
4/23/09,23.16
4/24/09,23.059999
4/27/09,23.01
4/28/09,23.889999
4/29/09,23.870001
4/30/09,23.52
5/1/09,22.969999
5/4/09,23.719999
5/5/09,25.559999
5/6/09,25.93
5/7/09,28.389999
5/8/09,28.870001
5/11/09,27.59
5/12/09,27.32
5/13/09,27.66
5/14/09,27.799999
5/15/09,27.51
5/18/09,27.809999
5/19/09,27.459999
5/20/09,27.780001
5/21/09,26.92
5/22/09,26.299999
5/26/09,27.190001
5/27/09,27.49
5/28/09,27.190001
5/29/09,26.6
6/1/09,27.5
6/2/09,28.1
6/3/09,27.5
6/4/09,27.27
6/5/09,27.1
6/8/09,26.049999
6/9/09,25.98
6/10/09,25.73
6/11/09,24.049999
6/12/09,24.209999
6/15/09,23.51
6/16/09,24.02
6/17/09,24.02
6/18/09,25.450001
6/19/09,25.43
6/22/09,24.559999
6/23/09,24.540001
6/24/09,24.809999
6/25/09,24.99
6/26/09,24.77
6/29/09,25.120001
6/30/09,24.98
7/1/09,25.16
7/2/09,23.91
7/6/09,24.09
7/7/09,25.17
7/8/09,24.67
7/9/09,24.940001
7/10/09,24.67
7/13/09,25.01
7/14/09,24.77
7/15/09,24.91
7/16/09,25.25
7/17/09,25.09
7/20/09,24.84
7/21/09,25.59
7/22/09,26
7/23/09,27.049999
7/24/09,27.32
7/27/09,27.620001
7/28/09,29.08
7/29/09,28.41
7/30/09,28.1
7/31/09,28.059999
8/3/09,27.360001
8/4/09,26.93
8/5/09,26.18
8/6/09,25.98
8/7/09,26.51
8/10/09,27.07
8/11/09,27.82
8/12/09,27.790001
8/13/09,28.370001
8/14/09,28.059999
8/17/09,28.48
8/18/09,28.18
8/19/09,28.18
8/20/09,28.389999
8/21/09,28.92
8/24/09,29.690001
8/25/09,29.92
8/26/09,28.93
8/27/09,28.940001
8/28/09,28.18
8/31/09,28
9/1/09,27.33
9/2/09,28.66
9/3/09,28.870001
9/4/09,28.879999
9/8/09,27.84
9/9/09,28.4
9/10/09,29.110001
9/11/09,29.07
9/14/09,28.76
9/15/09,27.700001
9/16/09,29.290001
9/17/09,29.34
9/18/09,28.58
9/21/09,28.59
9/22/09,27.58
9/23/09,26.68
9/24/09,26.030001
9/25/09,25.34
9/28/09,25.799999
9/29/09,25.68
9/30/09,25.040001
10/1/09,24.790001
10/2/09,24.280001
10/5/09,24.040001
10/6/09,24.379999
10/7/09,25.049999
10/8/09,24.16
10/9/09,24.67
10/12/09,25.23
10/13/09,24.290001
10/14/09,24.870001
10/15/09,24.549999
10/16/09,24.450001
10/19/09,24.92
10/20/09,25.959999
10/21/09,25.120001
10/22/09,25.709999
10/23/09,25.85
10/26/09,25.309999
10/27/09,26.5
10/28/09,25.879999
10/29/09,26.469999
10/30/09,25.950001
11/2/09,26.42
11/3/09,26.91
11/4/09,27.870001
11/5/09,28.209999
11/6/09,28.67
11/9/09,29.129999
11/10/09,28.969999
11/11/09,29.370001
11/12/09,28.76
11/13/09,29.08
11/16/09,29.15
11/17/09,28.969999
11/18/09,28.870001
11/19/09,28.629999
11/20/09,28.559999
11/23/09,29.08
11/24/09,29.559999
11/25/09,29.540001
11/27/09,29.440001
11/30/09,28.67
12/1/09,28.700001
12/2/09,28.290001
12/3/09,27.33
12/4/09,27.459999
12/7/09,28.299999
12/8/09,28.459999
12/9/09,28.5
12/10/09,30.309999
12/11/09,30.48
12/14/09,30.950001
12/15/09,31.32
12/16/09,32.200001
12/17/09,31.82
12/18/09,31.540001
12/21/09,32.169998
12/22/09,32.32
12/23/09,31.620001
12/24/09,31.68
12/28/09,31.389999
12/29/09,30.85
12/30/09,31.01
12/31/09,30.48
1/4/10,31.530001
1/5/10,31.48
1/6/10,31.790001
1/7/10,33.009998
1/8/10,32.700001
1/11/10,32.919998
1/12/10,32.049999
1/13/10,32.540001
1/14/10,33.32
1/15/10,33.75
1/19/10,35.130001
1/20/10,34.549999
1/21/10,33.099998
1/22/10,33.16
1/25/10,33
1/26/10,32.439999
1/27/10,33.240002
1/28/10,33.43
1/29/10,33
2/1/10,33.130001
2/2/10,34.049999
2/3/10,33.32
2/4/10,32.459999
2/5/10,32.540001
2/8/10,32.41
2/9/10,33
2/10/10,32.709999
2/11/10,33.119999
2/12/10,32.18
2/16/10,31.629999
2/17/10,32.549999
2/18/10,32.689999
2/19/10,31.940001
2/22/10,33.080002
2/23/10,32.810001
2/24/10,33.619999
2/25/10,33.450001
2/26/10,33.860001
3/1/10,34.040001
3/2/10,33.950001
3/3/10,34.099998
3/4/10,32.950001
3/5/10,33.740002
3/8/10,33.099998
3/9/10,33.080002
3/10/10,33.240002
3/11/10,33.5
3/12/10,32.91
3/15/10,32.529999
3/16/10,33.049999
3/17/10,32.75
3/18/10,33.59
3/19/10,34.389999
3/22/10,33.299999
3/23/10,33.16
3/24/10,32.720001
3/25/10,33.119999
3/26/10,32.630001
3/29/10,32.84
3/30/10,33.060001
3/31/10,32.669998
4/1/10,32.990002
4/5/10,33.139999
4/6/10,33.41
4/7/10,32.93
4/8/10,32.619999
4/9/10,32.259998
4/12/10,32.259998
4/13/10,32.16
4/14/10,31.049999
4/15/10,30.629999
4/16/10,30.73
4/19/10,31.23
4/20/10,30.98
4/21/10,30.26
4/22/10,30.459999
4/23/10,30.950001
4/26/10,29.85
4/27/10,29.799999
4/28/10,30.440001
4/29/10,31.299999
4/30/10,30.309999
5/3/10,30.26
5/4/10,29.49
5/5/10,30
5/6/10,29.24
5/7/10,29.02
5/10/10,29.879999
5/11/10,29.85
5/12/10,30.32
5/13/10,30.18
5/14/10,30.389999
5/17/10,30.440001
5/18/10,30.18
5/19/10,29.99
5/20/10,28.959999
5/21/10,28.700001
5/24/10,28.83
5/25/10,28.870001
5/26/10,28.790001
5/27/10,29.32
5/28/10,29.07
6/1/10,28.98
6/2/10,29.91
6/3/10,30.459999
6/4/10,30.34
6/7/10,30.459999
6/8/10,30.889999
6/9/10,30.530001
6/10/10,30.700001
6/11/10,30.67
6/14/10,30.59
6/15/10,31.190001
6/16/10,31.389999
6/17/10,31.5
6/18/10,31.33
6/21/10,31.15
6/22/10,30.639999
6/23/10,30.209999
6/24/10,29.76
6/25/10,29.879999
6/28/10,29.190001
6/29/10,28.629999
6/30/10,28.4
7/1/10,27.85
7/2/10,28.299999
7/6/10,28.889999
7/7/10,29.200001
7/8/10,29.68
7/9/10,29.969999
7/12/10,30.040001
7/13/10,30.139999
7/14/10,30.32
7/15/10,30.879999
7/16/10,30.34
7/19/10,30.82
7/20/10,30.83
7/21/10,30.700001
7/22/10,31
7/23/10,30.92
7/26/10,31.469999
7/27/10,30.780001
7/28/10,30.33
7/29/10,30.440001
7/30/10,30.450001
8/2/10,31.440001
8/3/10,32.419998
8/4/10,32.91
8/5/10,33.419998
8/6/10,33.450001
8/9/10,33.490002
8/10/10,33.330002
8/11/10,31.99
8/12/10,32.130001
8/13/10,32.029999
8/16/10,31.9
8/17/10,32.349998
8/18/10,32.540001
8/19/10,31.790001
8/20/10,31.610001
8/23/10,31.5
8/24/10,31.040001
8/25/10,31.959999
8/26/10,31.85
8/27/10,32.369999
8/30/10,31.91
8/31/10,31.719999
9/1/10,32.59
9/2/10,32.860001
9/3/10,33.91
9/7/10,33.779999
9/8/10,33.849998
9/9/10,34.02
9/10/10,34.490002
9/13/10,34.720001
9/14/10,34.610001
9/15/10,34.27
9/16/10,34.240002
9/17/10,34.130001
9/20/10,34.93
9/21/10,35.259998
9/22/10,35.68
9/23/10,35.439999
9/24/10,35.73
9/27/10,35.349998
9/28/10,35.040001
9/29/10,35.200001
9/30/10,35.110001
10/1/10,35.43
10/4/10,34.540001
10/5/10,35.07
10/6/10,33.950001
10/7/10,34.34
10/8/10,34.349998
10/11/10,34.650002
10/12/10,35.02
10/13/10,35.32
10/14/10,35.779999
10/15/10,35.98
10/18/10,36.25
10/19/10,35.299999
10/20/10,36.73
10/21/10,36.490002
10/22/10,37.259998
10/25/10,37.560001
10/26/10,37.57
10/27/10,35.93
10/28/10,36.25
10/29/10,36.049999
11/1/10,36.110001
11/2/10,37
11/3/10,36.66
11/4/10,36.799999
11/5/10,36.860001
11/8/10,37.119999
11/9/10,36.98
11/10/10,37.16
11/11/10,37.470001
11/12/10,36.669998
11/15/10,35.470001
11/16/10,35.009998
11/17/10,35.330002
11/18/10,35.630001
11/19/10,36
11/22/10,36.459999
11/23/10,36.049999
11/24/10,36.18
11/26/10,35.880001
11/29/10,36.59
11/30/10,36.52
12/1/10,37.669998
12/2/10,38.049999
12/3/10,37.82
12/6/10,37.290001
12/7/10,36.77
12/8/10,36.84
12/9/10,36.650002
12/10/10,36.669998
12/13/10,36.900002
12/14/10,36.5
12/15/10,35.450001
12/16/10,35.610001
12/17/10,35.049999
12/20/10,35.18
12/21/10,35.330002
12/22/10,35.84
12/23/10,35.77
12/27/10,35.540001
12/28/10,35.720001
12/29/10,35.91
12/30/10,35.939999
12/31/10,36.110001
1/3/11,37.130001
1/4/11,37.470001
1/5/11,37.59
1/6/11,38.369999
1/7/11,38.450001
1/10/11,38.450001
1/11/11,39.080002
1/12/11,38.860001
1/13/11,39.599998
1/14/11,40.77
1/18/11,40.880001
1/19/11,40.560001
1/20/11,40.310001
1/21/11,40.41
1/24/11,39.810001
1/25/11,40.619999
1/26/11,40.25
1/27/11,42.290001
1/28/11,40.93
1/31/11,41.049999
2/1/11,42.07
2/2/11,41.950001
2/3/11,43.040001
2/4/11,42.490002
2/7/11,41.810001
2/8/11,41.970001
2/9/11,42.07
2/10/11,42.43
2/11/11,42.380001
2/14/11,42.459999
2/15/11,42.029999
2/16/11,42.5
2/17/11,42.59
2/18/11,42.84
2/22/11,42.959999
2/23/11,42.91
2/24/11,42.75
2/25/11,42.52
2/28/11,42.580002
3/1/11,42.450001
3/2/11,43.560001
3/3/11,44.790001
3/4/11,44.450001
3/7/11,43.560001
3/8/11,43.830002
3/9/11,44.490002
3/10/11,43.790001
3/11/11,43.59
3/14/11,43.16
3/15/11,42.790001
3/16/11,41.860001
3/17/11,42.27
3/18/11,42.599998
3/21/11,43.189999
3/22/11,42.740002
3/23/11,42.75
3/24/11,43.799999
3/25/11,43.75
3/28/11,43.869999
3/29/11,44.48
3/30/11,45.400002
3/31/11,45.200001
4/1/11,45.610001
4/4/11,45.599998
4/5/11,45.09
4/6/11,44.959999
4/7/11,44.43
4/8/11,44.380001
4/11/11,44.32
4/12/11,44.810001
4/13/11,44.330002
4/14/11,44.82
4/15/11,44.98
4/18/11,43.549999
4/19/11,43.959999
4/20/11,44.240002
4/21/11,47.810001
4/25/11,47.709999
4/26/11,47.349998
4/27/11,48.209999
4/28/11,49.099998
4/29/11,49.23
5/2/11,49.880001
5/3/11,49.68
5/4/11,49.560001
5/5/11,49.580002
5/6/11,50.119999
5/9/11,50.470001
5/10/11,50.509998
5/11/11,50.02
5/12/11,50.080002
5/13/11,49.950001
5/16/11,50.169998
5/17/11,49.990002
5/18/11,50.610001
5/19/11,50.549999
5/20/11,49.740002
5/23/11,49.16
5/24/11,47.959999
5/25/11,47.869999
5/26/11,47.700001
5/27/11,48.299999
5/31/11,48.950001
6/1/11,48.349998
6/2/11,49.389999
6/3/11,48.849998
6/6/11,48.150002
6/7/11,47.970001
6/8/11,48.200001
6/9/11,50.599998
6/10/11,49.41
6/13/11,49.110001
6/14/11,49.599998
6/15/11,49.349998
6/16/11,49.66
6/17/11,49.959999
6/20/11,51.27
6/21/11,52.220001
6/22/11,51.779999
6/23/11,51.150002
6/24/11,50.459999
6/27/11,51.029999
6/28/11,51.77
6/29/11,51.540001
6/30/11,51.580002
7/1/11,53.130001
7/5/11,52.849998
7/6/11,53.130001
7/7/11,52.630001
7/8/11,52.080002
7/11/11,50.939999
7/12/11,51.41
7/13/11,51.73
7/14/11,52.27
7/15/11,51.970001
7/18/11,51.950001
7/19/11,51.450001
7/20/11,51.509998
7/21/11,52.150002
7/22/11,52.75
7/25/11,51.630001
7/26/11,51.259998
7/27/11,49.889999
7/28/11,49.919998
7/29/11,49.630001
8/1/11,48.02
8/2/11,46.98
8/3/11,47.18
8/4/11,45.07
8/5/11,45.560001
8/8/11,41.93
8/9/11,44.73
8/10/11,41.849998
8/11/11,43.93
8/12/11,44.810001
8/15/11,45.939999
8/16/11,45.5
8/17/11,45.529999
8/18/11,43.889999
8/19/11,43.32
8/22/11,43.610001
8/23/11,44.869999
8/24/11,45.91
8/25/11,45.09
8/26/11,45.720001
8/29/11,46.759998
8/30/11,47.279999
8/31/11,47.52
9/1/11,47.18
9/2/11,45.73
9/6/11,45.709999
9/7/11,47.209999
9/8/11,47.200001
9/9/11,45.52
9/12/11,46.259998
9/13/11,47.990002
9/14/11,48.68
9/15/11,50.540001
9/16/11,50.759998
9/19/11,49.950001
9/20/11,49.830002
9/21/11,48.009998
9/22/11,47.09
9/23/11,47.599998
9/26/11,48.810001
9/27/11,49.450001
9/28/11,47.639999
9/29/11,46.580002
9/30/11,46.119999
10/3/11,42.919998
10/4/11,42.779999
10/5/11,44.450001
10/6/11,44.939999
10/7/11,44.889999
10/10/11,46.52
10/11/11,46.639999
10/12/11,46.380001
10/13/11,46.529999
10/14/11,47.220001
10/17/11,46.599998
10/18/11,45.34
10/19/11,46.450001
10/20/11,46.880001
10/21/11,47.919998
10/24/11,49.029999
10/25/11,48.759998
10/26/11,48.759998
10/27/11,49.18
10/28/11,48.849998
10/31/11,47.990002
11/1/11,46.220001
11/2/11,46.360001
11/3/11,46.18
11/4/11,45.580002
11/7/11,45.169998
11/8/11,46.150002
11/9/11,45.540001
11/10/11,46.130001
11/11/11,47.130001
11/14/11,46.939999
11/15/11,46.549999
11/16/11,44.91
11/17/11,44.52
11/18/11,44.549999
11/21/11,44.439999
11/22/11,44.419998
11/23/11,43.560001
11/25/11,43.669998
11/28/11,45.029999
11/29/11,45.880001
11/30/11,48.77
12/1/11,48.52
12/2/11,48.23
12/5/11,48.27
12/6/11,48.290001
12/7/11,49.34
12/8/11,48.16
12/9/11,48.91
12/12/11,48.200001
12/13/11,47.93
12/14/11,47.759998
12/15/11,48.52
12/16/11,49
12/19/11,48.970001
12/20/11,49.82
12/21/11,49.990002
12/22/11,50.73
12/23/11,51.349998
12/27/11,51.349998
12/28/11,50.709999
12/29/11,51.18
12/30/11,50.68
1/3/12,51.490002
1/4/12,52.240002
1/5/12,52.59
1/6/12,52.779999
1/9/12,52.720001
1/10/12,52.619999
1/11/12,53.009998
1/12/12,52.869999
1/13/12,52.700001
1/17/12,53.57
1/18/12,53.939999
1/19/12,52.32
1/20/12,52.27
1/23/12,52.43
1/24/12,51.330002
1/25/12,51.57
1/26/12,50.349998
1/27/12,51.02
1/30/12,51.07
1/31/12,51.790001
2/1/12,53.259998
2/2/12,52.540001
2/3/12,51.310001
2/6/12,51.290001
2/7/12,52.029999
2/8/12,52.139999
2/9/12,53.060001
2/10/12,53.32
2/13/12,53.849998
2/14/12,54.459999
2/15/12,54.619999
2/16/12,54.790001
2/17/12,54.68
2/21/12,55.32
2/22/12,55.18
2/23/12,54.939999
2/24/12,55.650002
2/27/12,55.73
2/28/12,55.84
2/29/12,55.75
3/1/12,55.990002
3/2/12,55.84
3/5/12,55.040001
3/6/12,54.459999
3/7/12,54.389999
3/8/12,55.610001
3/9/12,55.779999
3/12/12,55.02
3/13/12,55.330002
3/14/12,55.779999
3/15/12,55.709999
3/16/12,55.59
3/19/12,56.130001
3/20/12,54.779999
3/21/12,53.970001
3/22/12,53.880001
3/23/12,53.66
3/26/12,55.099998
3/27/12,55.43
3/28/12,55.439999
3/29/12,58.110001
3/30/12,58.939999
4/2/12,59.119999
4/3/12,59.400002
4/4/12,59.060001
4/5/12,59.009998
4/9/12,58.139999
4/10/12,57.560001
4/11/12,58.02
4/12/12,58.459999
4/13/12,58.049999
4/16/12,57.360001
4/17/12,58.099998
4/18/12,57.32
4/19/12,58.709999
4/20/12,59.509998
4/23/12,59.189999
4/24/12,58.720001
4/25/12,58.869999
4/26/12,58.369999
4/27/12,57.91
4/30/12,56.150002
5/1/12,57.130001
5/2/12,56.66
5/3/12,55.720001
5/4/12,54.720001
5/7/12,55.25
5/8/12,55.82
5/9/12,55.220001
5/10/12,55.290001
5/11/12,55.200001
5/14/12,55.16
5/15/12,54.939999
5/16/12,54.900002
5/17/12,54.880001
5/18/12,53.990002
5/21/12,55.549999
5/22/12,55.720001
5/23/12,55.360001
5/24/12,56.220001
5/25/12,56.119999
5/29/12,56.150002
5/30/12,56.169998
5/31/12,55.77
6/1/12,55.040001
6/4/12,54.91
6/5/12,56.040001
6/6/12,57.700001
6/7/12,57.450001
6/8/12,58
6/11/12,57.459999
6/12/12,57.84
6/13/12,58.009998
6/14/12,59.25
6/15/12,58.900002
6/18/12,59.419998
6/19/12,60.259998
6/20/12,59.599998
6/21/12,58.34
6/22/12,59.07
6/25/12,57.689999
6/26/12,58.799999
6/27/12,59.290001
6/28/12,59.599998
6/29/12,58.5
7/2/12,56.259998
7/3/12,54.880001
7/5/12,55.810001
7/6/12,55.82
7/9/12,56.09
7/10/12,55.700001
7/11/12,56.040001
7/12/12,54.57
7/13/12,55.200001
7/16/12,55.16
7/17/12,55.900002
7/18/12,56.349998
7/19/12,54.990002
7/20/12,55.41
7/23/12,54.509998
7/24/12,54.900002
7/25/12,52.48
7/26/12,52.009998
7/27/12,53.34
7/30/12,53.259998
7/31/12,51.09
8/1/12,51.209999
8/2/12,51.099998
8/3/12,51.610001
8/6/12,51
8/7/12,52.540001
8/8/12,52.73
8/9/12,52.02
8/10/12,51.900002
8/13/12,51.900002
8/14/12,51.970001
8/15/12,52.82
8/16/12,53.389999
8/17/12,53.130001
8/20/12,53.200001
8/21/12,53.419998
8/22/12,53.970001
8/23/12,53.919998
8/24/12,54.16
8/27/12,54.610001
8/28/12,54.330002
8/29/12,54.639999
8/30/12,54.689999
8/31/12,54.299999
9/4/12,54.560001
9/5/12,54.279999
9/6/12,54.889999
9/7/12,54.880001
9/10/12,53.740002
9/11/12,52.799999
9/12/12,52.82
9/13/12,53.889999
9/14/12,54.25
9/17/12,54.48
9/18/12,55.130001
9/19/12,54.950001
9/20/12,54.939999
9/21/12,56.18
9/24/12,55.98
9/25/12,56.200001
9/26/12,55.779999
9/27/12,56.240002
9/28/12,55.41
10/1/12,56.459999
10/2/12,56.799999
10/3/12,56.860001
10/4/12,57.970001
10/5/12,57.130001
10/8/12,57.599998
10/9/12,57.470001
10/10/12,57.110001
10/11/12,57.66
10/12/12,57.07
10/15/12,57.490002
10/16/12,56.880001
10/17/12,55.990002
10/18/12,56.009998
10/19/12,55.66
10/22/12,56.540001
10/23/12,56.18
10/24/12,55.919998
10/25/12,56.209999
10/26/12,55.779999
10/31/12,56
11/1/12,56.950001
11/2/12,56.049999
11/5/12,55.279999
11/6/12,56.389999
11/7/12,54.259998
11/8/12,53.439999
11/9/12,52.900002
11/12/12,52.200001
11/13/12,52.189999
11/14/12,51.25
11/15/12,51.25
11/16/12,51.900002
11/19/12,52.91
11/20/12,53.139999
11/21/12,53.529999
11/23/12,53.919998
11/26/12,53.529999
11/27/12,52.59
11/28/12,52.75
11/29/12,54.360001
11/30/12,54.389999
12/3/12,53.889999
12/4/12,53.540001
12/5/12,53.84
12/6/12,53.650002
12/7/12,53.869999
12/10/12,54.189999
12/11/12,54.759998
12/12/12,55.25
12/13/12,54.380001
12/14/12,54.049999
12/17/12,54.360001
12/18/12,54.950001
12/19/12,54.490002
12/20/12,55.459999
12/21/12,55.029999
12/24/12,54.849998
12/26/12,54.220001
12/27/12,54.439999
12/28/12,53.860001
12/31/12,54.240002
1/2/13,54.540001
1/3/13,51.990002
1/4/13,52.09
1/7/13,52.09
1/8/13,51.400002
1/9/13,52.369999
1/10/13,53.110001
1/11/13,52.82
1/14/13,53.360001
1/15/13,53.619999
1/16/13,53.66
1/17/13,54.400002
1/18/13,54.560001
1/22/13,56.02
1/23/13,55.91
1/24/13,56.220001
1/25/13,56.040001
1/28/13,55.810001
1/29/13,56.279999
1/30/13,56.080002
1/31/13,55.209999
2/1/13,55.77
2/4/13,55.75
2/5/13,57.77
2/6/13,57.380001
2/7/13,57.049999
2/8/13,57.740002
2/11/13,57.119999
2/12/13,57.009998
2/13/13,57.23
2/14/13,57.049999
2/15/13,57.32
2/19/13,56.66
2/20/13,55.209999
2/21/13,55.240002
2/22/13,54.470001
2/25/13,53.299999
2/26/13,53.049999
2/27/13,53.869999
2/28/13,53.450001
3/1/13,53.52
3/4/13,53.32
3/5/13,53.5
3/6/13,53.610001
3/7/13,53.799999
3/8/13,53.810001
3/11/13,54.209999
3/12/13,54.830002
3/13/13,54.48
3/14/13,54.73
3/15/13,54.73
3/18/13,55
3/19/13,55.169998
3/20/13,54.880001
3/21/13,55.060001
3/22/13,54.459999
3/25/13,54.860001
3/26/13,55.650002
3/27/13,56.619999
3/28/13,57.209999
4/1/13,58.970001
4/2/13,61.740002
4/3/13,61.669998
4/4/13,62.029999
4/5/13,62.099998
4/8/13,61.889999
4/9/13,62.18
4/10/13,62.41
4/11/13,62.98
4/12/13,63.029999
4/15/13,61.59
4/16/13,62.810001
4/17/13,62.029999
4/18/13,59.689999
4/19/13,60.040001
4/22/13,59.220001
4/23/13,58.540001
4/24/13,58.790001
4/25/13,59.34
4/26/13,59.48
4/29/13,60.009998
4/30/13,59.93
5/1/13,59.720001
5/2/13,59.48
5/3/13,58.919998
5/6/13,60.200001
5/7/13,60.5
5/8/13,62.509998
5/9/13,62.009998
5/10/13,62.91
5/13/13,62.389999
5/14/13,61.73
5/15/13,61.610001
5/16/13,62.139999
5/17/13,62.84
5/20/13,62.560001
5/21/13,62.869999
5/22/13,62.279999
5/23/13,62.360001
5/24/13,62.060001
5/28/13,63.34
5/29/13,63.349998
5/30/13,64.660004
5/31/13,62.630001
6/3/13,62.799999
6/4/13,62.360001
6/5/13,61.75
6/6/13,61.919998
6/7/13,62.57
6/10/13,63.68
6/11/13,63.93
6/12/13,63.830002
6/13/13,64.150002
6/14/13,63.799999
6/17/13,64.370003
6/18/13,65.68
6/19/13,65.260002
6/20/13,63.799999
6/21/13,63.900002
6/24/13,64.650002
6/25/13,63.73
6/26/13,64.779999
6/27/13,66.089996
6/28/13,65.480003
7/1/13,65.629997
7/2/13,65.269997
7/3/13,65.540001
7/5/13,66.169998
7/8/13,67.559998
7/9/13,67.970001
7/10/13,67.690002
7/11/13,68.360001
7/12/13,68
7/15/13,67.620003
7/16/13,66.910004
7/17/13,66.230003
7/18/13,70.550003
7/19/13,71.449997
7/22/13,72.18
7/23/13,72.690002
7/24/13,72.529999
7/25/13,72.620003
7/26/13,72.209999
7/29/13,72.790001
7/30/13,72.269997
7/31/13,72.849998
8/1/13,73.160004
8/2/13,72.260002
8/5/13,73.339996
8/6/13,73.239998
8/7/13,72.919998
8/8/13,73.18
8/9/13,72.93
8/12/13,72.389999
8/13/13,73.349998
8/14/13,72.489998
8/15/13,71.400002
8/16/13,71.43
8/19/13,71.709999
8/20/13,72.459999
8/21/13,71.849998
8/22/13,71.970001
8/23/13,72.540001
8/26/13,72.379997
8/27/13,71.519997
8/28/13,71.540001
8/29/13,72.440002
8/30/13,71.739998
9/3/13,72.559998
9/4/13,73.349998
9/5/13,74.040001
9/6/13,74.059998
9/9/13,74.25
9/10/13,74.629997
9/11/13,75.18
9/12/13,74.739998
9/13/13,74.480003
9/16/13,75.120003
9/17/13,74.309998
9/18/13,73.040001
9/19/13,70.839996
9/20/13,70.57
9/23/13,71.82
9/24/13,72.32
9/25/13,71.980003
9/26/13,72.160004
9/27/13,71.989998
9/30/13,71.610001
10/1/13,72.580002
10/2/13,72.57
10/3/13,72.519997
10/4/13,72.989998
10/7/13,72.169998
10/8/13,71.480003
10/9/13,71.379997
10/10/13,73.980003
10/11/13,74.269997
10/14/13,74.720001
10/15/13,73.870003
10/16/13,75.190002
10/17/13,71.370003
10/18/13,68.760002
10/21/13,68.199997
10/22/13,68.860001
10/23/13,68.010002
10/24/13,67.610001
10/25/13,67.620003
10/28/13,66.940002
10/29/13,68.080002
10/30/13,68.010002
10/31/13,68.260002
11/1/13,68.629997
11/4/13,68.949997
11/5/13,68.720001
11/6/13,70.290001
11/7/13,69.760002
11/8/13,70.5
11/11/13,70.5
11/12/13,69.949997
11/13/13,71.010002
11/14/13,71.440002
11/15/13,71.870003
11/18/13,71.68
11/19/13,71.610001
11/20/13,71.980003
11/21/13,72.910004
11/22/13,73.739998
11/25/13,74.07
11/26/13,74.519997
11/27/13,74.360001
11/29/13,74.480003
12/2/13,74.160004
12/3/13,73.730003
12/4/13,73.650002
12/5/13,72.75
12/6/13,73.5
12/9/13,73.720001
12/10/13,74.050003
12/11/13,72.139999
12/12/13,71.010002
12/13/13,70.480003
12/16/13,71.059998
12/17/13,70.730003
12/18/13,72.379997
12/19/13,72.389999
12/20/13,73.349998
12/23/13,74.349998
12/24/13,74.129997
12/26/13,74.849998
12/27/13,74.690002
12/30/13,74.779999
12/31/13,75.300003
1/2/14,74.57
1/3/14,75.099998
1/6/14,74.239998
1/7/14,76.510002
1/8/14,75.620003
1/9/14,76.080002
1/10/14,74.699997
1/13/14,73.940002
1/14/14,74.019997
1/15/14,74.839996
1/16/14,72.760002
1/17/14,72.519997
1/21/14,73.160004
1/22/14,73.400002
1/23/14,73.199997
1/24/14,71.599998
1/27/14,71.650002
1/28/14,71.709999
1/29/14,71.260002
1/30/14,72.800003
1/31/14,72.279999
2/3/14,70.739998
2/4/14,70.510002
2/5/14,70.82
2/6/14,70.870003
2/7/14,71.360001
2/10/14,69.739998
2/11/14,70.620003
2/12/14,70.239998
2/13/14,71.209999
2/14/14,73.519997
2/18/14,73.830002
2/19/14,73.550003
2/20/14,73.480003
2/21/14,73.809998
2/24/14,76.010002
2/25/14,75.32
2/26/14,76.059998
2/27/14,76.019997
2/28/14,77.269997
3/3/14,77.099998
3/4/14,78.129997
3/5/14,77.989998
3/6/14,77.639999
3/7/14,77.400002
3/10/14,77.879997
3/11/14,77.779999
3/12/14,77.599998
3/13/14,77.010002
3/14/14,75.699997
3/17/14,76.760002
3/18/14,78
3/19/14,79.959999
3/20/14,81.529999
3/21/14,81.339996
3/24/14,81.279999
3/25/14,81.099998
3/26/14,81.540001
3/27/14,81.019997
3/28/14,81.620003
3/31/14,81.989998
4/1/14,81.839996
4/2/14,81.610001
4/3/14,82.25
4/4/14,81.529999
4/7/14,81.080002
4/8/14,80.660004
4/9/14,81.389999
4/10/14,79.989998
4/11/14,78.949997
4/14/14,79.18
4/15/14,79.510002
4/16/14,78.190002
4/17/14,75.779999
4/21/14,74.949997
4/22/14,75.760002
4/23/14,75.330002
4/24/14,76.589996
4/25/14,75.660004
4/28/14,75.739998
4/29/14,75.199997
4/30/14,75.040001
5/1/14,74.949997
5/2/14,75.029999
5/5/14,75.230003
5/6/14,75.260002
5/7/14,77.910004
5/8/14,76.889999
5/9/14,76.949997
5/12/14,77.739998
5/13/14,78.040001
5/14/14,77.169998
5/15/14,76.480003
5/16/14,76.650002
5/19/14,77.199997
5/20/14,76.660004
5/21/14,77.720001
5/22/14,78.339996
5/23/14,78.769997
5/27/14,79.110001
5/28/14,78.580002
5/29/14,79.370003
5/30/14,79.629997
6/2/14,79.470001
6/3/14,79.879997
6/4/14,80.510002
6/5/14,79.800003
6/6/14,79.93
6/9/14,79.760002
6/10/14,79.809998
6/11/14,80.169998
6/12/14,79.440002
6/13/14,79.18
6/16/14,78
6/17/14,78.169998
6/18/14,79.209999
6/19/14,80.510002
6/20/14,81.410004
6/23/14,81.489998
6/24/14,81.739998
6/25/14,82.339996
6/26/14,82.290001
6/27/14,82
6/30/14,81.75
7/1/14,81.889999
7/2/14,82.489998
7/3/14,83.349998
7/7/14,82.220001
7/8/14,81.93
7/9/14,82.739998
7/10/14,82.080002
7/11/14,82.870003
7/14/14,84.269997
7/15/14,83.900002
7/16/14,83.760002
7/17/14,85.110001
7/18/14,85.519997
7/21/14,85.059998
7/22/14,86.050003
7/23/14,85.940002
7/24/14,85.68
7/25/14,84.68
7/28/14,85.75
7/29/14,84.269997
7/30/14,82.949997
7/31/14,81.050003
8/1/14,81.489998
8/4/14,82.269997
8/5/14,80.989998
8/6/14,81.5
8/7/14,79.260002
8/8/14,80.120003
8/11/14,79.870003
8/12/14,80.220001
8/13/14,81.510002
8/14/14,81.82
8/15/14,81.470001
8/18/14,82.339996
8/19/14,83.470001
8/20/14,83.43
8/21/14,83.769997
8/22/14,83.779999
8/25/14,84.239998
8/26/14,85.120003
8/27/14,86.379997
8/28/14,86.339996
8/29/14,86.68
9/2/14,86.389999
9/3/14,86.790001
9/4/14,87.059998
9/5/14,87.75
9/8/14,87.910004
9/9/14,88.559998
9/10/14,87.25
9/11/14,87.080002
9/12/14,86.18
9/15/14,86.029999
9/16/14,87.160004
9/17/14,86.989998
9/18/14,87.629997
9/19/14,87.800003
9/22/14,87.769997
9/23/14,86.589996
9/24/14,88.209999
9/25/14,86.18
9/26/14,86.599998
9/29/14,86.510002
9/30/14,86.25
10/1/14,84.879997
10/2/14,84.900002
10/3/14,86.019997
10/6/14,85.089996
10/7/14,84.190002
10/8/14,86.620003
10/9/14,84.940002
10/10/14,85.389999
10/13/14,83.949997
10/14/14,82.82
10/15/14,82.160004
10/16/14,85.389999
10/17/14,88.18
10/20/14,88.540001
10/21/14,90.949997
10/22/14,89.769997
10/23/14,90.660004
10/24/14,91.639999
10/27/14,92.129997
10/28/14,92.639999
10/29/14,92.959999
10/30/14,93.879997
10/31/14,95.010002
11/3/14,94.860001
11/4/14,94.980003
11/5/14,95.800003
11/6/14,96.209999
11/7/14,93.610001
11/10/14,94.75
11/11/14,95.690002
11/12/14,95.68
11/13/14,95.900002
11/14/14,95.110001
11/17/14,96.470001
11/18/14,98.190002
11/19/14,96.860001
11/20/14,96.849998
11/21/14,96.709999
11/24/14,96.900002
11/25/14,97.900002
11/26/14,98.110001
11/28/14,98.629997
12/1/14,99.059998
12/2/14,99.830002
12/3/14,100.800003
12/4/14,99.669998
12/5/14,100.330002
12/8/14,99.919998
12/9/14,101.019997
12/10/14,99.089996
12/11/14,99.730003
12/12/14,98.760002
12/15/14,98.269997
12/16/14,95.849998
12/17/14,99.139999
12/18/14,102.239998
12/19/14,102.489998
12/22/14,103.040001
12/23/14,102.849998
12/24/14,102.68
12/26/14,102.550003
12/29/14,102.330002
12/30/14,102.849998
12/31/14,101.089996