Daily,Quarterly,UNRATENSA
34337,34335,7.3
34338,34366,7.1
34339,34394,6.8
34340,34425,6.2
34341,34455,5.9
34344,34486,6.2
34345,34516,6.2
34346,34547,5.9
34347,34578,5.6
34348,34608,5.4
34351,34639,5.3
34352,34669,5.1
34353,34700,6.2
34354,34731,5.9
34355,34759,5.7
34358,34790,5.6
34359,34820,5.5
34360,34851,5.8
34361,34881,5.9
34362,34912,5.6
34365,34943,5.4
34366,34973,5.2
34367,35004,5.3
34368,35034,5.2
34369,35065,6.3
34372,35096,6
34373,35125,5.8
34374,35156,5.4
34375,35186,5.4
34376,35217,5.5
34379,35247,5.6
34380,35278,5.1
34381,35309,5
34382,35339,4.9
34383,35370,5
34387,35400,5
34388,35431,5.9
34389,35462,5.7
34390,35490,5.5
34393,35521,4.8
34394,35551,4.7
34395,35582,5.2
34396,35612,5
34397,35643,4.8
34400,35674,4.7
34401,35704,4.4
34402,35735,4.3
34403,35765,4.4
34404,35796,5.2
34407,35827,5
34408,35855,5
34409,35886,4.1
34410,35916,4.2
34411,35947,4.7
34414,35977,4.7
34415,36008,4.5
34416,36039,4.4
34417,36069,4.2
34418,36100,4.1
34421,36130,4
34422,36161,4.8
34423,36192,4.7
34424,36220,4.4
34428,36251,4.1
34429,36281,4
34430,36312,4.5
34431,36342,4.5
34432,36373,4.2
34435,36404,4.1
34436,36434,3.8
34437,36465,3.8
34438,36495,3.7
34439,36526,4.5
34442,36557,4.4
34443,36586,4.3
34444,36617,3.7
34445,36647,3.8
34446,36678,4.1
34449,36708,4.2
34450,36739,4.1
34452,36770,3.8
34453,36800,3.6
34456,36831,3.7
34457,36861,3.7
34458,36892,4.7
34459,36923,4.6
34460,36951,4.5
34463,36982,4.2
34464,37012,4.1
34465,37043,4.7
34466,37073,4.7
34467,37104,4.9
34470,37135,4.7
34471,37165,5
34472,37196,5.3
34473,37226,5.4
34474,37257,6.3
34477,37288,6.1
34478,37316,6.1
34479,37347,5.7
34480,37377,5.5
34481,37408,6
34485,37438,5.9
34486,37469,5.7
34487,37500,5.4
34488,37530,5.3
34491,37561,5.6
34492,37591,5.7
34493,37622,6.5
34494,37653,6.4
34495,37681,6.2
34498,37712,5.8
34499,37742,5.8
34500,37773,6.5
34501,37803,6.3
34502,37834,6
34505,37865,5.8
34506,37895,5.6
34507,37926,5.6
34508,37956,5.4
34509,37987,6.3
34512,38018,6
34513,38047,6
34514,38078,5.4
34515,38108,5.3
34516,38139,5.8
34520,38169,5.7
34521,38200,5.4
34522,38231,5.1
34523,38261,5.1
34526,38292,5.2
34527,38322,5.1
34528,38353,5.7
34529,38384,5.8
34530,38412,5.4
34533,38443,4.9
34534,38473,4.9
34535,38504,5.2
34536,38534,5.2
34537,38565,4.9
34540,38596,4.8
34541,38626,4.6
34542,38657,4.8
34543,38687,4.6
34544,38718,5.1
34547,38749,5.1
34548,38777,4.8
34549,38808,4.5
34550,38838,4.4
34551,38869,4.8
34554,38899,5
34555,38930,4.6
34556,38961,4.4
34557,38991,4.1
34558,39022,4.3
34561,39052,4.3
34562,39083,5
34563,39114,4.9
34564,39142,4.5
34565,39173,4.3
34568,39203,4.3
34569,39234,4.7
34570,39264,4.9
34571,39295,4.6
34572,39326,4.5
34575,39356,4.4
34576,39387,4.5
34577,39417,4.8
34578,39448,5.4
34579,39479,5.2
34583,39508,5.2
34584,39539,4.8
34585,39569,5.2
34586,39600,5.7
34589,39630,6
34590,39661,6.1
34591,39692,6
34592,39722,6.1
34593,39753,6.5
34596,39783,7.1
34597,39814,8.5
34598,39845,8.9
34599,39873,9
34600,39904,8.6
34603,39934,9.1
34604,39965,9.7
34605,39995,9.7
34606,40026,9.6
34607,40057,9.5
34610,40087,9.5
34611,40118,9.4
34612,40148,9.7
34613,40179,10.6
34614,40210,10.4
34617,40238,10.2
34618,40269,9.5
34619,40299,9.3
34620,40330,9.6
34621,40360,9.7
34624,40391,9.5
34625,40422,9.2
34626,40452,9
34627,40483,9.3
34628,40513,9.1
34631,40544,9.8
34632,40575,9.5
34633,40603,9.2
34634,40634,8.7
34635,40664,8.7
34638,40695,9.3
34639,40725,9.3
34640,40756,9.1
34641,40787,8.8
34642,40817,8.5
34645,40848,8.2
34646,40878,8.3
34647,40909,8.8
34648,40940,8.7
34649,40969,8.4
34652,41000,7.7
34653,41030,7.9
34654,41061,8.4
34655,41091,8.6
34656,41122,8.2
34659,41153,7.6
34660,41183,7.5
34661,41214,7.4
34663,41244,7.6
34666,41275,8.5
34667,41306,8.1
34668,41334,7.6
34669,41365,7.1
34670,41395,7.3
34673,41426,7.8
34674,41456,7.7
34675,41487,7.3
34676,41518,7
34677,41548,7
34680,41579,6.6
34681,41609,6.5
34682,41640,7
34683,41671,7
34684,41699,6.8
34687,41730,5.9
34688,41760,6.1
34689,41791,6.3
34690,41821,6.5
34691,41852,6.3
34695,41883,5.7
34696,41913,5.5
34697,41944,5.5
34698,41974,5.4
34702,42005,5.4
34703,,
34704,,
34705,,
34708,,
34709,,
34710,,
34711,,
34712,,
34715,,
34716,,
34717,,
34718,,
34719,,
34722,,
34723,,
34724,,
34725,,
34726,,
34729,,
34730,,
34731,,
34732,,
34733,,
34736,,
34737,,
34738,,
34739,,
34740,,
34743,,
34744,,
34745,,
34746,,
34747,,
34751,,
34752,,
34753,,
34754,,
34757,,
34758,,
34759,,
34760,,
34761,,
34764,,
34765,,
34766,,
34767,,
34768,,
34771,,
34772,,
34773,,
34774,,
34775,,
34778,,
34779,,
34780,,
34781,,
34782,,
34785,,
34786,,
34787,,
34788,,
34789,,
34792,,
34793,,
34794,,
34795,,
34796,,
34799,,
34800,,
34801,,
34802,,
34806,,
34807,,
34808,,
34809,,
34810,,
34813,,
34814,,
34815,,
34816,,
34817,,
34820,,
34821,,
34822,,
34823,,
34824,,
34827,,
34828,,
34829,,
34830,,
34831,,
34834,,
34835,,
34836,,
34837,,
34838,,
34841,,
34842,,
34843,,
34844,,
34845,,
34849,,
34850,,
34851,,
34852,,
34855,,
34856,,
34857,,
34858,,
34859,,
34862,,
34863,,
34864,,
34865,,
34866,,
34869,,
34870,,
34871,,
34872,,
34873,,
34876,,
34877,,
34878,,
34879,,
34880,,
34883,,
34885,,
34886,,
34887,,
34890,,
34891,,
34892,,
34893,,
34894,,
34897,,
34898,,
34899,,
34900,,
34901,,
34904,,
34905,,
34906,,
34907,,
34908,,
34911,,
34912,,
34913,,
34914,,
34915,,
34918,,
34919,,
34920,,
34921,,
34922,,
34925,,
34926,,
34927,,
34928,,
34929,,
34932,,
34933,,
34934,,
34935,,
34936,,
34939,,
34940,,
34941,,
34942,,
34943,,
34947,,
34948,,
34949,,
34950,,
34953,,
34954,,
34955,,
34956,,
34957,,
34960,,
34961,,
34962,,
34963,,
34964,,
34967,,
34968,,
34969,,
34970,,
34971,,
34974,,
34975,,
34976,,
34977,,
34978,,
34981,,
34982,,
34983,,
34984,,
34985,,
34988,,
34989,,
34990,,
34991,,
34992,,
34995,,
34996,,
34997,,
34998,,
34999,,
35002,,
35003,,
35004,,
35005,,
35006,,
35009,,
35010,,
35011,,
35012,,
35013,,
35016,,
35017,,
35018,,
35019,,
35020,,
35023,,
35024,,
35025,,
35027,,
35030,,
35031,,
35032,,
35033,,
35034,,
35037,,
35038,,
35039,,
35040,,
35041,,
35044,,
35045,,
35046,,
35047,,
35048,,
35051,,
35052,,
35053,,
35054,,
35055,,
35059,,
35060,,
35061,,
35062,,
35066,,
35067,,
35068,,
35069,,
35072,,
35073,,
35074,,
35075,,
35076,,
35079,,
35080,,
35081,,
35082,,
35083,,
35086,,
35087,,
35088,,
35089,,
35090,,
35093,,
35094,,
35095,,
35096,,
35097,,
35100,,
35101,,
35102,,
35103,,
35104,,
35107,,
35108,,
35109,,
35110,,
35111,,
35115,,
35116,,
35117,,
35118,,
35121,,
35122,,
35123,,
35124,,
35125,,
35128,,
35129,,
35130,,
35131,,
35132,,
35135,,
35136,,
35137,,
35138,,
35139,,
35142,,
35143,,
35144,,
35145,,
35146,,
35149,,
35150,,
35151,,
35152,,
35153,,
35156,,
35157,,
35158,,
35159,,
35163,,
35164,,
35165,,
35166,,
35167,,
35170,,
35171,,
35172,,
35173,,
35174,,
35177,,
35178,,
35179,,
35180,,
35181,,
35184,,
35185,,
35186,,
35187,,
35188,,
35191,,
35192,,
35193,,
35194,,
35195,,
35198,,
35199,,
35200,,
35201,,
35202,,
35205,,
35206,,
35207,,
35208,,
35209,,
35213,,
35214,,
35215,,
35216,,
35219,,
35220,,
35221,,
35222,,
35223,,
35226,,
35227,,
35228,,
35229,,
35230,,
35233,,
35234,,
35235,,
35236,,
35237,,
35240,,
35241,,
35242,,
35243,,
35244,,
35247,,
35248,,
35249,,
35251,,
35254,,
35255,,
35256,,
35257,,
35258,,
35261,,
35262,,
35263,,
35264,,
35265,,
35268,,
35269,,
35270,,
35271,,
35272,,
35275,,
35276,,
35277,,
35278,,
35279,,
35282,,
35283,,
35284,,
35285,,
35286,,
35289,,
35290,,
35291,,
35292,,
35293,,
35296,,
35297,,
35298,,
35299,,
35300,,
35303,,
35304,,
35305,,
35306,,
35307,,
35311,,
35312,,
35313,,
35314,,
35317,,
35318,,
35319,,
35320,,
35321,,
35324,,
35325,,
35326,,
35327,,
35328,,
35331,,
35332,,
35333,,
35334,,
35335,,
35338,,
35339,,
35340,,
35341,,
35342,,
35345,,
35346,,
35347,,
35348,,
35349,,
35352,,
35353,,
35354,,
35355,,
35356,,
35359,,
35360,,
35361,,
35362,,
35363,,
35366,,
35367,,
35368,,
35369,,
35370,,
35373,,
35374,,
35375,,
35376,,
35377,,
35380,,
35381,,
35382,,
35383,,
35384,,
35387,,
35388,,
35389,,
35390,,
35391,,
35394,,
35395,,
35396,,
35398,,
35401,,
35402,,
35403,,
35404,,
35405,,
35408,,
35409,,
35410,,
35411,,
35412,,
35415,,
35416,,
35417,,
35418,,
35419,,
35422,,
35423,,
35425,,
35426,,
35429,,
35430,,
35432,,
35433,,
35436,,
35437,,
35438,,
35439,,
35440,,
35443,,
35444,,
35445,,
35446,,
35447,,
35450,,
35451,,
35452,,
35453,,
35454,,
35457,,
35458,,
35459,,
35460,,
35461,,
35464,,
35465,,
35466,,
35467,,
35468,,
35471,,
35472,,
35473,,
35474,,
35475,,
35479,,
35480,,
35481,,
35482,,
35485,,
35486,,
35487,,
35488,,
35489,,
35492,,
35493,,
35494,,
35495,,
35496,,
35499,,
35500,,
35501,,
35502,,
35503,,
35506,,
35507,,
35508,,
35509,,
35510,,
35513,,
35514,,
35515,,
35516,,
35520,,
35521,,
35522,,
35523,,
35524,,
35527,,
35528,,
35529,,
35530,,
35531,,
35534,,
35535,,
35536,,
35537,,
35538,,
35541,,
35542,,
35543,,
35544,,
35545,,
35548,,
35549,,
35550,,
35551,,
35552,,
35555,,
35556,,
35557,,
35558,,
35559,,
35562,,
35563,,
35564,,
35565,,
35566,,
35569,,
35570,,
35571,,
35572,,
35573,,
35577,,
35578,,
35579,,
35580,,
35583,,
35584,,
35585,,
35586,,
35587,,
35590,,
35591,,
35592,,
35593,,
35594,,
35597,,
35598,,
35599,,
35600,,
35601,,
35604,,
35605,,
35606,,
35607,,
35608,,
35611,,
35612,,
35613,,
35614,,
35618,,
35619,,
35620,,
35621,,
35622,,
35625,,
35626,,
35627,,
35628,,
35629,,
35632,,
35633,,
35634,,
35635,,
35636,,
35639,,
35640,,
35641,,
35642,,
35643,,
35646,,
35647,,
35648,,
35649,,
35650,,
35653,,
35654,,
35655,,
35656,,
35657,,
35660,,
35661,,
35662,,
35663,,
35664,,
35667,,
35668,,
35669,,
35670,,
35671,,
35675,,
35676,,
35677,,
35678,,
35681,,
35682,,
35683,,
35684,,
35685,,
35688,,
35689,,
35690,,
35691,,
35692,,
35695,,
35696,,
35697,,
35698,,
35699,,
35702,,
35703,,
35704,,
35705,,
35706,,
35709,,
35710,,
35711,,
35712,,
35713,,
35716,,
35717,,
35718,,
35719,,
35720,,
35723,,
35724,,
35725,,
35726,,
35727,,
35730,,
35731,,
35732,,
35733,,
35734,,
35737,,
35738,,
35739,,
35740,,
35741,,
35744,,
35745,,
35746,,
35747,,
35748,,
35751,,
35752,,
35753,,
35754,,
35755,,
35758,,
35759,,
35760,,
35762,,
35765,,
35766,,
35767,,
35768,,
35769,,
35772,,
35773,,
35774,,
35775,,
35776,,
35779,,
35780,,
35781,,
35782,,
35783,,
35786,,
35787,,
35788,,
35790,,
35793,,
35794,,
35795,,
35797,,
35800,,
35801,,
35802,,
35803,,
35804,,
35807,,
35808,,
35809,,
35810,,
35811,,
35815,,
35816,,
35817,,
35818,,
35821,,
35822,,
35823,,
35824,,
35825,,
35828,,
35829,,
35830,,
35831,,
35832,,
35835,,
35836,,
35837,,
35838,,
35839,,
35843,,
35844,,
35845,,
35846,,
35849,,
35850,,
35851,,
35852,,
35853,,
35856,,
35857,,
35858,,
35859,,
35860,,
35863,,
35864,,
35865,,
35866,,
35867,,
35870,,
35871,,
35872,,
35873,,
35874,,
35877,,
35878,,
35879,,
35880,,
35881,,
35884,,
35885,,
35886,,
35887,,
35888,,
35891,,
35892,,
35893,,
35894,,
35898,,
35899,,
35900,,
35901,,
35902,,
35905,,
35906,,
35907,,
35908,,
35909,,
35912,,
35913,,
35914,,
35915,,
35916,,
35919,,
35920,,
35921,,
35922,,
35923,,
35926,,
35927,,
35928,,
35929,,
35930,,
35933,,
35934,,
35935,,
35936,,
35937,,
35941,,
35942,,
35943,,
35944,,
35947,,
35948,,
35949,,
35950,,
35951,,
35954,,
35955,,
35956,,
35957,,
35958,,
35961,,
35962,,
35963,,
35964,,
35965,,
35968,,
35969,,
35970,,
35971,,
35972,,
35975,,
35976,,
35977,,
35978,,
35982,,
35983,,
35984,,
35985,,
35986,,
35989,,
35990,,
35991,,
35992,,
35993,,
35996,,
35997,,
35998,,
35999,,
36000,,
36003,,
36004,,
36005,,
36006,,
36007,,
36010,,
36011,,
36012,,
36013,,
36014,,
36017,,
36018,,
36019,,
36020,,
36021,,
36024,,
36025,,
36026,,
36027,,
36028,,
36031,,
36032,,
36033,,
36034,,
36035,,
36038,,
36039,,
36040,,
36041,,
36042,,
36046,,
36047,,
36048,,
36049,,
36052,,
36053,,
36054,,
36055,,
36056,,
36059,,
36060,,
36061,,
36062,,
36063,,
36066,,
36067,,
36068,,
36069,,
36070,,
36073,,
36074,,
36075,,
36076,,
36077,,
36080,,
36081,,
36082,,
36083,,
36084,,
36087,,
36088,,
36089,,
36090,,
36091,,
36094,,
36095,,
36096,,
36097,,
36098,,
36101,,
36102,,
36103,,
36104,,
36105,,
36108,,
36109,,
36110,,
36111,,
36112,,
36115,,
36116,,
36117,,
36118,,
36119,,
36122,,
36123,,
36124,,
36126,,
36129,,
36130,,
36131,,
36132,,
36133,,
36136,,
36137,,
36138,,
36139,,
36140,,
36143,,
36144,,
36145,,
36146,,
36147,,
36150,,
36151,,
36152,,
36153,,
36157,,
36158,,
36159,,
36160,,
36164,,
36165,,
36166,,
36167,,
36168,,
36171,,
36172,,
36173,,
36174,,
36175,,
36179,,
36180,,
36181,,
36182,,
36185,,
36186,,
36187,,
36188,,
36189,,
36192,,
36193,,
36194,,
36195,,
36196,,
36199,,
36200,,
36201,,
36202,,
36203,,
36207,,
36208,,
36209,,
36210,,
36213,,
36214,,
36215,,
36216,,
36217,,
36220,,
36221,,
36222,,
36223,,
36224,,
36227,,
36228,,
36229,,
36230,,
36231,,
36234,,
36235,,
36236,,
36237,,
36238,,
36241,,
36242,,
36243,,
36244,,
36245,,
36248,,
36249,,
36250,,
36251,,
36255,,
36256,,
36257,,
36258,,
36259,,
36262,,
36263,,
36264,,
36265,,
36266,,
36269,,
36270,,
36271,,
36272,,
36273,,
36276,,
36277,,
36278,,
36279,,
36280,,
36283,,
36284,,
36285,,
36286,,
36287,,
36290,,
36291,,
36292,,
36293,,
36294,,
36297,,
36298,,
36299,,
36300,,
36301,,
36304,,
36305,,
36306,,
36307,,
36308,,
36312,,
36313,,
36314,,
36315,,
36318,,
36319,,
36320,,
36321,,
36322,,
36325,,
36326,,
36327,,
36328,,
36329,,
36332,,
36333,,
36334,,
36335,,
36336,,
36339,,
36340,,
36341,,
36342,,
36343,,
36347,,
36348,,
36349,,
36350,,
36353,,
36354,,
36355,,
36356,,
36357,,
36360,,
36361,,
36362,,
36363,,
36364,,
36367,,
36368,,
36369,,
36370,,
36371,,
36374,,
36375,,
36376,,
36377,,
36378,,
36381,,
36382,,
36383,,
36384,,
36385,,
36388,,
36389,,
36390,,
36391,,
36392,,
36395,,
36396,,
36397,,
36398,,
36399,,
36402,,
36403,,
36404,,
36405,,
36406,,
36410,,
36411,,
36412,,
36413,,
36416,,
36417,,
36418,,
36419,,
36420,,
36423,,
36424,,
36425,,
36426,,
36427,,
36430,,
36431,,
36432,,
36433,,
36434,,
36437,,
36438,,
36439,,
36440,,
36441,,
36444,,
36445,,
36446,,
36447,,
36448,,
36451,,
36452,,
36453,,
36454,,
36455,,
36458,,
36459,,
36460,,
36461,,
36462,,
36465,,
36466,,
36467,,
36468,,
36469,,
36472,,
36473,,
36474,,
36475,,
36476,,
36479,,
36480,,
36481,,
36482,,
36483,,
36486,,
36487,,
36488,,
36490,,
36493,,
36494,,
36495,,
36496,,
36497,,
36500,,
36501,,
36502,,
36503,,
36504,,
36507,,
36508,,
36509,,
36510,,
36511,,
36514,,
36515,,
36516,,
36517,,
36521,,
36522,,
36523,,
36524,,
36525,,
36528,,
36529,,
36530,,
36531,,
36532,,
36535,,
36536,,
36537,,
36538,,
36539,,
36543,,
36544,,
36545,,
36546,,
36549,,
36550,,
36551,,
36552,,
36553,,
36556,,
36557,,
36558,,
36559,,
36560,,
36563,,
36564,,
36565,,
36566,,
36567,,
36570,,
36571,,
36572,,
36573,,
36574,,
36578,,
36579,,
36580,,
36581,,
36584,,
36585,,
36586,,
36587,,
36588,,
36591,,
36592,,
36593,,
36594,,
36595,,
36598,,
36599,,
36600,,
36601,,
36602,,
36605,,
36606,,
36607,,
36608,,
36609,,
36612,,
36613,,
36614,,
36615,,
36616,,
36619,,
36620,,
36621,,
36622,,
36623,,
36626,,
36627,,
36628,,
36629,,
36630,,
36633,,
36634,,
36635,,
36636,,
36640,,
36641,,
36642,,
36643,,
36644,,
36647,,
36648,,
36649,,
36650,,
36651,,
36654,,
36655,,
36656,,
36657,,
36658,,
36661,,
36662,,
36663,,
36664,,
36665,,
36668,,
36669,,
36670,,
36671,,
36672,,
36676,,
36677,,
36678,,
36679,,
36682,,
36683,,
36684,,
36685,,
36686,,
36689,,
36690,,
36691,,
36692,,
36693,,
36696,,
36697,,
36698,,
36699,,
36700,,
36703,,
36704,,
36705,,
36706,,
36707,,
36710,,
36712,,
36713,,
36714,,
36717,,
36718,,
36719,,
36720,,
36721,,
36724,,
36725,,
36726,,
36727,,
36728,,
36731,,
36732,,
36733,,
36734,,
36735,,
36738,,
36739,,
36740,,
36741,,
36742,,
36745,,
36746,,
36747,,
36748,,
36749,,
36752,,
36753,,
36754,,
36755,,
36756,,
36759,,
36760,,
36761,,
36762,,
36763,,
36766,,
36767,,
36768,,
36769,,
36770,,
36774,,
36775,,
36776,,
36777,,
36780,,
36781,,
36782,,
36783,,
36784,,
36787,,
36788,,
36789,,
36790,,
36791,,
36794,,
36795,,
36796,,
36797,,
36798,,
36801,,
36802,,
36803,,
36804,,
36805,,
36808,,
36809,,
36810,,
36811,,
36812,,
36815,,
36816,,
36817,,
36818,,
36819,,
36822,,
36823,,
36824,,
36825,,
36826,,
36829,,
36830,,
36831,,
36832,,
36833,,
36836,,
36837,,
36838,,
36839,,
36840,,
36843,,
36844,,
36845,,
36846,,
36847,,
36850,,
36851,,
36852,,
36854,,
36857,,
36858,,
36859,,
36860,,
36861,,
36864,,
36865,,
36866,,
36867,,
36868,,
36871,,
36872,,
36873,,
36874,,
36875,,
36878,,
36879,,
36880,,
36881,,
36882,,
36886,,
36887,,
36888,,
36889,,
36893,,
36894,,
36895,,
36896,,
36899,,
36900,,
36901,,
36902,,
36903,,
36907,,
36908,,
36909,,
36910,,
36913,,
36914,,
36915,,
36916,,
36917,,
36920,,
36921,,
36922,,
36923,,
36924,,
36927,,
36928,,
36929,,
36930,,
36931,,
36934,,
36935,,
36936,,
36937,,
36938,,
36942,,
36943,,
36944,,
36945,,
36948,,
36949,,
36950,,
36951,,
36952,,
36955,,
36956,,
36957,,
36958,,
36959,,
36962,,
36963,,
36964,,
36965,,
36966,,
36969,,
36970,,
36971,,
36972,,
36973,,
36976,,
36977,,
36978,,
36979,,
36980,,
36983,,
36984,,
36985,,
36986,,
36987,,
36990,,
36991,,
36992,,
36993,,
36997,,
36998,,
36999,,
37000,,
37001,,
37004,,
37005,,
37006,,
37007,,
37008,,
37011,,
37012,,
37013,,
37014,,
37015,,
37018,,
37019,,
37020,,
37021,,
37022,,
37025,,
37026,,
37027,,
37028,,
37029,,
37032,,
37033,,
37034,,
37035,,
37036,,
37040,,
37041,,
37042,,
37043,,
37046,,
37047,,
37048,,
37049,,
37050,,
37053,,
37054,,
37055,,
37056,,
37057,,
37060,,
37061,,
37062,,
37063,,
37064,,
37067,,
37068,,
37069,,
37070,,
37071,,
37074,,
37075,,
37077,,
37078,,
37081,,
37082,,
37083,,
37084,,
37085,,
37088,,
37089,,
37090,,
37091,,
37092,,
37095,,
37096,,
37097,,
37098,,
37099,,
37102,,
37103,,
37104,,
37105,,
37106,,
37109,,
37110,,
37111,,
37112,,
37113,,
37116,,
37117,,
37118,,
37119,,
37120,,
37123,,
37124,,
37125,,
37126,,
37127,,
37130,,
37131,,
37132,,
37133,,
37134,,
37138,,
37139,,
37140,,
37141,,
37144,,
37151,,
37152,,
37153,,
37154,,
37155,,
37158,,
37159,,
37160,,
37161,,
37162,,
37165,,
37166,,
37167,,
37168,,
37169,,
37172,,
37173,,
37174,,
37175,,
37176,,
37179,,
37180,,
37181,,
37182,,
37183,,
37186,,
37187,,
37188,,
37189,,
37190,,
37193,,
37194,,
37195,,
37196,,
37197,,
37200,,
37201,,
37202,,
37203,,
37204,,
37207,,
37208,,
37209,,
37210,,
37211,,
37214,,
37215,,
37216,,
37218,,
37221,,
37222,,
37223,,
37224,,
37225,,
37228,,
37229,,
37230,,
37231,,
37232,,
37235,,
37236,,
37237,,
37238,,
37239,,
37242,,
37243,,
37244,,
37245,,
37246,,
37249,,
37251,,
37252,,
37253,,
37256,,
37258,,
37259,,
37260,,
37263,,
37264,,
37265,,
37266,,
37267,,
37270,,
37271,,
37272,,
37273,,
37274,,
37278,,
37279,,
37280,,
37281,,
37284,,
37285,,
37286,,
37287,,
37288,,
37291,,
37292,,
37293,,
37294,,
37295,,
37298,,
37299,,
37300,,
37301,,
37302,,
37306,,
37307,,
37308,,
37309,,
37312,,
37313,,
37314,,
37315,,
37316,,
37319,,
37320,,
37321,,
37322,,
37323,,
37326,,
37327,,
37328,,
37329,,
37330,,
37333,,
37334,,
37335,,
37336,,
37337,,
37340,,
37341,,
37342,,
37343,,
37347,,
37348,,
37349,,
37350,,
37351,,
37354,,
37355,,
37356,,
37357,,
37358,,
37361,,
37362,,
37363,,
37364,,
37365,,
37368,,
37369,,
37370,,
37371,,
37372,,
37375,,
37376,,
37377,,
37378,,
37379,,
37382,,
37383,,
37384,,
37385,,
37386,,
37389,,
37390,,
37391,,
37392,,
37393,,
37396,,
37397,,
37398,,
37399,,
37400,,
37404,,
37405,,
37406,,
37407,,
37410,,
37411,,
37412,,
37413,,
37414,,
37417,,
37418,,
37419,,
37420,,
37421,,
37424,,
37425,,
37426,,
37427,,
37428,,
37431,,
37432,,
37433,,
37434,,
37435,,
37438,,
37439,,
37440,,
37442,,
37445,,
37446,,
37447,,
37448,,
37449,,
37452,,
37453,,
37454,,
37455,,
37456,,
37459,,
37460,,
37461,,
37462,,
37463,,
37466,,
37467,,
37468,,
37469,,
37470,,
37473,,
37474,,
37475,,
37476,,
37477,,
37480,,
37481,,
37482,,
37483,,
37484,,
37487,,
37488,,
37489,,
37490,,
37491,,
37494,,
37495,,
37496,,
37497,,
37498,,
37502,,
37503,,
37504,,
37505,,
37508,,
37509,,
37510,,
37511,,
37512,,
37515,,
37516,,
37517,,
37518,,
37519,,
37522,,
37523,,
37524,,
37525,,
37526,,
37529,,
37530,,
37531,,
37532,,
37533,,
37536,,
37537,,
37538,,
37539,,
37540,,
37543,,
37544,,
37545,,
37546,,
37547,,
37550,,
37551,,
37552,,
37553,,
37554,,
37557,,
37558,,
37559,,
37560,,
37561,,
37564,,
37565,,
37566,,
37567,,
37568,,
37571,,
37572,,
37573,,
37574,,
37575,,
37578,,
37579,,
37580,,
37581,,
37582,,
37585,,
37586,,
37587,,
37589,,
37592,,
37593,,
37594,,
37595,,
37596,,
37599,,
37600,,
37601,,
37602,,
37603,,
37606,,
37607,,
37608,,
37609,,
37610,,
37613,,
37614,,
37616,,
37617,,
37620,,
37621,,
37623,,
37624,,
37627,,
37628,,
37629,,
37630,,
37631,,
37634,,
37635,,
37636,,
37637,,
37638,,
37642,,
37643,,
37644,,
37645,,
37648,,
37649,,
37650,,
37651,,
37652,,
37655,,
37656,,
37657,,
37658,,
37659,,
37662,,
37663,,
37664,,
37665,,
37666,,
37670,,
37671,,
37672,,
37673,,
37676,,
37677,,
37678,,
37679,,
37680,,
37683,,
37684,,
37685,,
37686,,
37687,,
37690,,
37691,,
37692,,
37693,,
37694,,
37697,,
37698,,
37699,,
37700,,
37701,,
37704,,
37705,,
37706,,
37707,,
37708,,
37711,,
37712,,
37713,,
37714,,
37715,,
37718,,
37719,,
37720,,
37721,,
37722,,
37725,,
37726,,
37727,,
37728,,
37732,,
37733,,
37734,,
37735,,
37736,,
37739,,
37740,,
37741,,
37742,,
37743,,
37746,,
37747,,
37748,,
37749,,
37750,,
37753,,
37754,,
37755,,
37756,,
37757,,
37760,,
37761,,
37762,,
37763,,
37764,,
37768,,
37769,,
37770,,
37771,,
37774,,
37775,,
37776,,
37777,,
37778,,
37781,,
37782,,
37783,,
37784,,
37785,,
37788,,
37789,,
37790,,
37791,,
37792,,
37795,,
37796,,
37797,,
37798,,
37799,,
37802,,
37803,,
37804,,
37805,,
37809,,
37810,,
37811,,
37812,,
37813,,
37816,,
37817,,
37818,,
37819,,
37820,,
37823,,
37824,,
37825,,
37826,,
37827,,
37830,,
37831,,
37832,,
37833,,
37834,,
37837,,
37838,,
37839,,
37840,,
37841,,
37844,,
37845,,
37846,,
37847,,
37848,,
37851,,
37852,,
37853,,
37854,,
37855,,
37858,,
37859,,
37860,,
37861,,
37862,,
37866,,
37867,,
37868,,
37869,,
37872,,
37873,,
37874,,
37875,,
37876,,
37879,,
37880,,
37881,,
37882,,
37883,,
37886,,
37887,,
37888,,
37889,,
37890,,
37893,,
37894,,
37895,,
37896,,
37897,,
37900,,
37901,,
37902,,
37903,,
37904,,
37907,,
37908,,
37909,,
37910,,
37911,,
37914,,
37915,,
37916,,
37917,,
37918,,
37921,,
37922,,
37923,,
37924,,
37925,,
37928,,
37929,,
37930,,
37931,,
37932,,
37935,,
37936,,
37937,,
37938,,
37939,,
37942,,
37943,,
37944,,
37945,,
37946,,
37949,,
37950,,
37951,,
37953,,
37956,,
37957,,
37958,,
37959,,
37960,,
37963,,
37964,,
37965,,
37966,,
37967,,
37970,,
37971,,
37972,,
37973,,
37974,,
37977,,
37978,,
37979,,
37981,,
37984,,
37985,,
37986,,
37988,,
37991,,
37992,,
37993,,
37994,,
37995,,
37998,,
37999,,
38000,,
38001,,
38002,,
38006,,
38007,,
38008,,
38009,,
38012,,
38013,,
38014,,
38015,,
38016,,
38019,,
38020,,
38021,,
38022,,
38023,,
38026,,
38027,,
38028,,
38029,,
38030,,
38034,,
38035,,
38036,,
38037,,
38040,,
38041,,
38042,,
38043,,
38044,,
38047,,
38048,,
38049,,
38050,,
38051,,
38054,,
38055,,
38056,,
38057,,
38058,,
38061,,
38062,,
38063,,
38064,,
38065,,
38068,,
38069,,
38070,,
38071,,
38072,,
38075,,
38076,,
38077,,
38078,,
38079,,
38082,,
38083,,
38084,,
38085,,
38089,,
38090,,
38091,,
38092,,
38093,,
38096,,
38097,,
38098,,
38099,,
38100,,
38103,,
38104,,
38105,,
38106,,
38107,,
38110,,
38111,,
38112,,
38113,,
38114,,
38117,,
38118,,
38119,,
38120,,
38121,,
38124,,
38125,,
38126,,
38127,,
38128,,
38131,,
38132,,
38133,,
38134,,
38135,,
38139,,
38140,,
38141,,
38142,,
38145,,
38146,,
38147,,
38148,,
38152,,
38153,,
38154,,
38155,,
38156,,
38159,,
38160,,
38161,,
38162,,
38163,,
38166,,
38167,,
38168,,
38169,,
38170,,
38174,,
38175,,
38176,,
38177,,
38180,,
38181,,
38182,,
38183,,
38184,,
38187,,
38188,,
38189,,
38190,,
38191,,
38194,,
38195,,
38196,,
38197,,
38198,,
38201,,
38202,,
38203,,
38204,,
38205,,
38208,,
38209,,
38210,,
38211,,
38212,,
38215,,
38216,,
38217,,
38218,,
38219,,
38222,,
38223,,
38224,,
38225,,
38226,,
38229,,
38230,,
38231,,
38232,,
38233,,
38237,,
38238,,
38239,,
38240,,
38243,,
38244,,
38245,,
38246,,
38247,,
38250,,
38251,,
38252,,
38253,,
38254,,
38257,,
38258,,
38259,,
38260,,
38261,,
38264,,
38265,,
38266,,
38267,,
38268,,
38271,,
38272,,
38273,,
38274,,
38275,,
38278,,
38279,,
38280,,
38281,,
38282,,
38285,,
38286,,
38287,,
38288,,
38289,,
38292,,
38293,,
38294,,
38295,,
38296,,
38299,,
38300,,
38301,,
38302,,
38303,,
38306,,
38307,,
38308,,
38309,,
38310,,
38313,,
38314,,
38315,,
38317,,
38320,,
38321,,
38322,,
38323,,
38324,,
38327,,
38328,,
38329,,
38330,,
38331,,
38334,,
38335,,
38336,,
38337,,
38338,,
38341,,
38342,,
38343,,
38344,,
38348,,
38349,,
38350,,
38351,,
38352,,
38355,,
38356,,
38357,,
38358,,
38359,,
38362,,
38363,,
38364,,
38365,,
38366,,
38370,,
38371,,
38372,,
38373,,
38376,,
38377,,
38378,,
38379,,
38380,,
38383,,
38384,,
38385,,
38386,,
38387,,
38390,,
38391,,
38392,,
38393,,
38394,,
38397,,
38398,,
38399,,
38400,,
38401,,
38405,,
38406,,
38407,,
38408,,
38411,,
38412,,
38413,,
38414,,
38415,,
38418,,
38419,,
38420,,
38421,,
38422,,
38425,,
38426,,
38427,,
38428,,
38429,,
38432,,
38433,,
38434,,
38435,,
38439,,
38440,,
38441,,
38442,,
38443,,
38446,,
38447,,
38448,,
38449,,
38450,,
38453,,
38454,,
38455,,
38456,,
38457,,
38460,,
38461,,
38462,,
38463,,
38464,,
38467,,
38468,,
38469,,
38470,,
38471,,
38474,,
38475,,
38476,,
38477,,
38478,,
38481,,
38482,,
38483,,
38484,,
38485,,
38488,,
38489,,
38490,,
38491,,
38492,,
38495,,
38496,,
38497,,
38498,,
38499,,
38503,,
38504,,
38505,,
38506,,
38509,,
38510,,
38511,,
38512,,
38513,,
38516,,
38517,,
38518,,
38519,,
38520,,
38523,,
38524,,
38525,,
38526,,
38527,,
38530,,
38531,,
38532,,
38533,,
38534,,
38538,,
38539,,
38540,,
38541,,
38544,,
38545,,
38546,,
38547,,
38548,,
38551,,
38552,,
38553,,
38554,,
38555,,
38558,,
38559,,
38560,,
38561,,
38562,,
38565,,
38566,,
38567,,
38568,,
38569,,
38572,,
38573,,
38574,,
38575,,
38576,,
38579,,
38580,,
38581,,
38582,,
38583,,
38586,,
38587,,
38588,,
38589,,
38590,,
38593,,
38594,,
38595,,
38596,,
38597,,
38601,,
38602,,
38603,,
38604,,
38607,,
38608,,
38609,,
38610,,
38611,,
38614,,
38615,,
38616,,
38617,,
38618,,
38621,,
38622,,
38623,,
38624,,
38625,,
38628,,
38629,,
38630,,
38631,,
38632,,
38635,,
38636,,
38637,,
38638,,
38639,,
38642,,
38643,,
38644,,
38645,,
38646,,
38649,,
38650,,
38651,,
38652,,
38653,,
38656,,
38657,,
38658,,
38659,,
38660,,
38663,,
38664,,
38665,,
38666,,
38667,,
38670,,
38671,,
38672,,
38673,,
38674,,
38677,,
38678,,
38679,,
38681,,
38684,,
38685,,
38686,,
38687,,
38688,,
38691,,
38692,,
38693,,
38694,,
38695,,
38698,,
38699,,
38700,,
38701,,
38702,,
38705,,
38706,,
38707,,
38708,,
38709,,
38713,,
38714,,
38715,,
38716,,
38720,,
38721,,
38722,,
38723,,
38726,,
38727,,
38728,,
38729,,
38730,,
38734,,
38735,,
38736,,
38737,,
38740,,
38741,,
38742,,
38743,,
38744,,
38747,,
38748,,
38749,,
38750,,
38751,,
38754,,
38755,,
38756,,
38757,,
38758,,
38761,,
38762,,
38763,,
38764,,
38765,,
38769,,
38770,,
38771,,
38772,,
38775,,
38776,,
38777,,
38778,,
38779,,
38782,,
38783,,
38784,,
38785,,
38786,,
38789,,
38790,,
38791,,
38792,,
38793,,
38796,,
38797,,
38798,,
38799,,
38800,,
38803,,
38804,,
38805,,
38806,,
38807,,
38810,,
38811,,
38812,,
38813,,
38814,,
38817,,
38818,,
38819,,
38820,,
38824,,
38825,,
38826,,
38827,,
38828,,
38831,,
38832,,
38833,,
38834,,
38835,,
38838,,
38839,,
38840,,
38841,,
38842,,
38845,,
38846,,
38847,,
38848,,
38849,,
38852,,
38853,,
38854,,
38855,,
38856,,
38859,,
38860,,
38861,,
38862,,
38863,,
38867,,
38868,,
38869,,
38870,,
38873,,
38874,,
38875,,
38876,,
38877,,
38880,,
38881,,
38882,,
38883,,
38884,,
38887,,
38888,,
38889,,
38890,,
38891,,
38894,,
38895,,
38896,,
38897,,
38898,,
38901,,
38903,,
38904,,
38905,,
38908,,
38909,,
38910,,
38911,,
38912,,
38915,,
38916,,
38917,,
38918,,
38919,,
38922,,
38923,,
38924,,
38925,,
38926,,
38929,,
38930,,
38931,,
38932,,
38933,,
38936,,
38937,,
38938,,
38939,,
38940,,
38943,,
38944,,
38945,,
38946,,
38947,,
38950,,
38951,,
38952,,
38953,,
38954,,
38957,,
38958,,
38959,,
38960,,
38961,,
38965,,
38966,,
38967,,
38968,,
38971,,
38972,,
38973,,
38974,,
38975,,
38978,,
38979,,
38980,,
38981,,
38982,,
38985,,
38986,,
38987,,
38988,,
38989,,
38992,,
38993,,
38994,,
38995,,
38996,,
38999,,
39000,,
39001,,
39002,,
39003,,
39006,,
39007,,
39008,,
39009,,
39010,,
39013,,
39014,,
39015,,
39016,,
39017,,
39020,,
39021,,
39022,,
39023,,
39024,,
39027,,
39028,,
39029,,
39030,,
39031,,
39034,,
39035,,
39036,,
39037,,
39038,,
39041,,
39042,,
39043,,
39045,,
39048,,
39049,,
39050,,
39051,,
39052,,
39055,,
39056,,
39057,,
39058,,
39059,,
39062,,
39063,,
39064,,
39065,,
39066,,
39069,,
39070,,
39071,,
39072,,
39073,,
39077,,
39078,,
39079,,
39080,,
39085,,
39086,,
39087,,
39090,,
39091,,
39092,,
39093,,
39094,,
39098,,
39099,,
39100,,
39101,,
39104,,
39105,,
39106,,
39107,,
39108,,
39111,,
39112,,
39113,,
39114,,
39115,,
39118,,
39119,,
39120,,
39121,,
39122,,
39125,,
39126,,
39127,,
39128,,
39129,,
39133,,
39134,,
39135,,
39136,,
39139,,
39140,,
39141,,
39142,,
39143,,
39146,,
39147,,
39148,,
39149,,
39150,,
39153,,
39154,,
39155,,
39156,,
39157,,
39160,,
39161,,
39162,,
39163,,
39164,,
39167,,
39168,,
39169,,
39170,,
39171,,
39174,,
39175,,
39176,,
39177,,
39181,,
39182,,
39183,,
39184,,
39185,,
39188,,
39189,,
39190,,
39191,,
39192,,
39195,,
39196,,
39197,,
39198,,
39199,,
39202,,
39203,,
39204,,
39205,,
39206,,
39209,,
39210,,
39211,,
39212,,
39213,,
39216,,
39217,,
39218,,
39219,,
39220,,
39223,,
39224,,
39225,,
39226,,
39227,,
39231,,
39232,,
39233,,
39234,,
39237,,
39238,,
39239,,
39240,,
39241,,
39244,,
39245,,
39246,,
39247,,
39248,,
39251,,
39252,,
39253,,
39254,,
39255,,
39258,,
39259,,
39260,,
39261,,
39262,,
39265,,
39266,,
39268,,
39269,,
39272,,
39273,,
39274,,
39275,,
39276,,
39279,,
39280,,
39281,,
39282,,
39283,,
39286,,
39287,,
39288,,
39289,,
39290,,
39293,,
39294,,
39295,,
39296,,
39297,,
39300,,
39301,,
39302,,
39303,,
39304,,
39307,,
39308,,
39309,,
39310,,
39311,,
39314,,
39315,,
39316,,
39317,,
39318,,
39321,,
39322,,
39323,,
39324,,
39325,,
39329,,
39330,,
39331,,
39332,,
39335,,
39336,,
39337,,
39338,,
39339,,
39342,,
39343,,
39344,,
39345,,
39346,,
39349,,
39350,,
39351,,
39352,,
39353,,
39356,,
39357,,
39358,,
39359,,
39360,,
39363,,
39364,,
39365,,
39366,,
39367,,
39370,,
39371,,
39372,,
39373,,
39374,,
39377,,
39378,,
39379,,
39380,,
39381,,
39384,,
39385,,
39386,,
39387,,
39388,,
39391,,
39392,,
39393,,
39394,,
39395,,
39398,,
39399,,
39400,,
39401,,
39402,,
39405,,
39406,,
39407,,
39409,,
39412,,
39413,,
39414,,
39415,,
39416,,
39419,,
39420,,
39421,,
39422,,
39423,,
39426,,
39427,,
39428,,
39429,,
39430,,
39433,,
39434,,
39435,,
39436,,
39437,,
39440,,
39442,,
39443,,
39444,,
39447,,
39449,,
39450,,
39451,,
39454,,
39455,,
39456,,
39457,,
39458,,
39461,,
39462,,
39463,,
39464,,
39465,,
39469,,
39470,,
39471,,
39472,,
39475,,
39476,,
39477,,
39478,,
39479,,
39482,,
39483,,
39484,,
39485,,
39486,,
39489,,
39490,,
39491,,
39492,,
39493,,
39497,,
39498,,
39499,,
39500,,
39503,,
39504,,
39505,,
39506,,
39507,,
39510,,
39511,,
39512,,
39513,,
39514,,
39517,,
39518,,
39519,,
39520,,
39521,,
39524,,
39525,,
39526,,
39527,,
39531,,
39532,,
39533,,
39534,,
39535,,
39538,,
39539,,
39540,,
39541,,
39542,,
39545,,
39546,,
39547,,
39548,,
39549,,
39552,,
39553,,
39554,,
39555,,
39556,,
39559,,
39560,,
39561,,
39562,,
39563,,
39566,,
39567,,
39568,,
39569,,
39570,,
39573,,
39574,,
39575,,
39576,,
39577,,
39580,,
39581,,
39582,,
39583,,
39584,,
39587,,
39588,,
39589,,
39590,,
39591,,
39595,,
39596,,
39597,,
39598,,
39601,,
39602,,
39603,,
39604,,
39605,,
39608,,
39609,,
39610,,
39611,,
39612,,
39615,,
39616,,
39617,,
39618,,
39619,,
39622,,
39623,,
39624,,
39625,,
39626,,
39629,,
39630,,
39631,,
39632,,
39636,,
39637,,
39638,,
39639,,
39640,,
39643,,
39644,,
39645,,
39646,,
39647,,
39650,,
39651,,
39652,,
39653,,
39654,,
39657,,
39658,,
39659,,
39660,,
39661,,
39664,,
39665,,
39666,,
39667,,
39668,,
39671,,
39672,,
39673,,
39674,,
39675,,
39678,,
39679,,
39680,,
39681,,
39682,,
39685,,
39686,,
39687,,
39688,,
39689,,
39693,,
39694,,
39695,,
39696,,
39699,,
39700,,
39701,,
39702,,
39703,,
39706,,
39707,,
39708,,
39709,,
39710,,
39713,,
39714,,
39715,,
39716,,
39717,,
39720,,
39721,,
39722,,
39723,,
39724,,
39727,,
39728,,
39729,,
39730,,
39731,,
39734,,
39735,,
39736,,
39737,,
39738,,
39741,,
39742,,
39743,,
39744,,
39745,,
39748,,
39749,,
39750,,
39751,,
39752,,
39755,,
39756,,
39757,,
39758,,
39759,,
39762,,
39763,,
39764,,
39765,,
39766,,
39769,,
39770,,
39771,,
39772,,
39773,,
39776,,
39777,,
39778,,
39780,,
39783,,
39784,,
39785,,
39786,,
39787,,
39790,,
39791,,
39792,,
39793,,
39794,,
39797,,
39798,,
39799,,
39800,,
39801,,
39804,,
39805,,
39806,,
39808,,
39811,,
39812,,
39813,,
39815,,
39818,,
39819,,
39820,,
39821,,
39822,,
39825,,
39826,,
39827,,
39828,,
39829,,
39833,,
39834,,
39835,,
39836,,
39839,,
39840,,
39841,,
39842,,
39843,,
39846,,
39847,,
39848,,
39849,,
39850,,
39853,,
39854,,
39855,,
39856,,
39857,,
39861,,
39862,,
39863,,
39864,,
39867,,
39868,,
39869,,
39870,,
39871,,
39874,,
39875,,
39876,,
39877,,
39878,,
39881,,
39882,,
39883,,
39884,,
39885,,
39888,,
39889,,
39890,,
39891,,
39892,,
39895,,
39896,,
39897,,
39898,,
39899,,
39902,,
39903,,
39904,,
39905,,
39906,,
39909,,
39910,,
39911,,
39912,,
39916,,
39917,,
39918,,
39919,,
39920,,
39923,,
39924,,
39925,,
39926,,
39927,,
39930,,
39931,,
39932,,
39933,,
39934,,
39937,,
39938,,
39939,,
39940,,
39941,,
39944,,
39945,,
39946,,
39947,,
39948,,
39951,,
39952,,
39953,,
39954,,
39955,,
39959,,
39960,,
39961,,
39962,,
39965,,
39966,,
39967,,
39968,,
39969,,
39972,,
39973,,
39974,,
39975,,
39976,,
39979,,
39980,,
39981,,
39982,,
39983,,
39986,,
39987,,
39988,,
39989,,
39990,,
39993,,
39994,,
39995,,
39996,,
40000,,
40001,,
40002,,
40003,,
40004,,
40007,,
40008,,
40009,,
40010,,
40011,,
40014,,
40015,,
40016,,
40017,,
40018,,
40021,,
40022,,
40023,,
40024,,
40025,,
40028,,
40029,,
40030,,
40031,,
40032,,
40035,,
40036,,
40037,,
40038,,
40039,,
40042,,
40043,,
40044,,
40045,,
40046,,
40049,,
40050,,
40051,,
40052,,
40053,,
40056,,
40057,,
40058,,
40059,,
40060,,
40064,,
40065,,
40066,,
40067,,
40070,,
40071,,
40072,,
40073,,
40074,,
40077,,
40078,,
40079,,
40080,,
40081,,
40084,,
40085,,
40086,,
40087,,
40088,,
40091,,
40092,,
40093,,
40094,,
40095,,
40098,,
40099,,
40100,,
40101,,
40102,,
40105,,
40106,,
40107,,
40108,,
40109,,
40112,,
40113,,
40114,,
40115,,
40116,,
40119,,
40120,,
40121,,
40122,,
40123,,
40126,,
40127,,
40128,,
40129,,
40130,,
40133,,
40134,,
40135,,
40136,,
40137,,
40140,,
40141,,
40142,,
40144,,
40147,,
40148,,
40149,,
40150,,
40151,,
40154,,
40155,,
40156,,
40157,,
40158,,
40161,,
40162,,
40163,,
40164,,
40165,,
40168,,
40169,,
40170,,
40171,,
40175,,
40176,,
40177,,
40178,,
40182,,
40183,,
40184,,
40185,,
40186,,
40189,,
40190,,
40191,,
40192,,
40193,,
40197,,
40198,,
40199,,
40200,,
40203,,
40204,,
40205,,
40206,,
40207,,
40210,,
40211,,
40212,,
40213,,
40214,,
40217,,
40218,,
40219,,
40220,,
40221,,
40225,,
40226,,
40227,,
40228,,
40231,,
40232,,
40233,,
40234,,
40235,,
40238,,
40239,,
40240,,
40241,,
40242,,
40245,,
40246,,
40247,,
40248,,
40249,,
40252,,
40253,,
40254,,
40255,,
40256,,
40259,,
40260,,
40261,,
40262,,
40263,,
40266,,
40267,,
40268,,
40269,,
40273,,
40274,,
40275,,
40276,,
40277,,
40280,,
40281,,
40282,,
40283,,
40284,,
40287,,
40288,,
40289,,
40290,,
40291,,
40294,,
40295,,
40296,,
40297,,
40298,,
40301,,
40302,,
40303,,
40304,,
40305,,
40308,,
40309,,
40310,,
40311,,
40312,,
40315,,
40316,,
40317,,
40318,,
40319,,
40322,,
40323,,
40324,,
40325,,
40326,,
40330,,
40331,,
40332,,
40333,,
40336,,
40337,,
40338,,
40339,,
40340,,
40343,,
40344,,
40345,,
40346,,
40347,,
40350,,
40351,,
40352,,
40353,,
40354,,
40357,,
40358,,
40359,,
40360,,
40361,,
40365,,
40366,,
40367,,
40368,,
40371,,
40372,,
40373,,
40374,,
40375,,
40378,,
40379,,
40380,,
40381,,
40382,,
40385,,
40386,,
40387,,
40388,,
40389,,
40392,,
40393,,
40394,,
40395,,
40396,,
40399,,
40400,,
40401,,
40402,,
40403,,
40406,,
40407,,
40408,,
40409,,
40410,,
40413,,
40414,,
40415,,
40416,,
40417,,
40420,,
40421,,
40422,,
40423,,
40424,,
40428,,
40429,,
40430,,
40431,,
40434,,
40435,,
40436,,
40437,,
40438,,
40441,,
40442,,
40443,,
40444,,
40445,,
40448,,
40449,,
40450,,
40451,,
40452,,
40455,,
40456,,
40457,,
40458,,
40459,,
40462,,
40463,,
40464,,
40465,,
40466,,
40469,,
40470,,
40471,,
40472,,
40473,,
40476,,
40477,,
40478,,
40479,,
40480,,
40483,,
40484,,
40485,,
40486,,
40487,,
40490,,
40491,,
40492,,
40493,,
40494,,
40497,,
40498,,
40499,,
40500,,
40501,,
40504,,
40505,,
40506,,
40508,,
40511,,
40512,,
40513,,
40514,,
40515,,
40518,,
40519,,
40520,,
40521,,
40522,,
40525,,
40526,,
40527,,
40528,,
40529,,
40532,,
40533,,
40534,,
40535,,
40539,,
40540,,
40541,,
40542,,
40543,,
40546,,
40547,,
40548,,
40549,,
40550,,
40553,,
40554,,
40555,,
40556,,
40557,,
40561,,
40562,,
40563,,
40564,,
40567,,
40568,,
40569,,
40570,,
40571,,
40574,,
40575,,
40576,,
40577,,
40578,,
40581,,
40582,,
40583,,
40584,,
40585,,
40588,,
40589,,
40590,,
40591,,
40592,,
40596,,
40597,,
40598,,
40599,,
40602,,
40603,,
40604,,
40605,,
40606,,
40609,,
40610,,
40611,,
40612,,
40613,,
40616,,
40617,,
40618,,
40619,,
40620,,
40623,,
40624,,
40625,,
40626,,
40627,,
40630,,
40631,,
40632,,
40633,,
40634,,
40637,,
40638,,
40639,,
40640,,
40641,,
40644,,
40645,,
40646,,
40647,,
40648,,
40651,,
40652,,
40653,,
40654,,
40658,,
40659,,
40660,,
40661,,
40662,,
40665,,
40666,,
40667,,
40668,,
40669,,
40672,,
40673,,
40674,,
40675,,
40676,,
40679,,
40680,,
40681,,
40682,,
40683,,
40686,,
40687,,
40688,,
40689,,
40690,,
40694,,
40695,,
40696,,
40697,,
40700,,
40701,,
40702,,
40703,,
40704,,
40707,,
40708,,
40709,,
40710,,
40711,,
40714,,
40715,,
40716,,
40717,,
40718,,
40721,,
40722,,
40723,,
40724,,
40725,,
40729,,
40730,,
40731,,
40732,,
40735,,
40736,,
40737,,
40738,,
40739,,
40742,,
40743,,
40744,,
40745,,
40746,,
40749,,
40750,,
40751,,
40752,,
40753,,
40756,,
40757,,
40758,,
40759,,
40760,,
40763,,
40764,,
40765,,
40766,,
40767,,
40770,,
40771,,
40772,,
40773,,
40774,,
40777,,
40778,,
40779,,
40780,,
40781,,
40784,,
40785,,
40786,,
40787,,
40788,,
40792,,
40793,,
40794,,
40795,,
40798,,
40799,,
40800,,
40801,,
40802,,
40805,,
40806,,
40807,,
40808,,
40809,,
40812,,
40813,,
40814,,
40815,,
40816,,
40819,,
40820,,
40821,,
40822,,
40823,,
40826,,
40827,,
40828,,
40829,,
40830,,
40833,,
40834,,
40835,,
40836,,
40837,,
40840,,
40841,,
40842,,
40843,,
40844,,
40847,,
40848,,
40849,,
40850,,
40851,,
40854,,
40855,,
40856,,
40857,,
40858,,
40861,,
40862,,
40863,,
40864,,
40865,,
40868,,
40869,,
40870,,
40872,,
40875,,
40876,,
40877,,
40878,,
40879,,
40882,,
40883,,
40884,,
40885,,
40886,,
40889,,
40890,,
40891,,
40892,,
40893,,
40896,,
40897,,
40898,,
40899,,
40900,,
40904,,
40905,,
40906,,
40907,,
40911,,
40912,,
40913,,
40914,,
40917,,
40918,,
40919,,
40920,,
40921,,
40925,,
40926,,
40927,,
40928,,
40931,,
40932,,
40933,,
40934,,
40935,,
40938,,
40939,,
40940,,
40941,,
40942,,
40945,,
40946,,
40947,,
40948,,
40949,,
40952,,
40953,,
40954,,
40955,,
40956,,
40960,,
40961,,
40962,,
40963,,
40966,,
40967,,
40968,,
40969,,
40970,,
40973,,
40974,,
40975,,
40976,,
40977,,
40980,,
40981,,
40982,,
40983,,
40984,,
40987,,
40988,,
40989,,
40990,,
40991,,
40994,,
40995,,
40996,,
40997,,
40998,,
41001,,
41002,,
41003,,
41004,,
41008,,
41009,,
41010,,
41011,,
41012,,
41015,,
41016,,
41017,,
41018,,
41019,,
41022,,
41023,,
41024,,
41025,,
41026,,
41029,,
41030,,
41031,,
41032,,
41033,,
41036,,
41037,,
41038,,
41039,,
41040,,
41043,,
41044,,
41045,,
41046,,
41047,,
41050,,
41051,,
41052,,
41053,,
41054,,
41058,,
41059,,
41060,,
41061,,
41064,,
41065,,
41066,,
41067,,
41068,,
41071,,
41072,,
41073,,
41074,,
41075,,
41078,,
41079,,
41080,,
41081,,
41082,,
41085,,
41086,,
41087,,
41088,,
41089,,
41092,,
41093,,
41095,,
41096,,
41099,,
41100,,
41101,,
41102,,
41103,,
41106,,
41107,,
41108,,
41109,,
41110,,
41113,,
41114,,
41115,,
41116,,
41117,,
41120,,
41121,,
41122,,
41123,,
41124,,
41127,,
41128,,
41129,,
41130,,
41131,,
41134,,
41135,,
41136,,
41137,,
41138,,
41141,,
41142,,
41143,,
41144,,
41145,,
41148,,
41149,,
41150,,
41151,,
41152,,
41156,,
41157,,
41158,,
41159,,
41162,,
41163,,
41164,,
41165,,
41166,,
41169,,
41170,,
41171,,
41172,,
41173,,
41176,,
41177,,
41178,,
41179,,
41180,,
41183,,
41184,,
41185,,
41186,,
41187,,
41190,,
41191,,
41192,,
41193,,
41194,,
41197,,
41198,,
41199,,
41200,,
41201,,
41204,,
41205,,
41206,,
41207,,
41208,,
41213,,
41214,,
41215,,
41218,,
41219,,
41220,,
41221,,
41222,,
41225,,
41226,,
41227,,
41228,,
41229,,
41232,,
41233,,
41234,,
41236,,
41239,,
41240,,
41241,,
41242,,
41243,,
41246,,
41247,,
41248,,
41249,,
41250,,
41253,,
41254,,
41255,,
41256,,
41257,,
41260,,
41261,,
41262,,
41263,,
41264,,
41267,,
41269,,
41270,,
41271,,
41274,,
41276,,
41277,,
41278,,
41281,,
41282,,
41283,,
41284,,
41285,,
41288,,
41289,,
41290,,
41291,,
41292,,
41296,,
41297,,
41298,,
41299,,
41302,,
41303,,
41304,,
41305,,
41306,,
41309,,
41310,,
41311,,
41312,,
41313,,
41316,,
41317,,
41318,,
41319,,
41320,,
41324,,
41325,,
41326,,
41327,,
41330,,
41331,,
41332,,
41333,,
41334,,
41337,,
41338,,
41339,,
41340,,
41341,,
41344,,
41345,,
41346,,
41347,,
41348,,
41351,,
41352,,
41353,,
41354,,
41355,,
41358,,
41359,,
41360,,
41361,,
41365,,
41366,,
41367,,
41368,,
41369,,
41372,,
41373,,
41374,,
41375,,
41376,,
41379,,
41380,,
41381,,
41382,,
41383,,
41386,,
41387,,
41388,,
41389,,
41390,,
41393,,
41394,,
41395,,
41396,,
41397,,
41400,,
41401,,
41402,,
41403,,
41404,,
41407,,
41408,,
41409,,
41410,,
41411,,
41414,,
41415,,
41416,,
41417,,
41418,,
41422,,
41423,,
41424,,
41425,,
41428,,
41429,,
41430,,
41431,,
41432,,
41435,,
41436,,
41437,,
41438,,
41439,,
41442,,
41443,,
41444,,
41445,,
41446,,
41449,,
41450,,
41451,,
41452,,
41453,,
41456,,
41457,,
41458,,
41460,,
41463,,
41464,,
41465,,
41466,,
41467,,
41470,,
41471,,
41472,,
41473,,
41474,,
41477,,
41478,,
41479,,
41480,,
41481,,
41484,,
41485,,
41486,,
41487,,
41488,,
41491,,
41492,,
41493,,
41494,,
41495,,
41498,,
41499,,
41500,,
41501,,
41502,,
41505,,
41506,,
41507,,
41508,,
41509,,
41512,,
41513,,
41514,,
41515,,
41516,,
41520,,
41521,,
41522,,
41523,,
41526,,
41527,,
41528,,
41529,,
41530,,
41533,,
41534,,
41535,,
41536,,
41537,,
41540,,
41541,,
41542,,
41543,,
41544,,
41547,,
41548,,
41549,,
41550,,
41551,,
41554,,
41555,,
41556,,
41557,,
41558,,
41561,,
41562,,
41563,,
41564,,
41565,,
41568,,
41569,,
41570,,
41571,,
41572,,
41575,,
41576,,
41577,,
41578,,
41579,,
41582,,
41583,,
41584,,
41585,,
41586,,
41589,,
41590,,
41591,,
41592,,
41593,,
41596,,
41597,,
41598,,
41599,,
41600,,
41603,,
41604,,
41605,,
41607,,
41610,,
41611,,
41612,,
41613,,
41614,,
41617,,
41618,,
41619,,
41620,,
41621,,
41624,,
41625,,
41626,,
41627,,
41628,,
41631,,
41632,,
41634,,
41635,,
41638,,
41639,,
41641,,
41642,,
41645,,
41646,,
41647,,
41648,,
41649,,
41652,,
41653,,
41654,,
41655,,
41656,,
41660,,
41661,,
41662,,
41663,,
41666,,
41667,,
41668,,
41669,,
41670,,
41673,,
41674,,
41675,,
41676,,
41677,,
41680,,
41681,,
41682,,
41683,,
41684,,
41688,,
41689,,
41690,,
41691,,
41694,,
41695,,
41696,,
41697,,
41698,,
41701,,
41702,,
41703,,
41704,,
41705,,
41708,,
41709,,
41710,,
41711,,
41712,,
41715,,
41716,,
41717,,
41718,,
41719,,
41722,,
41723,,
41724,,
41725,,
41726,,
41729,,
41730,,
41731,,
41732,,
41733,,
41736,,
41737,,
41738,,
41739,,
41740,,
41743,,
41744,,
41745,,
41746,,
41750,,
41751,,
41752,,
41753,,
41754,,
41757,,
41758,,
41759,,
41760,,
41761,,
41764,,
41765,,
41766,,
41767,,
41768,,
41771,,
41772,,
41773,,
41774,,
41775,,
41778,,
41779,,
41780,,
41781,,
41782,,
41786,,
41787,,
41788,,
41789,,
41792,,
41793,,
41794,,
41795,,
41796,,
41799,,
41800,,
41801,,
41802,,
41803,,
41806,,
41807,,
41808,,
41809,,
41810,,
41813,,
41814,,
41815,,
41816,,
41817,,
41820,,
41821,,
41822,,
41823,,
41827,,
41828,,
41829,,
41830,,
41831,,
41834,,
41835,,
41836,,
41837,,
41838,,
41841,,
41842,,
41843,,
41844,,
41845,,
41848,,
41849,,
41850,,
41851,,
41852,,
41855,,
41856,,
41857,,
41858,,
41859,,
41862,,
41863,,
41864,,
41865,,
41866,,
41869,,
41870,,
41871,,
41872,,
41873,,
41876,,
41877,,
41878,,
41879,,
41880,,
41884,,
41885,,
41886,,
41887,,
41890,,
41891,,
41892,,
41893,,
41894,,
41897,,
41898,,
41899,,
41900,,
41901,,
41904,,
41905,,
41906,,
41907,,
41908,,
41911,,
41912,,
41913,,
41914,,
41915,,
41918,,
41919,,
41920,,
41921,,
41922,,
41925,,
41926,,
41927,,
41928,,
41929,,
41932,,
41933,,
41934,,
41935,,
41936,,
41939,,
41940,,
41941,,
41942,,
41943,,
41946,,
41947,,
41948,,
41949,,
41950,,
41953,,
41954,,
41955,,
41956,,
41957,,
41960,,
41961,,
41962,,
41963,,
41964,,
41967,,
41968,,
41969,,
41971,,
41974,,
41975,,
41976,,
41977,,
41978,,
41981,,
41982,,
41983,,
41984,,
41985,,
41988,,
41989,,
41990,,
41991,,
41992,,
41995,,
41996,,
41997,,
41999,,
42002,,
42003,,