Date,High,Low,Open,Close,Volume,Adj Close,Name
2012-04-12,34.209999084472656,32.0,33.25,34.0,654700.0,27.25031089782715,PSX
2012-04-13,37.45000076293945,33.90999984741211,34.0,37.0,1685000.0,29.65475082397461,PSX
2012-04-16,37.0,35.9900016784668,37.0,36.54999923706055,550200.0,29.294078826904297,PSX
2012-04-17,36.75,36.0,36.400001525878906,36.0,179600.0,28.853271484375,PSX
2012-04-18,36.439998626708984,34.5,36.0,36.0,207100.0,28.853271484375,PSX
2012-04-19,37.220001220703125,35.79999923706055,36.0,36.0,598100.0,28.853271484375,PSX
2012-04-20,37.0,36.099998474121094,36.099998474121094,36.31999969482422,149700.0,29.109737396240234,PSX
2012-04-23,36.2400016784668,35.41999816894531,36.2400016784668,35.68000030517578,95700.0,28.59679412841797,PSX
2012-04-24,36.0,34.68000030517578,36.0,34.75,124500.0,27.851411819458008,PSX
2012-04-25,35.5,34.5,34.79999923706055,34.75,266200.0,27.851411819458008,PSX
2012-04-26,34.9900016784668,34.439998626708984,34.61000061035156,34.95000076293945,183900.0,28.0117130279541,PSX
2012-04-27,35.25,33.970001220703125,35.25,34.11000061035156,536000.0,27.338476181030273,PSX
2012-04-30,34.900001525878906,34.0,34.34000015258789,34.04999923706055,4105700.0,27.29038429260254,PSX
2012-05-01,34.099998474121094,32.58000183105469,33.7400016784668,32.7599983215332,6878600.0,26.256473541259766,PSX
2012-05-02,32.66999816894531,31.6299991607666,32.599998474121094,32.0,11287600.0,25.647348403930664,PSX
2012-05-03,31.979999542236328,31.049999237060547,31.93000030517578,31.389999389648438,11800000.0,25.158443450927734,PSX
2012-05-04,31.09000015258789,30.1200008392334,30.850000381469727,30.15999984741211,10881000.0,24.172626495361328,PSX
2012-05-07,30.549999237060547,29.25,30.100000381469727,29.350000381469727,12257200.0,23.523433685302734,PSX
2012-05-08,30.40999984741211,28.75,29.09000015258789,30.100000381469727,14601300.0,24.124540328979492,PSX
2012-05-09,32.88999938964844,29.729999542236328,29.809999465942383,32.4900016784668,13990000.0,26.04007911682129,PSX
2012-05-10,33.349998474121094,31.520000457763672,33.04999923706055,32.47999954223633,8862000.0,26.03205680847168,PSX
2012-05-11,32.150001525878906,31.399999618530273,31.729999542236328,31.829999923706055,4460100.0,25.511098861694336,PSX
2012-05-14,31.579999923706055,30.770000457763672,31.190000534057617,31.31999969482422,6398200.0,25.102344512939453,PSX
2012-05-15,32.31999969482422,31.059999465942383,31.350000381469727,31.670000076293945,6362800.0,25.38286018371582,PSX
2012-05-16,32.38999938964844,31.25,31.459999084472656,32.099998474121094,6118600.0,25.727493286132812,PSX
2012-05-17,32.0,31.200000762939453,31.889999389648438,31.260000228881836,5850500.0,25.05425453186035,PSX
2012-05-18,31.690000534057617,30.989999771118164,31.43000030517578,31.3799991607666,7940800.0,25.150432586669922,PSX
2012-05-21,32.34000015258789,30.950000762939453,31.229999542236328,32.189998626708984,5480100.0,25.79962921142578,PSX
2012-05-22,32.27000045776367,31.329999923706055,31.8799991607666,31.6299991607666,5415000.0,25.35080337524414,PSX
2012-05-23,31.489999771118164,30.8799991607666,31.350000381469727,31.40999984741211,5268900.0,25.174476623535156,PSX
2012-05-24,31.440000534057617,30.75,31.420000076293945,31.1299991607666,4210400.0,24.950063705444336,PSX
2012-05-25,31.40999984741211,30.829999923706055,31.010000228881836,31.299999237060547,3217900.0,25.086315155029297,PSX
2012-05-29,31.719999313354492,30.860000610351562,31.280000686645508,31.010000228881836,3979600.0,24.853885650634766,PSX
2012-05-30,30.829999923706055,30.18000030517578,30.790000915527344,30.440000534057617,6000600.0,24.39703941345215,PSX
2012-05-31,30.350000381469727,29.719999313354492,30.260000228881836,30.030000686645508,8098000.0,24.068437576293945,PSX
2012-06-01,30.170000076293945,29.3799991607666,29.5,29.920000076293945,5701700.0,23.980268478393555,PSX
2012-06-04,30.190000534057617,29.25,29.299999237060547,29.530000686645508,4844900.0,23.66769790649414,PSX
2012-06-05,30.100000381469727,29.31999969482422,29.3700008392334,29.899999618530273,4046500.0,23.964237213134766,PSX
2012-06-06,32.0,29.81999969482422,30.030000686645508,31.530000686645508,8609400.0,25.270658493041992,PSX
2012-06-07,32.75,31.739999771118164,32.06999969482422,31.829999923706055,7694300.0,25.511098861694336,PSX
2012-06-08,32.349998474121094,31.510000228881836,31.65999984741211,32.119998931884766,4302100.0,25.743528366088867,PSX
2012-06-11,33.04999923706055,32.22999954223633,32.45000076293945,32.599998474121094,5999000.0,26.128238677978516,PSX
2012-06-12,33.7400016784668,32.4900016784668,32.560001373291016,33.4900016784668,6809900.0,26.8415584564209,PSX
2012-06-13,33.4900016784668,32.540000915527344,33.27000045776367,32.77000045776367,2876200.0,26.264495849609375,PSX
2012-06-14,33.63999938964844,32.310001373291016,32.77000045776367,33.529998779296875,4460000.0,26.87360954284668,PSX
2012-06-15,34.90999984741211,33.380001068115234,33.599998474121094,34.900001525878906,9892400.0,27.971643447875977,PSX
2012-06-18,34.5,33.83000183105469,34.380001068115234,33.86000061035156,4254400.0,27.138099670410156,PSX
2012-06-19,34.529998779296875,33.72999954223633,34.060001373291016,33.86000061035156,4873500.0,27.138099670410156,PSX
2012-06-20,34.849998474121094,33.47999954223633,33.790000915527344,34.65999984741211,4628400.0,27.779285430908203,PSX
2012-06-21,34.7599983215332,33.060001373291016,34.70000076293945,33.47999954223633,3489900.0,26.833538055419922,PSX
2012-06-22,34.709999084472656,33.029998779296875,33.650001525878906,34.15999984741211,4359500.0,27.3785457611084,PSX
2012-06-25,33.689998626708984,32.7599983215332,33.689998626708984,32.869998931884766,3518600.0,26.344635009765625,PSX
2012-06-26,33.97999954223633,32.400001525878906,32.810001373291016,32.58000183105469,3274700.0,26.11220932006836,PSX
2012-06-27,33.400001525878906,31.420000076293945,32.61000061035156,31.889999389648438,3615600.0,25.559185028076172,PSX
2012-06-28,32.400001525878906,31.290000915527344,31.540000915527344,32.310001373291016,3115900.0,25.895809173583984,PSX
2012-06-29,33.380001068115234,32.650001525878906,32.779998779296875,33.2400016784668,4599500.0,26.641191482543945,PSX
2012-07-02,34.31999969482422,33.369998931884766,33.59000015258789,34.0,3868500.0,27.25031089782715,PSX
2012-07-03,34.630001068115234,33.83000183105469,34.02000045776367,34.2400016784668,3647400.0,27.44266700744629,PSX
2012-07-05,34.2400016784668,33.540000915527344,33.83000183105469,33.79999923706055,2711300.0,27.090009689331055,PSX
2012-07-06,33.68000030517578,32.91999816894531,33.400001525878906,33.369998931884766,1907800.0,26.745370864868164,PSX
2012-07-09,33.7599983215332,32.650001525878906,33.08000183105469,33.25,2264600.0,26.649200439453125,PSX
2012-07-10,33.470001220703125,32.5,33.470001220703125,32.68000030517578,2972900.0,26.192354202270508,PSX
2012-07-11,33.63999938964844,32.349998474121094,32.65999984741211,33.47999954223633,2583000.0,26.833538055419922,PSX
2012-07-12,33.189998626708984,32.54999923706055,33.150001525878906,33.0099983215332,3505600.0,26.456844329833984,PSX
2012-07-13,35.08000183105469,33.5099983215332,33.61000061035156,34.939998626708984,4801300.0,28.003698348999023,PSX
2012-07-16,36.119998931884766,34.560001373291016,34.689998626708984,36.099998474121094,4895700.0,28.933420181274414,PSX
2012-07-17,36.79999923706055,35.86000061035156,36.15999984741211,36.689998626708984,3604100.0,29.406288146972656,PSX
2012-07-18,37.66999816894531,36.59000015258789,36.650001525878906,37.099998474121094,2839200.0,29.73489761352539,PSX
2012-07-19,37.0,35.5,36.91999816894531,35.599998474121094,3758600.0,28.68732452392578,PSX
2012-07-20,35.439998626708984,34.90999984741211,35.18000030517578,35.31999969482422,3290000.0,28.461688995361328,PSX
2012-07-23,35.279998779296875,34.5,34.790000915527344,35.02000045776367,3245900.0,28.219945907592773,PSX
2012-07-24,35.41999816894531,34.61000061035156,35.25,35.22999954223633,2351600.0,28.38916778564453,PSX
2012-07-25,35.88999938964844,34.869998931884766,35.599998474121094,35.400001525878906,3551300.0,28.526159286499023,PSX
2012-07-26,36.060001373291016,35.59000015258789,35.7599983215332,35.959999084472656,2951300.0,28.97742462158203,PSX
2012-07-27,36.90999984741211,35.900001525878906,36.22999954223633,36.52000045776367,6158600.0,29.428686141967773,PSX
2012-07-30,37.650001525878906,36.83000183105469,36.86000061035156,37.650001525878906,2830300.0,30.339262008666992,PSX
2012-07-31,38.36000061035156,37.5099983215332,37.7400016784668,37.599998474121094,6958400.0,30.298980712890625,PSX
2012-08-01,40.18000030517578,37.779998779296875,39.08000183105469,38.27000045776367,6639700.0,30.83887481689453,PSX
2012-08-02,39.06999969482422,37.84000015258789,37.939998626708984,38.29999923706055,4434800.0,30.863052368164062,PSX
2012-08-03,39.849998474121094,38.599998474121094,38.599998474121094,39.66999816894531,4516000.0,31.967021942138672,PSX
2012-08-06,40.349998474121094,39.77000045776367,39.939998626708984,40.06999969482422,3405100.0,32.28934860229492,PSX
2012-08-07,40.83000183105469,39.59000015258789,40.38999938964844,39.77000045776367,4636800.0,32.04761505126953,PSX
2012-08-08,40.20000076293945,39.459999084472656,39.599998474121094,40.150001525878906,4002600.0,32.35382080078125,PSX
2012-08-09,40.599998474121094,39.880001068115234,39.900001525878906,40.31999969482422,2888200.0,32.49081039428711,PSX
2012-08-10,40.43000030517578,39.75,40.2599983215332,40.0,2107700.0,32.232948303222656,PSX
2012-08-13,40.349998474121094,39.77000045776367,39.86000061035156,40.150001525878906,2213500.0,32.35382080078125,PSX
2012-08-14,40.45000076293945,39.79999923706055,40.189998626708984,39.93000030517578,2533900.0,32.176544189453125,PSX
2012-08-15,40.65999984741211,39.93000030517578,40.540000915527344,40.36000061035156,4009400.0,32.52305221557617,PSX
2012-08-16,41.2599983215332,40.369998931884766,40.529998779296875,41.18000030517578,3862100.0,33.18382263183594,PSX
2012-08-17,42.93000030517578,41.470001220703125,41.619998931884766,42.77000045776367,5536300.0,34.465084075927734,PSX
2012-08-20,43.45000076293945,42.75,42.869998931884766,43.06999969482422,3809500.0,34.70682144165039,PSX
2012-08-21,43.380001068115234,41.4900016784668,43.380001068115234,41.54999923706055,4469400.0,33.48198318481445,PSX
2012-08-22,41.529998779296875,40.41999816894531,41.36000061035156,41.47999954223633,4384500.0,33.425559997558594,PSX
2012-08-23,41.630001068115234,41.04999923706055,41.47999954223633,41.33000183105469,1996300.0,33.30470275878906,PSX
2012-08-24,41.540000915527344,40.7400016784668,41.150001525878906,41.36000061035156,2562300.0,33.32886505126953,PSX
2012-08-27,42.38999938964844,40.970001220703125,41.43000030517578,41.06999969482422,3779200.0,33.095176696777344,PSX
2012-08-28,42.470001220703125,40.900001525878906,40.900001525878906,41.959999084472656,3770300.0,33.81235885620117,PSX
2012-08-29,42.38999938964844,41.650001525878906,41.900001525878906,41.97999954223633,2674300.0,33.8284797668457,PSX
2012-08-30,42.70000076293945,41.619998931884766,41.790000915527344,42.47999954223633,2523800.0,34.23139953613281,PSX
2012-08-31,43.0,41.099998474121094,42.70000076293945,42.0,5791200.0,33.844600677490234,PSX
2012-09-04,42.45000076293945,41.47999954223633,42.06999969482422,42.40999984741211,2620700.0,34.17498779296875,PSX
2012-09-05,42.58000183105469,41.43000030517578,42.4900016784668,41.7400016784668,2881800.0,33.63508224487305,PSX
2012-09-06,43.7400016784668,42.15999984741211,42.15999984741211,43.41999816894531,4222200.0,34.98885726928711,PSX
2012-09-07,44.310001373291016,43.36000061035156,43.47999954223633,44.2599983215332,3458100.0,35.66575622558594,PSX
2012-09-10,44.849998474121094,43.93000030517578,43.93000030517578,44.540000915527344,4417300.0,35.891395568847656,PSX
2012-09-11,46.099998474121094,44.459999084472656,44.63999938964844,45.59000015258789,6304700.0,36.737510681152344,PSX
2012-09-12,47.40999984741211,46.040000915527344,46.13999938964844,46.279998779296875,5269800.0,37.29352569580078,PSX
2012-09-13,46.849998474121094,45.369998931884766,46.29999923706055,46.63999938964844,5292000.0,37.58361053466797,PSX
2012-09-14,48.220001220703125,46.0099983215332,47.15999984741211,46.72999954223633,6718600.0,37.65615463256836,PSX
2012-09-17,46.970001220703125,46.0,46.16999816894531,46.13999938964844,4833400.0,37.18070983886719,PSX
2012-09-18,45.779998779296875,44.439998626708984,45.529998779296875,45.52000045776367,6108200.0,36.68109893798828,PSX
2012-09-19,46.599998474121094,45.5099983215332,45.529998779296875,45.56999969482422,3505400.0,36.72138977050781,PSX
2012-09-20,46.310001373291016,45.16999816894531,45.38999938964844,45.779998779296875,3233500.0,36.890621185302734,PSX
2012-09-21,47.09000015258789,46.040000915527344,46.040000915527344,46.81999969482422,5960500.0,37.72866439819336,PSX
2012-09-24,46.91999816894531,46.2599983215332,46.689998626708984,46.7400016784668,2453800.0,37.66420364379883,PSX
2012-09-25,47.29999923706055,45.959999084472656,47.0,45.97999954223633,2912200.0,37.05177307128906,PSX
2012-09-26,46.33000183105469,45.22999954223633,45.689998626708984,45.529998779296875,3626000.0,36.68915939331055,PSX
2012-09-27,46.7400016784668,45.68000030517578,45.79999923706055,46.529998779296875,3180100.0,37.49497985839844,PSX
2012-09-28,46.529998779296875,46.02000045776367,46.43000030517578,46.369998931884766,3253700.0,37.36604690551758,PSX
2012-10-01,47.02000045776367,46.2599983215332,46.599998474121094,46.560001373291016,2785500.0,37.51914596557617,PSX
2012-10-02,46.959999084472656,46.27000045776367,46.68000030517578,46.41999816894531,2911900.0,37.406333923339844,PSX
2012-10-03,46.40999984741211,45.0,46.27000045776367,45.15999984741211,5392000.0,36.390995025634766,PSX
2012-10-04,45.65999984741211,45.08000183105469,45.59000015258789,45.38999938964844,6196000.0,36.57633972167969,PSX
2012-10-05,47.68000030517578,45.7599983215332,45.869998931884766,46.02000045776367,7658200.0,37.08401107788086,PSX
2012-10-08,46.56999969482422,45.560001373291016,45.959999084472656,45.93000030517578,3414600.0,37.01148223876953,PSX
2012-10-09,46.75,46.060001373291016,46.15999984741211,46.09000015258789,3667800.0,37.14040756225586,PSX
2012-10-10,46.33000183105469,44.689998626708984,46.02000045776367,45.150001525878906,5564600.0,36.38294219970703,PSX
2012-10-11,45.650001525878906,44.56999969482422,45.380001068115234,44.599998474121094,4600600.0,36.13984680175781,PSX
2012-10-12,44.619998931884766,42.45000076293945,44.33000183105469,43.91999816894531,6634300.0,35.588836669921875,PSX
2012-10-15,44.43000030517578,43.40999984741211,43.849998474121094,44.380001068115234,2722000.0,35.96157455444336,PSX
2012-10-16,46.790000915527344,44.599998474121094,44.77000045776367,46.4900016784668,5742000.0,37.67133331298828,PSX
2012-10-17,47.220001220703125,46.310001373291016,46.54999923706055,46.650001525878906,2842000.0,37.80097579956055,PSX
2012-10-18,46.630001068115234,45.38999938964844,46.619998931884766,45.560001373291016,3402300.0,36.91774368286133,PSX
2012-10-19,46.09000015258789,44.54999923706055,45.529998779296875,44.63999938964844,3002400.0,36.17226028442383,PSX
2012-10-22,45.72999954223633,44.72999954223633,44.72999954223633,45.58000183105469,3421700.0,36.93395233154297,PSX
2012-10-23,45.08000183105469,43.93000030517578,44.90999984741211,44.91999816894531,4079100.0,36.39913558959961,PSX
2012-10-24,45.650001525878906,44.65999984741211,45.0,44.779998779296875,3478700.0,36.285709381103516,PSX
2012-10-25,45.45000076293945,44.54999923706055,45.13999938964844,45.029998779296875,2903900.0,36.488277435302734,PSX
2012-10-26,47.619998931884766,44.81999969482422,45.56999969482422,47.5,6123800.0,38.489749908447266,PSX
2012-10-31,48.400001525878906,46.63999938964844,47.81999969482422,47.15999984741211,4791200.0,38.2142448425293,PSX
2012-11-01,47.650001525878906,46.38999938964844,47.0,47.380001068115234,4291500.0,38.39251708984375,PSX
2012-11-02,48.150001525878906,46.06999969482422,48.0099983215332,46.209999084472656,2826000.0,37.44444274902344,PSX
2012-11-05,47.900001525878906,46.22999954223633,46.22999954223633,47.7599983215332,3024100.0,38.700435638427734,PSX
2012-11-06,51.0,47.86000061035156,48.0,50.040000915527344,8220800.0,40.547943115234375,PSX
2012-11-07,50.08000183105469,48.75,49.22999954223633,49.459999084472656,6708500.0,40.07796096801758,PSX
2012-11-08,49.970001220703125,48.939998626708984,49.34000015258789,49.0,3699100.0,39.70522689819336,PSX
2012-11-09,48.560001373291016,47.16999816894531,48.11000061035156,47.40999984741211,5424200.0,38.41683578491211,PSX
2012-11-12,48.11000061035156,47.279998779296875,47.43000030517578,47.349998474121094,2699200.0,38.36819839477539,PSX
2012-11-13,47.7599983215332,46.560001373291016,47.0,46.86000061035156,3129100.0,37.971153259277344,PSX
2012-11-14,47.459999084472656,45.709999084472656,47.16999816894531,45.7599983215332,3542400.0,37.079803466796875,PSX
2012-11-15,46.189998626708984,44.939998626708984,45.529998779296875,45.34000015258789,3805000.0,36.739479064941406,PSX
2012-11-16,45.91999816894531,44.95000076293945,45.560001373291016,45.77000045776367,4591900.0,37.08791732788086,PSX
2012-11-19,48.25,46.380001068115234,46.400001525878906,48.119998931884766,4339700.0,38.99213409423828,PSX
2012-11-20,49.06999969482422,47.869998931884766,48.189998626708984,49.060001373291016,3492900.0,39.75382995605469,PSX
2012-11-21,49.650001525878906,48.84000015258789,49.31999969482422,49.38999938964844,3805700.0,40.021236419677734,PSX
2012-11-23,50.0,49.40999984741211,49.58000183105469,49.81999969482422,1698700.0,40.36967086791992,PSX
2012-11-26,49.97999954223633,49.06999969482422,49.54999923706055,49.560001373291016,2943300.0,40.158992767333984,PSX
2012-11-27,50.41999816894531,49.0099983215332,49.5099983215332,50.060001373291016,4638900.0,40.56414794921875,PSX
2012-11-28,51.27000045776367,49.25,49.65999984741211,51.0,5404800.0,41.325836181640625,PSX
2012-11-29,51.65999984741211,50.83000183105469,51.20000076293945,51.560001373291016,3951100.0,41.77961349487305,PSX
2012-11-30,52.529998779296875,51.45000076293945,51.68000030517578,52.369998931884766,5323100.0,42.43595886230469,PSX
2012-12-03,52.7599983215332,51.02000045776367,52.650001525878906,51.560001373291016,5670000.0,41.77961349487305,PSX
2012-12-04,52.2400016784668,51.47999954223633,51.47999954223633,51.560001373291016,3726600.0,41.77961349487305,PSX
2012-12-05,51.95000076293945,50.27000045776367,51.45000076293945,50.689998626708984,3332400.0,41.07463836669922,PSX
2012-12-06,51.209999084472656,50.29999923706055,50.689998626708984,50.970001220703125,3405700.0,41.3015251159668,PSX
2012-12-07,52.75,51.060001373291016,51.189998626708984,52.34000015258789,4854900.0,42.41164779663086,PSX
2012-12-10,54.31999969482422,52.20000076293945,52.209999084472656,53.58000183105469,7741300.0,43.416439056396484,PSX
2012-12-11,53.91999816894531,52.72999954223633,53.720001220703125,53.040000915527344,5205500.0,42.9788818359375,PSX
2012-12-12,53.5,52.939998626708984,53.33000183105469,53.04999923706055,8427100.0,42.98696517944336,PSX
2012-12-13,52.599998474121094,51.2400016784668,52.599998474121094,52.209999084472656,7136600.0,42.30630874633789,PSX
2012-12-14,53.540000915527344,51.79999923706055,52.0,53.470001220703125,5120800.0,43.32730484008789,PSX
2012-12-17,53.86000061035156,53.18000030517578,53.560001373291016,53.52000045776367,4292300.0,43.36781692504883,PSX
2012-12-18,53.70000076293945,53.0,53.439998626708984,53.16999816894531,3922800.0,43.08420181274414,PSX
2012-12-19,53.380001068115234,51.84000015258789,53.279998779296875,52.5,6409900.0,42.541297912597656,PSX
2012-12-20,52.720001220703125,51.70000076293945,52.58000183105469,52.41999816894531,4391700.0,42.47647476196289,PSX
2012-12-21,52.380001068115234,51.33000183105469,51.709999084472656,52.15999984741211,5053600.0,42.26578903198242,PSX
2012-12-24,52.400001525878906,51.900001525878906,52.220001220703125,51.970001220703125,975200.0,42.11184310913086,PSX
2012-12-26,52.619998931884766,51.31999969482422,52.15999984741211,51.36000061035156,2322700.0,41.61754608154297,PSX
2012-12-27,51.709999084472656,50.400001525878906,51.5,51.560001373291016,2885400.0,41.77961349487305,PSX
2012-12-28,51.5,50.52000045776367,51.060001373291016,50.56999969482422,2999100.0,40.9774055480957,PSX
2012-12-31,53.220001220703125,50.400001525878906,50.400001525878906,53.099998474121094,4233600.0,43.02748489379883,PSX
2013-01-02,55.310001373291016,53.22999954223633,54.25,55.2599983215332,5229900.0,44.77775573730469,PSX
2013-01-03,55.16999816894531,52.869998931884766,55.029998779296875,53.189998626708984,5291900.0,43.10041427612305,PSX
2013-01-04,53.68000030517578,52.290000915527344,53.119998931884766,53.13999938964844,4161100.0,43.059906005859375,PSX
2013-01-07,52.47999954223633,50.77000045776367,52.47999954223633,51.36000061035156,6884000.0,41.61754608154297,PSX
2013-01-08,51.779998779296875,51.08000183105469,51.20000076293945,51.59000015258789,3575600.0,41.80392074584961,PSX
2013-01-09,52.150001525878906,51.02000045776367,51.560001373291016,51.31999969482422,4429800.0,41.58513641357422,PSX
2013-01-10,51.84000015258789,51.220001220703125,51.63999938964844,51.5099983215332,3403400.0,41.739097595214844,PSX
2013-01-11,51.70000076293945,50.36000061035156,51.279998779296875,50.58000183105469,4615800.0,40.98550033569336,PSX
2013-01-14,51.41999816894531,50.119998931884766,50.66999816894531,51.349998474121094,5000100.0,41.609439849853516,PSX
2013-01-15,52.33000183105469,51.20000076293945,51.349998474121094,52.2400016784668,4499600.0,42.330623626708984,PSX
2013-01-16,54.54999923706055,52.06999969482422,52.130001068115234,54.52000045776367,8024800.0,44.178123474121094,PSX
2013-01-17,55.83000183105469,54.189998626708984,54.97999954223633,55.150001525878906,5976600.0,44.688629150390625,PSX
2013-01-18,55.7400016784668,54.58000183105469,55.209999084472656,55.06999969482422,5998800.0,44.62379455566406,PSX
2013-01-22,55.2400016784668,53.91999816894531,55.2400016784668,54.61000061035156,4462000.0,44.25105285644531,PSX
2013-01-23,56.189998626708984,54.20000076293945,54.720001220703125,55.52000045776367,4293900.0,44.988441467285156,PSX
2013-01-24,56.95000076293945,55.369998931884766,55.5,56.119998931884766,4702100.0,45.4746208190918,PSX
2013-01-25,56.88999938964844,56.11000061035156,56.5,56.810001373291016,3612300.0,46.03374481201172,PSX
2013-01-28,57.68000030517578,56.5,57.09000015258789,57.09000015258789,4055400.0,46.2606201171875,PSX
2013-01-29,60.45000076293945,57.959999084472656,58.0,59.880001068115234,8446300.0,48.521392822265625,PSX
2013-01-30,62.90999984741211,60.650001525878906,62.380001068115234,60.7599983215332,7922300.0,49.234466552734375,PSX
2013-01-31,61.04999923706055,59.90999984741211,60.369998931884766,60.56999969482422,5450400.0,49.08050537109375,PSX
2013-02-01,63.25,61.220001220703125,62.0,62.75,4709200.0,50.84699249267578,PSX
2013-02-04,62.25,61.15999984741211,62.130001068115234,61.220001220703125,3796500.0,49.60721206665039,PSX
2013-02-05,61.97999954223633,60.97999954223633,61.720001220703125,61.0099983215332,4578900.0,49.437042236328125,PSX
2013-02-06,62.5,60.709999084472656,60.790000915527344,61.720001220703125,5068700.0,50.01236343383789,PSX
2013-02-07,63.34000015258789,61.0,61.880001068115234,63.2599983215332,4392600.0,51.260250091552734,PSX
2013-02-08,65.23999786376953,63.220001220703125,63.40999984741211,64.0199966430664,4745800.0,51.87607192993164,PSX
2013-02-11,64.66000366210938,63.720001220703125,64.0,64.18000030517578,3097900.0,52.0057373046875,PSX
2013-02-12,64.77999877929688,63.779998779296875,64.62000274658203,64.43000030517578,3702400.0,52.208309173583984,PSX
2013-02-13,64.5,63.849998474121094,64.5,64.11000061035156,2777100.0,51.94901657104492,PSX
2013-02-14,64.91999816894531,63.75,63.77000045776367,64.83000183105469,3560000.0,52.53243637084961,PSX
2013-02-15,65.37999725341797,63.529998779296875,64.55000305175781,64.16999816894531,3787800.0,51.997623443603516,PSX
2013-02-19,64.87999725341797,63.65999984741211,63.66999816894531,64.76000213623047,3091700.0,52.73250961303711,PSX
2013-02-20,64.94999694824219,62.540000915527344,64.75,62.63999938964844,4847000.0,51.00624465942383,PSX
2013-02-21,62.91999816894531,61.220001220703125,62.31999969482422,62.290000915527344,5032600.0,50.72124481201172,PSX
2013-02-22,64.12000274658203,62.5099983215332,62.779998779296875,64.11000061035156,3049300.0,52.20322799682617,PSX
2013-02-25,64.73999786376953,61.310001373291016,64.48999786376953,61.34000015258789,4294800.0,49.94768524169922,PSX
2013-02-26,61.689998626708984,59.939998626708984,61.47999954223633,61.22999954223633,4346900.0,49.858116149902344,PSX
2013-02-27,63.119998931884766,61.0,61.29999923706055,62.9900016784668,2581500.0,51.29124450683594,PSX
2013-02-28,64.2699966430664,62.0,62.86000061035156,62.959999084472656,4226400.0,51.26681137084961,PSX
2013-03-01,63.93000030517578,62.189998626708984,62.709999084472656,63.900001525878906,3150000.0,52.032230377197266,PSX
2013-03-04,65.73999786376953,63.540000915527344,63.84000015258789,65.68000030517578,3758500.0,53.48164749145508,PSX
2013-03-05,66.05000305175781,64.5199966430664,66.04000091552734,65.7699966430664,3920300.0,53.554927825927734,PSX
2013-03-06,66.97000122070312,65.4000015258789,66.0,66.05000305175781,2929700.0,53.78293228149414,PSX
2013-03-07,66.12000274658203,64.79000091552734,65.88999938964844,65.87000274658203,3429800.0,53.63636016845703,PSX
2013-03-08,66.27999877929688,65.5999984741211,66.08000183105469,66.02999877929688,4045300.0,53.76665115356445,PSX
2013-03-11,66.08000183105469,63.939998626708984,65.9000015258789,65.69000244140625,4966800.0,53.48979187011719,PSX
2013-03-12,66.4000015258789,65.20999908447266,65.66000366210938,66.22000122070312,4134600.0,53.921356201171875,PSX
2013-03-13,66.04000091552734,64.19999694824219,65.87999725341797,64.55000305175781,4784800.0,52.5615234375,PSX
2013-03-14,65.44999694824219,64.29000091552734,64.95999908447266,64.94999694824219,3832700.0,52.88722229003906,PSX
2013-03-15,65.23999786376953,64.11000061035156,64.48999786376953,64.1500015258789,5979000.0,52.23579788208008,PSX
2013-03-18,65.29000091552734,63.0099983215332,63.31999969482422,65.02999877929688,3643900.0,52.95235824584961,PSX
2013-03-19,66.3499984741211,64.66000366210938,64.87999725341797,65.41000366210938,4124400.0,53.26178741455078,PSX
2013-03-20,68.44000244140625,65.94999694824219,66.0,67.54000091552734,5087500.0,54.99620056152344,PSX
2013-03-21,67.83999633789062,66.11000061035156,67.0,66.81999969482422,3394800.0,54.40992736816406,PSX
2013-03-22,67.79000091552734,66.83999633789062,66.97000122070312,67.55000305175781,2650400.0,55.00435256958008,PSX
2013-03-25,68.69999694824219,66.6500015258789,67.94000244140625,66.86000061035156,3905300.0,54.44248580932617,PSX
2013-03-26,67.41000366210938,66.37000274658203,66.9800033569336,67.23999786376953,3243600.0,54.75191879272461,PSX
2013-03-27,68.29000091552734,66.45999908447266,67.12999725341797,68.2699966430664,3920600.0,55.59061050415039,PSX
2013-03-28,70.5199966430664,67.95999908447266,68.37999725341797,69.97000122070312,6211100.0,56.97489929199219,PSX
2013-04-01,70.19000244140625,68.7300033569336,70.0,69.36000061035156,3015200.0,56.478179931640625,PSX
2013-04-02,70.19999694824219,66.70999908447266,70.16999816894531,66.83999633789062,5679900.0,54.42620086669922,PSX
2013-04-03,66.87999725341797,61.470001220703125,66.83999633789062,62.459999084472656,14028500.0,50.85967254638672,PSX
2013-04-04,63.95000076293945,61.939998626708984,62.56999969482422,62.38999938964844,6139100.0,50.80268478393555,PSX
2013-04-05,62.970001220703125,60.20000076293945,61.2599983215332,62.310001373291016,5289600.0,50.7375373840332,PSX
2013-04-08,63.79999923706055,61.900001525878906,62.290000915527344,63.619998931884766,3969300.0,51.804237365722656,PSX
2013-04-09,65.2300033569336,62.86000061035156,63.95000076293945,64.66000366210938,4291500.0,52.651084899902344,PSX
2013-04-10,65.20999908447266,63.04999923706055,64.77999877929688,63.86000061035156,6005500.0,51.999664306640625,PSX
2013-04-11,63.86000061035156,61.810001373291016,63.810001373291016,62.0099983215332,6204800.0,50.493247985839844,PSX
2013-04-12,61.7400016784668,59.06999969482422,61.369998931884766,60.66999816894531,8305100.0,49.40211868286133,PSX
2013-04-15,59.9900016784668,57.08000183105469,59.18000030517578,57.52000045776367,7897200.0,46.837162017822266,PSX
2013-04-16,59.31999969482422,57.77000045776367,58.150001525878906,59.279998779296875,5644000.0,48.27027130126953,PSX
2013-04-17,58.790000915527344,57.15999984741211,58.54999923706055,57.9900016784668,4602100.0,47.21986770629883,PSX
2013-04-18,58.540000915527344,56.130001068115234,57.91999816894531,57.22999954223633,4270200.0,46.60101318359375,PSX
2013-04-19,58.13999938964844,56.459999084472656,58.13999938964844,57.84000015258789,5045100.0,47.09772872924805,PSX
2013-04-22,60.34000015258789,58.06999969482422,58.119998931884766,59.43000030517578,3659300.0,48.39242172241211,PSX
2013-04-23,61.41999816894531,59.36000061035156,59.59000015258789,61.150001525878906,5318500.0,49.79297637939453,PSX
2013-04-24,63.04999923706055,61.310001373291016,61.40999984741211,61.81999969482422,4771700.0,50.338539123535156,PSX
2013-04-25,63.09000015258789,61.779998779296875,62.040000915527344,61.900001525878906,4384100.0,50.403682708740234,PSX
2013-04-26,62.08000183105469,61.13999938964844,61.849998474121094,61.599998474121094,3034700.0,50.159393310546875,PSX
2013-04-29,62.29999923706055,61.47999954223633,61.970001220703125,61.79999923706055,3444900.0,50.32225036621094,PSX
2013-04-30,62.20000076293945,60.02000045776367,61.93000030517578,60.95000076293945,5457000.0,49.630123138427734,PSX
2013-05-01,61.939998626708984,59.54999923706055,61.11000061035156,59.66999816894531,5678600.0,48.58784484863281,PSX
2013-05-02,60.68000030517578,59.15999984741211,60.06999969482422,60.29999923706055,4212400.0,49.10083770751953,PSX
2013-05-03,62.65999984741211,60.4900016784668,60.79999923706055,62.18000030517578,4548900.0,50.631675720214844,PSX
2013-05-06,64.23999786376953,62.31999969482422,62.4900016784668,63.869998931884766,3682400.0,52.0078010559082,PSX
2013-05-07,65.33999633789062,64.0199966430664,64.25,64.4800033569336,4676600.0,52.5045166015625,PSX
2013-05-08,64.47000122070312,62.849998474121094,64.2300033569336,63.40999984741211,3664300.0,51.633235931396484,PSX
2013-05-09,63.27000045776367,61.880001068115234,63.22999954223633,62.130001068115234,3436900.0,50.590965270996094,PSX
2013-05-10,62.20000076293945,61.0,61.72999954223633,61.380001068115234,5059200.0,49.98025894165039,PSX
2013-05-13,62.279998779296875,60.38999938964844,61.130001068115234,61.970001220703125,3829500.0,50.46068572998047,PSX
2013-05-14,64.18000030517578,62.0,62.060001373291016,64.08000183105469,6212800.0,52.178802490234375,PSX
2013-05-15,65.4800033569336,63.72999954223633,63.72999954223633,64.94999694824219,5621700.0,52.88722229003906,PSX
2013-05-16,65.41000366210938,63.720001220703125,64.70999908447266,63.84000015258789,3994700.0,52.23469161987305,PSX
2013-05-17,65.91999816894531,64.18000030517578,64.19999694824219,65.45999908447266,5521600.0,53.56019592285156,PSX
2013-05-20,66.8499984741211,65.31999969482422,65.31999969482422,65.95999908447266,4531600.0,53.969295501708984,PSX
2013-05-21,66.70999908447266,64.88999938964844,66.0999984741211,65.41999816894531,4505200.0,53.5274772644043,PSX
2013-05-22,66.62000274658203,64.80000305175781,65.30000305175781,65.38999938964844,4482700.0,53.50292205810547,PSX
2013-05-23,65.55999755859375,63.900001525878906,64.44000244140625,65.25,2380300.0,53.38837814331055,PSX
2013-05-24,65.5,63.79999923706055,64.7699966430664,65.47000122070312,2518400.0,53.56837844848633,PSX
2013-05-28,66.9800033569336,65.91999816894531,66.38999938964844,66.5199966430664,2792000.0,54.42750549316406,PSX
2013-05-29,67.33999633789062,65.6500015258789,66.20999908447266,66.83999633789062,3135200.0,54.689334869384766,PSX
2013-05-30,67.11000061035156,65.68000030517578,66.3499984741211,66.7699966430664,2896400.0,54.63206481933594,PSX
2013-05-31,67.88999938964844,66.27999877929688,66.63999938964844,66.56999969482422,3506400.0,54.46842575073242,PSX
2013-06-03,67.08999633789062,64.27999877929688,67.04000091552734,66.08000183105469,4022900.0,54.06749725341797,PSX
2013-06-04,66.18000030517578,64.30000305175781,65.80000305175781,65.18000030517578,2890200.0,53.33110046386719,PSX
2013-06-05,65.3499984741211,63.529998779296875,64.94000244140625,63.61000061035156,3064900.0,52.04651641845703,PSX
2013-06-06,65.1500015258789,63.349998474121094,63.68000030517578,65.0,2637300.0,53.1838264465332,PSX
2013-06-07,66.19999694824219,65.18000030517578,65.44000244140625,65.87000274658203,2774600.0,53.89567184448242,PSX
2013-06-10,66.38999938964844,65.01000213623047,65.93000030517578,65.11000061035156,2372500.0,53.273826599121094,PSX
2013-06-11,64.7300033569336,63.70000076293945,64.05000305175781,63.959999084472656,3202200.0,52.332889556884766,PSX
2013-06-12,65.20999908447266,63.18000030517578,64.87999725341797,63.310001373291016,3967600.0,51.80104446411133,PSX
2013-06-13,64.81999969482422,62.369998931884766,63.09000015258789,64.51000213623047,3336300.0,52.782901763916016,PSX
2013-06-14,64.97000122070312,63.77000045776367,64.70999908447266,63.810001373291016,1833900.0,52.210147857666016,PSX
2013-06-17,64.69000244140625,63.97999954223633,64.19999694824219,64.26000213623047,3341200.0,52.57835006713867,PSX
2013-06-18,65.0,64.25,64.4800033569336,64.38999938964844,2336900.0,52.68471908569336,PSX
2013-06-19,64.87000274658203,63.5099983215332,64.2699966430664,63.630001068115234,3341500.0,52.0628776550293,PSX
2013-06-20,62.689998626708984,60.060001373291016,62.58000183105469,60.38999938964844,5087000.0,49.41185760498047,PSX
2013-06-21,61.22999954223633,58.060001373291016,61.02000045776367,59.25,6354700.0,48.47909164428711,PSX
2013-06-24,58.77000045776367,56.84000015258789,58.459999084472656,57.189998626708984,4938400.0,46.793575286865234,PSX
2013-06-25,59.709999084472656,58.290000915527344,58.290000915527344,59.40999984741211,3453600.0,48.610023498535156,PSX
2013-06-26,60.959999084472656,59.560001373291016,60.099998474121094,59.720001220703125,2706600.0,48.86366271972656,PSX
2013-06-27,60.40999984741211,58.45000076293945,60.31999969482422,59.220001220703125,3883300.0,48.454559326171875,PSX
2013-06-28,59.75,58.77000045776367,59.13999938964844,58.90999984741211,3573800.0,48.200904846191406,PSX
2013-07-01,60.2400016784668,58.66999816894531,59.2400016784668,58.900001525878906,3486700.0,48.192726135253906,PSX
2013-07-02,59.209999084472656,56.61000061035156,58.849998474121094,57.08000183105469,4998500.0,46.703582763671875,PSX
2013-07-03,57.709999084472656,54.79999923706055,56.75,57.68000030517578,6190900.0,47.194515228271484,PSX
2013-07-05,57.88999938964844,55.40999984741211,57.84000015258789,57.2400016784668,3653200.0,46.83448791503906,PSX
2013-07-08,59.16999816894531,57.63999938964844,57.709999084472656,58.75,3067800.0,48.06999206542969,PSX
2013-07-09,59.369998931884766,58.40999984741211,59.02000045776367,58.5099983215332,3271200.0,47.87361526489258,PSX
2013-07-10,58.630001068115234,55.939998626708984,58.40999984741211,56.09000015258789,5874000.0,45.89354705810547,PSX
2013-07-11,57.900001525878906,56.02000045776367,57.04999923706055,57.7599983215332,5355200.0,47.25997543334961,PSX
2013-07-12,59.63999938964844,56.900001525878906,56.900001525878906,59.09000015258789,6108800.0,48.34818649291992,PSX
2013-07-15,59.849998474121094,58.779998779296875,59.45000076293945,59.22999954223633,4202400.0,48.46273422241211,PSX
2013-07-16,59.41999816894531,57.150001525878906,59.209999084472656,57.63999938964844,6289800.0,47.16178512573242,PSX
2013-07-17,58.41999816894531,57.099998474121094,57.81999969482422,58.040000915527344,3527400.0,47.48906326293945,PSX
2013-07-18,58.279998779296875,56.709999084472656,58.189998626708984,56.91999816894531,4328100.0,46.572669982910156,PSX
2013-07-19,57.83000183105469,56.720001220703125,57.439998626708984,57.4900016784668,3960500.0,47.03904724121094,PSX
2013-07-22,58.45000076293945,57.18000030517578,57.880001068115234,57.959999084472656,4093500.0,47.42361068725586,PSX
2013-07-23,59.709999084472656,58.349998474121094,58.470001220703125,59.4900016784668,3938200.0,48.67547607421875,PSX
2013-07-24,59.650001525878906,57.70000076293945,59.650001525878906,58.84000015258789,4041900.0,48.14362716674805,PSX
2013-07-25,59.70000076293945,58.2400016784668,58.68000030517578,59.41999816894531,4551000.0,48.61819839477539,PSX
2013-07-26,59.84000015258789,58.709999084472656,59.25,59.0,2603600.0,48.27455139160156,PSX
2013-07-29,59.290000915527344,58.56999969482422,59.0,58.959999084472656,852400.0,48.2418212890625,PSX
2013-07-30,59.25,57.90999984741211,59.04999923706055,58.470001220703125,4076700.0,47.840904235839844,PSX
2013-07-31,61.970001220703125,57.130001068115234,57.31999969482422,61.5,8186700.0,50.3200798034668,PSX
2013-08-01,61.90999984741211,60.31999969482422,61.869998931884766,60.52000045776367,3918500.0,49.51823043823242,PSX
2013-08-02,60.130001068115234,58.06999969482422,60.130001068115234,58.40999984741211,5612800.0,47.791805267333984,PSX
2013-08-05,58.29999923706055,57.29999923706055,58.279998779296875,57.79999923706055,4125100.0,47.29269790649414,PSX
2013-08-06,59.150001525878906,57.63999938964844,57.63999938964844,58.310001373291016,4863300.0,47.709983825683594,PSX
2013-08-07,58.689998626708984,57.560001373291016,58.2400016784668,57.959999084472656,3824100.0,47.42361068725586,PSX
2013-08-08,59.36000061035156,57.900001525878906,58.02000045776367,59.0,3254800.0,48.27455139160156,PSX
2013-08-09,59.310001373291016,58.56999969482422,59.0,58.91999816894531,3178500.0,48.20908737182617,PSX
2013-08-12,58.97999954223633,57.720001220703125,58.439998626708984,58.16999816894531,3295100.0,47.59543228149414,PSX
2013-08-13,59.189998626708984,58.0,58.38999938964844,59.09000015258789,3180300.0,48.34818649291992,PSX
2013-08-14,59.18000030517578,58.380001068115234,59.0,58.790000915527344,2358500.0,48.358463287353516,PSX
2013-08-15,58.43000030517578,57.040000915527344,58.27000045776367,57.150001525878906,3495300.0,47.00946807861328,PSX
2013-08-16,56.9900016784668,56.06999969482422,56.88999938964844,56.29999923706055,3478700.0,46.31029510498047,PSX
2013-08-19,56.849998474121094,55.25,56.279998779296875,55.34000015258789,3212100.0,45.520626068115234,PSX
2013-08-20,57.689998626708984,54.900001525878906,55.22999954223633,57.0099983215332,3870800.0,46.894309997558594,PSX
2013-08-21,58.4900016784668,56.29999923706055,56.72999954223633,57.95000076293945,3784200.0,47.667510986328125,PSX
2013-08-22,58.869998931884766,57.52000045776367,57.97999954223633,58.11000061035156,3009300.0,47.799129486083984,PSX
2013-08-23,59.2400016784668,57.939998626708984,58.45000076293945,58.11000061035156,2951800.0,47.799129486083984,PSX
2013-08-26,59.09000015258789,57.880001068115234,58.16999816894531,58.130001068115234,2843800.0,47.815582275390625,PSX
2013-08-27,58.0,57.09000015258789,57.709999084472656,57.099998474121094,2979300.0,46.96833801269531,PSX
2013-08-28,58.29999923706055,57.20000076293945,57.20000076293945,58.029998779296875,2220300.0,47.73331832885742,PSX
2013-08-29,58.470001220703125,57.380001068115234,57.869998931884766,57.720001220703125,2119000.0,47.478336334228516,PSX
2013-08-30,58.5,56.95000076293945,57.95000076293945,57.099998474121094,2661100.0,46.96833801269531,PSX
2013-09-03,58.439998626708984,57.33000183105469,57.7599983215332,58.11000061035156,3045700.0,47.799129486083984,PSX
2013-09-04,59.31999969482422,57.58000183105469,57.91999816894531,59.029998779296875,4079400.0,48.55588912963867,PSX
2013-09-05,59.099998474121094,57.790000915527344,58.68000030517578,57.79999923706055,3849800.0,47.544132232666016,PSX
2013-09-06,58.11000061035156,56.900001525878906,57.90999984741211,57.41999816894531,2800400.0,47.23155975341797,PSX
2013-09-09,57.91999816894531,57.02000045776367,57.06999969482422,57.470001220703125,3102600.0,47.272682189941406,PSX
2013-09-10,57.439998626708984,56.68000030517578,57.439998626708984,56.790000915527344,3476500.0,46.71334457397461,PSX
2013-09-11,57.029998779296875,56.060001373291016,56.83000183105469,56.93000030517578,2597300.0,46.82849884033203,PSX
2013-09-12,57.34000015258789,56.33000183105469,56.9900016784668,56.45000076293945,2662700.0,46.43367385864258,PSX
2013-09-13,57.72999954223633,56.56999969482422,56.63999938964844,57.130001068115234,2420800.0,46.993019104003906,PSX
2013-09-16,57.70000076293945,56.709999084472656,57.619998931884766,56.83000183105469,2521900.0,46.746246337890625,PSX
2013-09-17,56.79999923706055,55.810001373291016,56.709999084472656,56.04999923706055,3885000.0,46.10464859008789,PSX
2013-09-18,57.5,56.02000045776367,56.04999923706055,57.25,3873300.0,47.09172058105469,PSX
2013-09-19,59.209999084472656,57.900001525878906,58.34000015258789,58.150001525878906,4667700.0,47.83203125,PSX
2013-09-20,59.29999923706055,57.689998626708984,58.209999084472656,57.93000030517578,4944400.0,47.65106964111328,PSX
2013-09-23,57.72999954223633,56.900001525878906,57.72999954223633,57.40999984741211,3067700.0,47.22333908081055,PSX
2013-09-24,58.54999923706055,57.029998779296875,57.2400016784668,57.77000045776367,3430500.0,47.519466400146484,PSX
2013-09-25,58.54999923706055,57.529998779296875,57.81999969482422,58.04999923706055,3049500.0,47.74977493286133,PSX
2013-09-26,59.0,58.0099983215332,58.0099983215332,58.47999954223633,2709400.0,48.10346984863281,PSX
2013-09-27,58.869998931884766,58.099998474121094,58.099998474121094,58.529998779296875,3027700.0,48.14460754394531,PSX
2013-09-30,58.09000015258789,56.880001068115234,58.0099983215332,57.81999969482422,4407300.0,47.56058120727539,PSX
2013-10-01,58.220001220703125,57.189998626708984,57.650001525878906,57.900001525878906,2600600.0,47.62638473510742,PSX
2013-10-02,59.310001373291016,57.33000183105469,57.59000015258789,59.18000030517578,4150400.0,48.67926788330078,PSX
2013-10-03,59.83000183105469,58.599998474121094,58.86000061035156,59.560001373291016,4244400.0,48.991844177246094,PSX
2013-10-04,59.349998474121094,58.38999938964844,59.0,59.16999816894531,3550700.0,48.671051025390625,PSX
2013-10-07,58.900001525878906,57.900001525878906,58.7599983215332,57.900001525878906,3345300.0,47.62638473510742,PSX
2013-10-08,58.09000015258789,56.5,57.91999816894531,56.88999938964844,4211400.0,46.79559326171875,PSX
2013-10-09,57.279998779296875,56.5099983215332,56.81999969482422,56.900001525878906,3466300.0,46.80382537841797,PSX
2013-10-10,58.790000915527344,57.619998931884766,57.66999816894531,58.56999969482422,4396700.0,48.17750930786133,PSX
2013-10-11,60.810001373291016,58.470001220703125,58.54999923706055,59.93000030517578,5680300.0,49.29619598388672,PSX
2013-10-14,60.720001220703125,59.25,59.56999969482422,60.47999954223633,2891900.0,49.74860382080078,PSX
2013-10-15,60.849998474121094,59.34000015258789,60.38999938964844,59.5,3602600.0,48.94248580932617,PSX
2013-10-16,60.75,59.86000061035156,60.02000045776367,60.72999954223633,2993300.0,49.95424270629883,PSX
2013-10-17,62.38999938964844,60.5,60.56999969482422,62.220001220703125,3405000.0,51.179866790771484,PSX
2013-10-18,63.5,62.25,62.5099983215332,63.47999954223633,3813800.0,52.21628189086914,PSX
2013-10-21,64.19000244140625,63.4900016784668,63.77000045776367,63.90999984741211,2985500.0,52.569976806640625,PSX
2013-10-22,65.23999786376953,64.16000366210938,64.33999633789062,64.87999725341797,4264700.0,53.36787033081055,PSX
2013-10-23,65.4000015258789,64.33000183105469,64.37000274658203,64.66000366210938,4215000.0,53.18691635131836,PSX
2013-10-24,64.5999984741211,62.70000076293945,64.54000091552734,63.22999954223633,4248900.0,52.010650634765625,PSX
2013-10-25,63.720001220703125,62.75,63.31999969482422,63.400001525878906,2206800.0,52.150489807128906,PSX
2013-10-28,64.41999816894531,63.13999938964844,63.77000045776367,63.279998779296875,3067700.0,52.05177307128906,PSX
2013-10-29,64.31999969482422,63.22999954223633,63.38999938964844,64.13999938964844,3213300.0,52.75918197631836,PSX
2013-10-30,65.63999938964844,63.04999923706055,64.0999984741211,65.2300033569336,4687500.0,53.65578079223633,PSX
2013-10-31,65.52999877929688,64.41000366210938,64.9800033569336,64.43000030517578,3786300.0,52.99773025512695,PSX
2013-11-01,64.83000183105469,63.290000915527344,64.47000122070312,64.12999725341797,2746900.0,52.75095748901367,PSX
2013-11-04,64.54000091552734,63.38999938964844,64.27999877929688,64.44000244140625,2728600.0,53.005958557128906,PSX
2013-11-05,64.80999755859375,63.619998931884766,64.25,64.2699966430664,3184100.0,52.86610794067383,PSX
2013-11-06,65.55999755859375,64.1500015258789,64.75,64.36000061035156,2979500.0,52.940147399902344,PSX
2013-11-07,64.86000061035156,63.619998931884766,64.27999877929688,63.84000015258789,3084200.0,52.512413024902344,PSX
2013-11-08,65.38999938964844,63.65999984741211,63.91999816894531,65.36000061035156,3252600.0,53.76270294189453,PSX
2013-11-11,65.58000183105469,64.79000091552734,65.1500015258789,65.48999786376953,2437700.0,53.8696403503418,PSX
2013-11-12,66.2300033569336,64.83000183105469,64.93000030517578,65.41000366210938,3229900.0,54.126163482666016,PSX
2013-11-13,66.05999755859375,64.52999877929688,65.27999877929688,66.05000305175781,3427000.0,54.65576171875,PSX
2013-11-14,68.36000061035156,66.2300033569336,66.23999786376953,67.55999755859375,4088500.0,55.905269622802734,PSX
2013-11-15,67.62000274658203,66.5199966430664,67.30000305175781,67.0999984741211,4106300.0,55.52462387084961,PSX
2013-11-18,68.05000305175781,67.05000305175781,67.62000274658203,67.20999908447266,2723300.0,55.615638732910156,PSX
2013-11-19,68.54000091552734,66.91999816894531,67.13999938964844,67.7699966430664,3246100.0,56.079044342041016,PSX
2013-11-20,68.38999938964844,66.80000305175781,68.22000122070312,67.02999877929688,2923500.0,55.466697692871094,PSX
2013-11-21,67.63999938964844,65.83999633789062,67.05999755859375,67.5,2933400.0,55.855613708496094,PSX
2013-11-22,68.80000305175781,67.54000091552734,67.8499984741211,68.4800033569336,3108000.0,56.66656494140625,PSX
2013-11-25,69.3499984741211,68.12999725341797,68.4800033569336,68.63999938964844,2808300.0,56.79895782470703,PSX
2013-11-26,69.2300033569336,68.12999725341797,68.79000091552734,68.75,3094400.0,56.88997268676758,PSX
2013-11-27,71.0,68.4000015258789,68.5999984741211,70.12000274658203,4526400.0,58.02363204956055,PSX
2013-11-29,70.72000122070312,69.41000366210938,70.02999877929688,69.61000061035156,1688100.0,57.60163497924805,PSX
2013-12-02,71.75,69.66999816894531,70.0,71.36000061035156,3900900.0,59.04973220825195,PSX
2013-12-03,71.2699966430664,69.54000091552734,71.05999755859375,70.5999984741211,4299300.0,58.42083740234375,PSX
2013-12-04,70.4800033569336,68.33000183105469,69.69999694824219,69.58999633789062,5377100.0,57.58507537841797,PSX
2013-12-05,70.5,69.16999816894531,69.81999969482422,69.7300033569336,3978800.0,57.700923919677734,PSX
2013-12-06,72.5,70.0,70.33000183105469,71.23999786376953,5174200.0,58.9504280090332,PSX
2013-12-09,73.16999816894531,71.69999694824219,72.30000305175781,71.83000183105469,4297300.0,59.43864059448242,PSX
2013-12-10,72.44000244140625,69.54000091552734,71.25,71.61000061035156,4233700.0,59.256591796875,PSX
2013-12-11,71.69000244140625,70.29000091552734,71.63999938964844,70.8499984741211,3890300.0,58.62771224975586,PSX
2013-12-12,71.69000244140625,70.44000244140625,70.80000305175781,71.22000122070312,2773000.0,58.93388366699219,PSX
2013-12-13,72.0199966430664,70.56999969482422,71.25,71.5999984741211,2711400.0,59.24833297729492,PSX
2013-12-16,73.26000213623047,71.52999877929688,71.68000030517578,72.61000061035156,2741600.0,60.084083557128906,PSX
2013-12-17,73.2699966430664,72.25,72.61000061035156,72.5999984741211,2438200.0,60.07581329345703,PSX
2013-12-18,74.12000274658203,72.20999908447266,72.55999755859375,73.9800033569336,3960900.0,61.217769622802734,PSX
2013-12-19,74.38999938964844,72.69999694824219,73.55000305175781,72.91999816894531,3505000.0,60.34060287475586,PSX
2013-12-20,74.52999877929688,73.05000305175781,73.19999694824219,74.02999877929688,4906800.0,61.25912857055664,PSX
2013-12-23,75.38999938964844,74.27999877929688,74.5,74.41000366210938,2556800.0,61.573585510253906,PSX
2013-12-24,74.97000122070312,74.29000091552734,74.73999786376953,74.73999786376953,1065000.0,61.846649169921875,PSX
2013-12-26,75.29000091552734,74.68000030517578,75.0,75.12000274658203,1187000.0,62.16109848022461,PSX
2013-12-27,75.18000030517578,74.19000244140625,75.13999938964844,74.75,1688800.0,61.85491943359375,PSX
2013-12-30,75.5999984741211,74.69000244140625,75.01000213623047,74.72000122070312,2252200.0,61.830101013183594,PSX
2013-12-31,77.29000091552734,75.18000030517578,75.2699966430664,77.12999725341797,2993900.0,63.824363708496094,PSX
2014-01-02,77.31999969482422,76.36000061035156,77.16999816894531,76.44999694824219,2846700.0,63.26166534423828,PSX
2014-01-03,76.98999786376953,76.1500015258789,76.36000061035156,76.29000091552734,1958200.0,63.129241943359375,PSX
2014-01-06,77.48999786376953,76.4000015258789,76.51000213623047,77.01000213623047,2815600.0,63.725059509277344,PSX
2014-01-07,77.83000183105469,76.66999816894531,77.06999969482422,77.0199966430664,4005700.0,63.733341217041016,PSX
2014-01-08,77.41000366210938,76.1500015258789,77.25,76.87000274658203,4492200.0,63.60920715332031,PSX
2014-01-09,78.25,76.87999725341797,77.01000213623047,78.12999725341797,4187400.0,64.65185546875,PSX
2014-01-10,79.0,77.23999786376953,78.38999938964844,78.0,3019900.0,64.54427337646484,PSX
2014-01-13,78.19999694824219,75.48999786376953,78.19999694824219,75.80999755859375,3046300.0,62.7320442199707,PSX
2014-01-14,76.70999908447266,75.80000305175781,76.1500015258789,76.48999786376953,3359100.0,63.29475021362305,PSX
2014-01-15,76.52999877929688,74.75,76.5,75.54000091552734,3697800.0,62.50863265991211,PSX
2014-01-16,75.7300033569336,74.66999816894531,75.30999755859375,75.38999938964844,3231900.0,62.38451385498047,PSX
2014-01-17,76.62000274658203,74.8499984741211,74.87000274658203,76.0199966430664,3901600.0,62.905845642089844,PSX
2014-01-21,77.4000015258789,76.02999877929688,76.02999877929688,76.9000015258789,2792000.0,63.63401412963867,PSX
2014-01-22,77.5999984741211,76.08999633789062,77.30000305175781,77.0999984741211,2748300.0,63.799530029296875,PSX
2014-01-23,78.0999984741211,76.04000091552734,77.5199966430664,77.19999694824219,4105600.0,63.88227081298828,PSX
2014-01-24,76.3499984741211,73.5999984741211,76.22000122070312,74.44000244140625,4712700.0,61.59840774536133,PSX
2014-01-27,75.69999694824219,73.77999877929688,74.56999969482422,74.9000015258789,3408300.0,61.979061126708984,PSX
2014-01-28,75.45999908447266,73.91999816894531,73.91999816894531,75.08000183105469,2792000.0,62.12799072265625,PSX
2014-01-29,76.9000015258789,70.80999755859375,74.02999877929688,74.18000030517578,5942000.0,61.38325119018555,PSX
2014-01-30,74.97000122070312,73.37000274658203,74.44000244140625,73.55999755859375,4595300.0,60.87020492553711,PSX
2014-01-31,74.58000183105469,72.75,73.0999984741211,73.08999633789062,5799800.0,60.48130416870117,PSX
2014-02-03,73.58000183105469,71.13999938964844,73.12000274658203,71.36000061035156,5620300.0,59.04973220825195,PSX
2014-02-04,71.75,68.77999877929688,71.51000213623047,71.13999938964844,4647500.0,58.86769104003906,PSX
2014-02-05,71.55000305175781,69.11000061035156,70.75,70.66999816894531,6071000.0,58.4787712097168,PSX
2014-02-06,73.62000274658203,70.88999938964844,71.30000305175781,73.30000305175781,5388900.0,60.655067443847656,PSX
2014-02-07,74.43000030517578,72.91000366210938,73.69999694824219,74.27999877929688,3310400.0,61.465999603271484,PSX
2014-02-10,74.69000244140625,72.02999877929688,74.3499984741211,72.2699966430664,3743600.0,59.802730560302734,PSX
2014-02-11,74.26000213623047,72.23999786376953,72.30000305175781,74.08999633789062,3711500.0,61.308780670166016,PSX
2014-02-12,74.5999984741211,73.36000061035156,74.16999816894531,73.63999938964844,3045200.0,60.93641662597656,PSX
2014-02-13,74.91999816894531,72.62999725341797,72.75,74.6500015258789,3234400.0,62.101070404052734,PSX
2014-02-14,75.9800033569336,74.26000213623047,74.47000122070312,75.93000030517578,2408700.0,63.165897369384766,PSX
2014-02-18,76.98999786376953,75.2699966430664,76.20999908447266,75.37999725341797,2813700.0,62.70835876464844,PSX
2014-02-19,76.94999694824219,75.0199966430664,75.22000122070312,75.2699966430664,3700300.0,62.61683654785156,PSX
2014-02-20,75.76000213623047,74.75,75.0199966430664,75.29000091552734,3164800.0,62.63346862792969,PSX
2014-02-21,75.69000244140625,74.80999755859375,75.08000183105469,74.94999694824219,3210500.0,62.35063934326172,PSX
2014-02-24,77.7699966430664,75.01000213623047,75.01000213623047,76.25,3631400.0,63.432106018066406,PSX
2014-02-25,78.30999755859375,75.9000015258789,76.2300033569336,77.52999877929688,4201700.0,64.4969253540039,PSX
2014-02-26,77.93000030517578,76.44999694824219,77.44000244140625,76.76000213623047,3384100.0,63.85637664794922,PSX
2014-02-27,76.80000305175781,74.33000183105469,76.4800033569336,74.73999786376953,5635900.0,62.175933837890625,PSX
2014-02-28,78.88999938964844,74.37999725341797,74.77999877929688,74.86000061035156,4209000.0,62.2757682800293,PSX
2014-03-03,75.7699966430664,74.37000274658203,74.6500015258789,74.86000061035156,2672200.0,62.2757682800293,PSX
2014-03-04,76.19999694824219,74.9000015258789,75.55000305175781,76.08000183105469,2380300.0,63.290653228759766,PSX
2014-03-05,76.93000030517578,75.44999694824219,75.80000305175781,76.80999755859375,2815300.0,63.897972106933594,PSX
2014-03-06,78.79000091552734,76.94999694824219,76.9800033569336,78.13999938964844,3699300.0,65.00437927246094,PSX
2014-03-07,78.77999877929688,77.3499984741211,78.5,78.08000183105469,2243500.0,64.9544677734375,PSX
2014-03-10,79.19999694824219,77.81999969482422,78.0,78.66000366210938,2371900.0,65.43697357177734,PSX
2014-03-11,79.37999725341797,78.01000213623047,78.62999725341797,79.08000183105469,3068100.0,65.786376953125,PSX
2014-03-12,80.29000091552734,79.05999755859375,79.08999633789062,80.0,3437700.0,66.55170440673828,PSX
2014-03-13,80.38999938964844,77.72000122070312,80.06999969482422,78.13999938964844,3439100.0,65.00437927246094,PSX
2014-03-14,79.41000366210938,78.0,78.02999877929688,78.69000244140625,2751000.0,65.46194458007812,PSX
2014-03-17,79.72000122070312,78.73999786376953,78.86000061035156,79.3499984741211,2640700.0,66.01097106933594,PSX
2014-03-18,80.36000061035156,78.91000366210938,79.31999969482422,80.3499984741211,3002000.0,66.8428726196289,PSX
2014-03-19,80.25,77.91999816894531,80.23999786376953,78.43000030517578,2894800.0,65.2456283569336,PSX
2014-03-20,78.95999908447266,77.52999877929688,78.06999969482422,78.5,3108200.0,65.30386352539062,PSX
2014-03-21,80.12000274658203,77.81999969482422,80.12000274658203,77.94999694824219,4624400.0,64.84632873535156,PSX
2014-03-24,78.69999694824219,77.0199966430664,78.37000274658203,77.41999816894531,3287000.0,64.4054183959961,PSX
2014-03-25,78.73999786376953,77.23999786376953,77.23999786376953,78.19999694824219,3040600.0,65.05430603027344,PSX
2014-03-26,78.80000305175781,76.91999816894531,78.47000122070312,77.20999908447266,2657000.0,64.23072052001953,PSX
2014-03-27,77.66999816894531,76.7300033569336,77.29000091552734,76.86000061035156,3430600.0,63.939552307128906,PSX
2014-03-28,77.4000015258789,76.51000213623047,77.0,76.6500015258789,3014100.0,63.76486587524414,PSX
2014-03-31,77.55999755859375,76.87000274658203,77.30000305175781,77.05999755859375,3071500.0,64.10594177246094,PSX
2014-04-01,79.63999938964844,76.93000030517578,77.22000122070312,79.58000183105469,4031200.0,66.20230865478516,PSX
2014-04-02,79.5,77.88999938964844,79.16999816894531,79.23999786376953,3083000.0,65.9194564819336,PSX
2014-04-03,80.91000366210938,79.66999816894531,79.66999816894531,80.5999984741211,3319400.0,67.05086517333984,PSX
2014-04-04,81.43000030517578,79.1500015258789,81.01000213623047,79.56999969482422,3315400.0,66.19398498535156,PSX
2014-04-07,79.94999694824219,77.87999725341797,79.0999984741211,77.94999694824219,3224400.0,64.84632873535156,PSX
2014-04-08,78.66999816894531,77.01000213623047,78.05999755859375,77.55999755859375,3338900.0,64.52186584472656,PSX
2014-04-09,78.70999908447266,77.2300033569336,78.02999877929688,78.33000183105469,2515700.0,65.16246032714844,PSX
2014-04-10,79.37999725341797,76.66999816894531,78.2699966430664,76.69000244140625,3875400.0,63.798133850097656,PSX
2014-04-11,78.05999755859375,76.18000030517578,76.62999725341797,76.75,5550200.0,63.84804916381836,PSX
2014-04-14,78.02999877929688,76.63999938964844,77.11000061035156,78.01000213623047,2673900.0,64.896240234375,PSX
2014-04-15,78.70999908447266,76.73999786376953,77.76000213623047,78.68000030517578,3647700.0,65.45359802246094,PSX
2014-04-16,81.1500015258789,78.62999725341797,79.41999816894531,81.11000061035156,3800900.0,67.47512817382812,PSX
2014-04-17,81.3499984741211,80.0,80.66999816894531,80.27999877929688,4512100.0,66.78462982177734,PSX
2014-04-21,82.1500015258789,80.19000244140625,80.36000061035156,81.81999969482422,2938800.0,68.06575012207031,PSX
2014-04-22,82.47000122070312,80.7300033569336,81.33000183105469,81.9800033569336,2987200.0,68.19888305664062,PSX
2014-04-23,82.94999694824219,81.5,81.8499984741211,82.30000305175781,2077200.0,68.46507263183594,PSX
2014-04-24,83.05000305175781,81.76000213623047,82.5999984741211,82.56999969482422,2592200.0,68.689697265625,PSX
2014-04-25,83.0999984741211,82.02999877929688,82.52999877929688,82.58999633789062,2544900.0,68.70633697509766,PSX
2014-04-28,84.4000015258789,81.87000274658203,82.88999938964844,84.05000305175781,3864300.0,69.92088317871094,PSX
2014-04-29,84.8499984741211,83.33999633789062,84.52999877929688,83.75,2732500.0,69.67131805419922,PSX
2014-04-30,84.5,83.11000061035156,83.91000366210938,83.22000122070312,2860200.0,69.23041534423828,PSX
2014-05-01,84.66999816894531,83.08999633789062,83.2699966430664,84.05000305175781,2602300.0,69.92088317871094,PSX
2014-05-02,84.55000305175781,83.43000030517578,83.98999786376953,83.52999877929688,2095700.0,69.4883041381836,PSX
2014-05-05,83.98999786376953,82.6500015258789,83.13999938964844,83.93000030517578,2101300.0,69.82107543945312,PSX
2014-05-06,85.41999816894531,83.66000366210938,84.12999725341797,84.26000213623047,2669000.0,70.0955810546875,PSX
2014-05-07,85.25,83.47000122070312,84.66999816894531,85.02999877929688,2584100.0,70.73615264892578,PSX
2014-05-08,84.75,82.48999786376953,84.20999908447266,82.91999816894531,3057500.0,68.9808578491211,PSX
2014-05-09,83.19000244140625,80.81999969482422,82.72000122070312,81.91000366210938,3687700.0,68.140625,PSX
2014-05-12,84.08000183105469,82.55999755859375,82.63999938964844,83.54000091552734,3181100.0,69.49662017822266,PSX
2014-05-13,84.73999786376953,83.47000122070312,83.77999877929688,84.26000213623047,2566700.0,70.0955810546875,PSX
2014-05-14,84.68000030517578,82.95999908447266,84.05999755859375,83.55999755859375,3143600.0,69.51325225830078,PSX
2014-05-15,83.01000213623047,81.29000091552734,83.01000213623047,82.01000213623047,11581500.0,68.63450622558594,PSX
2014-05-16,82.37000274658203,81.2300033569336,81.8499984741211,81.86000061035156,2305200.0,68.50897216796875,PSX
2014-05-19,83.0999984741211,81.86000061035156,81.98999786376953,82.7300033569336,2907900.0,69.23709106445312,PSX
2014-05-20,83.23999786376953,81.86000061035156,82.44999694824219,81.97000122070312,2316600.0,68.60102844238281,PSX
2014-05-21,82.62000274658203,80.9000015258789,82.23999786376953,81.58999633789062,6323700.0,68.28302001953125,PSX
2014-05-22,82.86000061035156,81.58999633789062,81.69000244140625,82.37999725341797,2433300.0,68.94416046142578,PSX
2014-05-23,82.70999908447266,82.02999877929688,82.3499984741211,82.02999877929688,2540600.0,68.65122985839844,PSX
2014-05-27,82.41000366210938,81.45999908447266,82.26000213623047,82.18000030517578,3004300.0,68.77679443359375,PSX
2014-05-28,83.44999694824219,82.04000091552734,82.05000305175781,82.98999786376953,3488700.0,69.45468139648438,PSX
2014-05-29,84.41000366210938,82.81999969482422,83.23999786376953,84.31999969482422,2451600.0,70.56776428222656,PSX
2014-05-30,85.12000274658203,84.16999816894531,84.36000061035156,84.79000091552734,4139400.0,70.96110534667969,PSX
2014-06-02,85.44999694824219,84.41000366210938,84.98999786376953,85.23999786376953,2520000.0,71.33771514892578,PSX
2014-06-03,85.18000030517578,84.37999725341797,84.88999938964844,84.54000091552734,2335700.0,70.75188446044922,PSX
2014-06-04,84.66000366210938,83.55000305175781,84.05999755859375,83.69999694824219,2449600.0,70.04886627197266,PSX
2014-06-05,84.63999938964844,83.41999816894531,84.06999969482422,83.5199966430664,3736300.0,69.89822387695312,PSX
2014-06-06,84.5999984741211,83.55000305175781,83.94999694824219,84.36000061035156,2492800.0,70.60125732421875,PSX
2014-06-09,84.51000213623047,83.33999633789062,84.18000030517578,83.7300033569336,2308600.0,70.07398223876953,PSX
2014-06-10,83.9000015258789,82.44000244140625,83.5999984741211,82.83000183105469,2394900.0,69.3207778930664,PSX
2014-06-11,83.16000366210938,82.19000244140625,82.36000061035156,82.88999938964844,2355300.0,69.37098693847656,PSX
2014-06-12,83.70999908447266,82.43000030517578,83.37000274658203,82.80000305175781,2879000.0,69.2956771850586,PSX
2014-06-13,83.56999969482422,82.4000015258789,82.80000305175781,83.48999786376953,4330000.0,69.87313079833984,PSX
2014-06-16,83.6500015258789,82.94000244140625,83.5199966430664,83.44000244140625,2279700.0,69.83126831054688,PSX
2014-06-17,84.0999984741211,82.5,83.01000213623047,84.06999969482422,2965900.0,70.3585433959961,PSX
2014-06-18,84.55000305175781,82.93000030517578,83.87999725341797,84.5,2617000.0,70.71839141845703,PSX
2014-06-19,85.54000091552734,84.62000274658203,84.70999908447266,85.26000213623047,2950200.0,71.35443878173828,PSX
2014-06-20,86.27999877929688,85.25,85.58999633789062,85.94000244140625,7281900.0,71.92354583740234,PSX
2014-06-23,86.81999969482422,85.91999816894531,86.25,86.33000183105469,2316700.0,72.24995422363281,PSX
2014-06-24,87.05000305175781,84.66999816894531,86.0199966430664,84.94000244140625,2801900.0,71.08663940429688,PSX
2014-06-25,82.66000366210938,79.16000366210938,80.94999694824219,81.36000061035156,10144700.0,68.09051513671875,PSX
2014-06-26,82.45999908447266,81.08999633789062,81.91999816894531,82.0999984741211,5304200.0,68.7098388671875,PSX
2014-06-27,82.06999969482422,81.0199966430664,81.68000030517578,81.48999786376953,5490200.0,68.1993179321289,PSX
2014-06-30,81.19000244140625,80.05000305175781,81.05999755859375,80.43000030517578,3392600.0,67.31220245361328,PSX
2014-07-01,80.83000183105469,79.94000244140625,80.5999984741211,80.5999984741211,3127100.0,67.4544906616211,PSX
2014-07-02,81.51000213623047,80.5999984741211,80.63999938964844,81.0,2437000.0,67.78924560546875,PSX
2014-07-03,81.94999694824219,81.0,81.19999694824219,81.5,1712300.0,68.20769500732422,PSX
2014-07-07,81.44000244140625,79.94000244140625,81.33000183105469,80.5,2226500.0,67.37078857421875,PSX
2014-07-08,80.52999877929688,79.02999877929688,80.30999755859375,79.27999877929688,3010600.0,66.3497543334961,PSX
2014-07-09,80.19000244140625,78.52999877929688,79.66000366210938,79.80999755859375,3278400.0,66.7933120727539,PSX
2014-07-10,80.08999633789062,78.69000244140625,78.72000122070312,79.7300033569336,2722600.0,66.72639465332031,PSX
2014-07-11,80.55000305175781,79.51000213623047,79.55000305175781,80.29000091552734,2235200.0,67.1950454711914,PSX
2014-07-14,80.9000015258789,79.62999725341797,80.87999725341797,79.94999694824219,8384700.0,66.91049194335938,PSX
2014-07-15,81.5,79.41999816894531,79.73999786376953,81.12000274658203,8653600.0,67.8896713256836,PSX
2014-07-16,81.87000274658203,80.41000366210938,81.20999908447266,80.83999633789062,2888000.0,67.65533447265625,PSX
2014-07-17,80.9800033569336,79.4000015258789,80.4000015258789,79.54000091552734,2370200.0,66.56735229492188,PSX
2014-07-18,81.04000091552734,79.44999694824219,79.91000366210938,80.86000061035156,3127200.0,67.67206573486328,PSX
2014-07-21,80.80000305175781,80.0,80.4000015258789,80.16000366210938,2102800.0,67.08623504638672,PSX
2014-07-22,81.1500015258789,80.23999786376953,80.73999786376953,80.5,2733900.0,67.37078857421875,PSX
2014-07-23,81.7300033569336,80.44999694824219,80.55000305175781,81.2699966430664,2118400.0,68.01519012451172,PSX
2014-07-24,82.83000183105469,81.30000305175781,81.7300033569336,82.0999984741211,3517400.0,68.7098388671875,PSX
2014-07-25,82.87000274658203,81.83000183105469,82.13999938964844,82.6500015258789,2064000.0,69.17012023925781,PSX
2014-07-28,83.0,81.66000366210938,83.0,82.61000061035156,2359500.0,69.13666534423828,PSX
2014-07-29,83.25,82.47000122070312,82.91999816894531,82.47000122070312,3163300.0,69.01949310302734,PSX
2014-07-30,83.41000366210938,81.30999755859375,82.19000244140625,81.72000122070312,2664700.0,68.39179229736328,PSX
2014-07-31,82.51000213623047,80.55999755859375,81.13999938964844,81.11000061035156,3120000.0,67.88130950927734,PSX
2014-08-01,81.01000213623047,79.25,80.62000274658203,80.54000091552734,4488000.0,67.4042739868164,PSX
2014-08-04,82.04000091552734,80.23999786376953,80.80999755859375,81.87999725341797,2934400.0,68.52571868896484,PSX
2014-08-05,81.6500015258789,80.58000183105469,81.44000244140625,81.01000213623047,2735500.0,67.79759979248047,PSX
2014-08-06,82.9000015258789,80.75,80.75,82.27999877929688,2730200.0,68.8604736328125,PSX
2014-08-07,83.02999877929688,81.16999816894531,82.5,81.5199966430664,2532100.0,68.22444915771484,PSX
2014-08-08,83.16999816894531,81.30999755859375,82.0,83.05000305175781,2290400.0,69.50489807128906,PSX
2014-08-11,83.8499984741211,82.30000305175781,83.51000213623047,82.38999938964844,2293700.0,68.95252990722656,PSX
2014-08-12,82.93000030517578,82.13999938964844,82.58000183105469,82.55999755859375,2113300.0,69.09480285644531,PSX
2014-08-13,82.87999725341797,81.97000122070312,82.55999755859375,82.77999877929688,2411200.0,69.70104217529297,PSX
2014-08-14,83.91000366210938,82.55000305175781,82.94999694824219,83.69000244140625,2849900.0,70.46726989746094,PSX
2014-08-15,84.37000274658203,83.5,83.8499984741211,83.79000091552734,4763500.0,70.55148315429688,PSX
2014-08-18,86.08000183105469,84.2699966430664,84.2699966430664,85.61000061035156,3347700.0,72.08393096923828,PSX
2014-08-19,86.4000015258789,85.33999633789062,85.61000061035156,86.08999633789062,2676900.0,72.48808288574219,PSX
2014-08-20,86.79000091552734,85.6500015258789,85.98999786376953,86.5999984741211,2128300.0,72.9175033569336,PSX
2014-08-21,86.72000122070312,86.01000213623047,86.69999694824219,86.23999786376953,1767600.0,72.61437225341797,PSX
2014-08-22,86.27999877929688,85.47000122070312,86.05000305175781,86.08999633789062,1633900.0,72.48808288574219,PSX
2014-08-25,87.0999984741211,86.12000274658203,86.37999725341797,86.9000015258789,1903500.0,73.17011260986328,PSX
2014-08-26,87.0999984741211,86.26000213623047,86.87000274658203,86.66999816894531,1869300.0,72.97643280029297,PSX
2014-08-27,87.0,86.02999877929688,86.69999694824219,86.44000244140625,1824500.0,72.78277587890625,PSX
2014-08-28,86.91999816894531,85.81999969482422,86.02999877929688,86.61000061035156,1188200.0,72.9259262084961,PSX
2014-08-29,87.1500015258789,86.44999694824219,86.58000183105469,87.0199966430664,2150300.0,73.27115631103516,PSX
2014-09-02,87.19999694824219,86.0199966430664,86.91000366210938,86.94999694824219,2376000.0,73.21219635009766,PSX
2014-09-03,87.9800033569336,86.80000305175781,87.19999694824219,87.23999786376953,2881000.0,73.45639038085938,PSX
2014-09-04,87.87000274658203,86.54000091552734,87.22000122070312,86.87999725341797,3332000.0,73.15325927734375,PSX
2014-09-05,87.66000366210938,86.05999755859375,86.94000244140625,87.51000213623047,2236800.0,73.68374633789062,PSX
2014-09-08,87.5999984741211,87.0199966430664,87.44999694824219,87.05999755859375,2060200.0,73.30484008789062,PSX
2014-09-09,87.54000091552734,85.94999694824219,87.0,86.47000122070312,2486700.0,72.80805206298828,PSX
2014-09-10,86.41000366210938,83.9000015258789,86.12999725341797,85.13999938964844,4590100.0,71.68817138671875,PSX
2014-09-11,85.11000061035156,83.56999969482422,84.58000183105469,84.01000213623047,3313500.0,70.73670959472656,PSX
2014-09-12,84.23999786376953,82.55000305175781,83.87999725341797,83.0199966430664,2782700.0,69.90312194824219,PSX
2014-09-15,84.0199966430664,82.69000244140625,83.04000091552734,83.9000015258789,2412600.0,70.64410400390625,PSX
2014-09-16,86.68000030517578,83.5,83.77999877929688,85.77999877929688,5220300.0,72.2270736694336,PSX
2014-09-17,86.37999725341797,85.29000091552734,85.94000244140625,85.69000244140625,4135200.0,72.15128326416016,PSX
2014-09-18,86.38999938964844,85.37000274658203,85.70999908447266,85.88999938964844,3497400.0,72.3197021484375,PSX
2014-09-19,86.37999725341797,85.58000183105469,86.04000091552734,85.75,3614200.0,72.20179748535156,PSX
2014-09-22,85.52999877929688,83.69000244140625,85.5,83.83999633789062,2576400.0,70.59358978271484,PSX
2014-09-23,84.8499984741211,83.13999938964844,83.8499984741211,83.26000213623047,2168700.0,70.10521697998047,PSX
2014-09-24,83.33999633789062,81.61000061035156,82.94999694824219,82.69000244140625,2514100.0,69.62527465820312,PSX
2014-09-25,82.83000183105469,81.73999786376953,82.83000183105469,81.73999786376953,2420500.0,68.82537841796875,PSX
2014-09-26,82.5199966430664,81.5999984741211,81.5999984741211,82.2300033569336,3274500.0,69.23794555664062,PSX
2014-09-29,82.30000305175781,81.08000183105469,81.37000274658203,81.7699966430664,2073500.0,68.85063171386719,PSX
2014-09-30,81.87999725341797,80.68000030517578,81.5,81.30999755859375,5197200.0,68.46331024169922,PSX
2014-10-01,82.0,79.55999755859375,81.30999755859375,79.62999725341797,4192300.0,67.04874420166016,PSX
2014-10-02,79.38999938964844,75.94000244140625,79.18000030517578,77.76000213623047,8948800.0,65.47420501708984,PSX
2014-10-03,78.27999877929688,77.04000091552734,78.2300033569336,77.63999938964844,4846200.0,65.37317657470703,PSX
2014-10-06,78.12000274658203,76.69999694824219,77.69999694824219,77.3499984741211,2580100.0,65.12897491455078,PSX
2014-10-07,78.80000305175781,77.1500015258789,77.58999633789062,77.3499984741211,3654200.0,65.12897491455078,PSX
2014-10-08,79.20999908447266,76.5199966430664,77.83000183105469,79.16000366210938,4384500.0,66.65301513671875,PSX
2014-10-09,79.37000274658203,76.55999755859375,78.97000122070312,76.61000061035156,3570400.0,64.50588989257812,PSX
2014-10-10,77.7300033569336,74.80999755859375,76.75,76.31999969482422,4702000.0,64.26170349121094,PSX
2014-10-13,77.13999938964844,72.8499984741211,75.9800033569336,73.05000305175781,5176000.0,61.508365631103516,PSX
2014-10-14,74.16000366210938,70.11000061035156,73.5199966430664,70.58999633789062,9368900.0,59.43703842163086,PSX
2014-10-15,70.86000061035156,66.23999786376953,69.81999969482422,67.88999938964844,11400000.0,57.16362380981445,PSX
2014-10-16,70.5199966430664,66.12000274658203,67.45999908447266,69.70999908447266,8930400.0,58.696067810058594,PSX
2014-10-17,73.1500015258789,70.19000244140625,70.69000244140625,72.20999908447266,8218500.0,60.80107116699219,PSX
2014-10-20,72.9000015258789,71.66000366210938,71.76000213623047,72.3499984741211,3495500.0,60.9189453125,PSX
2014-10-21,77.08000183105469,72.93000030517578,74.3499984741211,76.80999755859375,6745200.0,64.6742935180664,PSX
2014-10-22,77.55000305175781,75.3499984741211,76.75,75.38999938964844,5186800.0,63.4786376953125,PSX
2014-10-23,77.06999969482422,75.95999908447266,76.41999816894531,76.12000274658203,3218500.0,64.09330749511719,PSX
2014-10-24,76.56999969482422,74.8499984741211,76.1500015258789,76.48999786376953,2924800.0,64.40485382080078,PSX
2014-10-27,76.11000061035156,74.52999877929688,75.6500015258789,75.4800033569336,4295500.0,63.55442428588867,PSX
2014-10-28,77.72000122070312,75.16999816894531,75.8499984741211,77.52999877929688,7580200.0,65.28052520751953,PSX
2014-10-29,78.97000122070312,75.61000061035156,78.55999755859375,76.38999938964844,4319500.0,64.32064056396484,PSX
2014-10-30,77.56999969482422,75.62999725341797,76.3499984741211,77.4000015258789,3747000.0,65.17107391357422,PSX
2014-10-31,78.76000213623047,76.6500015258789,77.69999694824219,78.5,3848500.0,66.0972671508789,PSX
2014-11-03,78.8499984741211,76.37999725341797,78.45999908447266,76.68000030517578,5523700.0,64.56482696533203,PSX
2014-11-04,76.44000244140625,73.4800033569336,76.0199966430664,74.48999786376953,6013000.0,62.72085952758789,PSX
2014-11-05,76.37000274658203,73.68000030517578,74.9000015258789,74.73999786376953,5429500.0,62.93133544921875,PSX
2014-11-06,75.63999938964844,74.31999969482422,75.18000030517578,75.41999816894531,4054400.0,63.50388717651367,PSX
2014-11-07,75.58999633789062,74.27999877929688,75.30000305175781,74.69999694824219,5464000.0,62.897666931152344,PSX
2014-11-10,75.5999984741211,74.37999725341797,75.0,74.5,3332200.0,62.729251861572266,PSX
2014-11-11,75.1500015258789,73.2300033569336,74.88999938964844,73.63999938964844,3976000.0,62.005149841308594,PSX
2014-11-12,74.20999908447266,72.8499984741211,72.97000122070312,73.04000091552734,3703800.0,61.92036437988281,PSX
2014-11-13,72.72000122070312,70.22000122070312,72.62999725341797,70.83000183105469,5418400.0,60.04681396484375,PSX
2014-11-14,71.83999633789062,70.80000305175781,70.94000244140625,71.77999877929688,7638900.0,60.8521842956543,PSX
2014-11-17,73.12000274658203,71.79000091552734,71.79000091552734,72.77999877929688,4327600.0,61.6999397277832,PSX
2014-11-18,74.54000091552734,72.81999969482422,73.1500015258789,73.95999908447266,4730000.0,62.7003059387207,PSX
2014-11-19,76.08000183105469,73.79000091552734,74.13999938964844,75.7699966430664,4721100.0,64.2347640991211,PSX
2014-11-20,77.98999786376953,75.5,75.5199966430664,77.83000183105469,4789900.0,65.98114776611328,PSX
2014-11-21,80.31999969482422,78.22000122070312,79.01000213623047,79.41999816894531,5331200.0,67.32907104492188,PSX
2014-11-24,79.9000015258789,79.05999755859375,79.12999725341797,79.41999816894531,2976700.0,67.32907104492188,PSX
2014-11-25,80.16999816894531,79.0199966430664,79.76000213623047,79.54000091552734,3458700.0,67.4308090209961,PSX
2014-11-26,79.6500015258789,78.69999694824219,79.56999969482422,79.27999877929688,4383900.0,67.21039581298828,PSX
2014-11-28,78.5999984741211,72.76000213623047,78.41000366210938,73.0199966430664,5301900.0,61.90339660644531,PSX
2014-12-01,73.7300033569336,71.06999969482422,73.0,71.86000061035156,7524300.0,60.92000961303711,PSX
2014-12-02,74.29000091552734,71.75,71.75,73.76000213623047,5166700.0,62.5307502746582,PSX
2014-12-03,75.26000213623047,73.79000091552734,73.80999755859375,74.83000183105469,3270600.0,63.4378547668457,PSX
2014-12-04,75.23999786376953,73.62000274658203,74.33000183105469,74.97000122070312,3904000.0,63.5565299987793,PSX
2014-12-05,75.19000244140625,72.91999816894531,74.81999969482422,73.0199966430664,4252400.0,61.90339660644531,PSX
2014-12-08,72.62999725341797,68.70999908447266,72.2300033569336,68.93000030517578,6709000.0,58.43608093261719,PSX
2014-12-09,69.12999725341797,67.55999755859375,68.55999755859375,68.80999755859375,5270200.0,58.33433532714844,PSX
2014-12-10,68.3499984741211,66.41999816894531,67.62999725341797,67.11000061035156,5589700.0,56.89315414428711,PSX
2014-12-11,68.12000274658203,66.62000274658203,67.11000061035156,66.81999969482422,4743700.0,56.64729309082031,PSX
2014-12-12,67.12000274658203,65.30999755859375,66.30000305175781,65.68000030517578,4427800.0,55.68085479736328,PSX
2014-12-15,67.41999816894531,64.87000274658203,66.6500015258789,65.08999633789062,9156000.0,55.18067169189453,PSX
2014-12-16,68.62999725341797,64.0199966430664,64.5999984741211,67.04000091552734,6209400.0,56.83380126953125,PSX
2014-12-17,69.1500015258789,66.62000274658203,66.77999877929688,68.36000061035156,4530100.0,57.95286178588867,PSX
2014-12-18,70.30000305175781,66.83000183105469,69.9000015258789,69.02999877929688,5258500.0,58.52083969116211,PSX
2014-12-19,71.88999938964844,69.08000183105469,69.5999984741211,71.80999755859375,6677000.0,60.87761688232422,PSX
2014-12-22,71.6500015258789,70.30000305175781,71.05999755859375,71.2300033569336,3540100.0,60.38593673706055,PSX
2014-12-23,72.7300033569336,71.30000305175781,71.48999786376953,72.55999755859375,3717500.0,61.51344680786133,PSX
2014-12-24,72.58999633789062,71.30999755859375,72.0999984741211,72.0999984741211,2090100.0,61.12348175048828,PSX
2014-12-26,73.33999633789062,72.0999984741211,72.33999633789062,72.6500015258789,1842900.0,61.58973693847656,PSX
2014-12-29,73.37000274658203,72.0999984741211,73.01000213623047,72.81999969482422,2980000.0,61.733856201171875,PSX
2014-12-30,73.61000061035156,72.19000244140625,72.80000305175781,72.91999816894531,3144000.0,61.818634033203125,PSX
2014-12-31,73.02999877929688,71.66000366210938,72.69999694824219,71.69999694824219,2565400.0,60.78435134887695,PSX
